{
  "meta": {
    "T": 100
  },
  "by_t": {
    "0": {
      "count": 128,
      "l1": 0.03685177303850651,
      "l2": 0.06040788348764181,
      "cosine": 0.9921969771385193
    },
    "1": {
      "count": 128,
      "l1": 0.03690538369119167,
      "l2": 0.060484965331852436,
      "cosine": 0.9921738654375076
    },
    "2": {
      "count": 128,
      "l1": 0.0369476368650794,
      "l2": 0.06058473326265812,
      "cosine": 0.9921391010284424
    },
    "3": {
      "count": 128,
      "l1": 0.03697831742465496,
      "l2": 0.06067825108766556,
      "cosine": 0.992104172706604
    },
    "4": {
      "count": 128,
      "l1": 0.036993139423429966,
      "l2": 0.06075091380625963,
      "cosine": 0.9920735210180283
    },
    "5": {
      "count": 128,
      "l1": 0.03701186832040548,
      "l2": 0.06081552151590586,
      "cosine": 0.992044523358345
    },
    "6": {
      "count": 128,
      "l1": 0.03705123532563448,
      "l2": 0.06087739020586014,
      "cosine": 0.992016926407814
    },
    "7": {
      "count": 128,
      "l1": 0.03703036159276962,
      "l2": 0.0608942024409771,
      "cosine": 0.9920005351305008
    },
    "8": {
      "count": 128,
      "l1": 0.037088715471327305,
      "l2": 0.06093223672360182,
      "cosine": 0.9919792860746384
    },
    "9": {
      "count": 128,
      "l1": 0.0370495580136776,
      "l2": 0.06090468820184469,
      "cosine": 0.9919745028018951
    },
    "10": {
      "count": 128,
      "l1": 0.03690590336918831,
      "l2": 0.060792203061282635,
      "cosine": 0.9919898808002472
    },
    "11": {
      "count": 128,
      "l1": 0.03689540829509497,
      "l2": 0.06075452733784914,
      "cosine": 0.9919884651899338
    },
    "12": {
      "count": 128,
      "l1": 0.03676475025713444,
      "l2": 0.06063997186720371,
      "cosine": 0.9920064508914948
    },
    "13": {
      "count": 128,
      "l1": 0.03682003542780876,
      "l2": 0.060610082000494,
      "cosine": 0.9920038431882858
    },
    "14": {
      "count": 128,
      "l1": 0.03668159618973732,
      "l2": 0.0604588882997632,
      "cosine": 0.9920312166213989
    },
    "15": {
      "count": 128,
      "l1": 0.036847627721726894,
      "l2": 0.06045862101018429,
      "cosine": 0.9920213222503662
    },
    "16": {
      "count": 128,
      "l1": 0.03673012647777796,
      "l2": 0.06031097285449505,
      "cosine": 0.9920501261949539
    },
    "17": {
      "count": 128,
      "l1": 0.03668277431279421,
      "l2": 0.060170809738337994,
      "cosine": 0.9920760840177536
    },
    "18": {
      "count": 128,
      "l1": 0.036666883155703545,
      "l2": 0.060051714070141315,
      "cosine": 0.9920964390039444
    },
    "19": {
      "count": 128,
      "l1": 0.03653582651168108,
      "l2": 0.0598606513813138,
      "cosine": 0.9921342432498932
    },
    "20": {
      "count": 128,
      "l1": 0.036509755067527294,
      "l2": 0.059711395762860775,
      "cosine": 0.9921644777059555
    },
    "21": {
      "count": 128,
      "l1": 0.036284973844885826,
      "l2": 0.05944349989295006,
      "cosine": 0.9922228753566742
    },
    "22": {
      "count": 128,
      "l1": 0.03638015780597925,
      "l2": 0.05936448182910681,
      "cosine": 0.9922380596399307
    },
    "23": {
      "count": 128,
      "l1": 0.035861678421497345,
      "l2": 0.0588966179639101,
      "cosine": 0.9923413395881653
    },
    "24": {
      "count": 128,
      "l1": 0.035867972299456596,
      "l2": 0.05874857399612665,
      "cosine": 0.9923720061779022
    },
    "25": {
      "count": 128,
      "l1": 0.036059729754924774,
      "l2": 0.05867893993854523,
      "cosine": 0.9923880249261856
    },
    "26": {
      "count": 128,
      "l1": 0.03632953483611345,
      "l2": 0.05867022927850485,
      "cosine": 0.9923934638500214
    },
    "27": {
      "count": 128,
      "l1": 0.03575358726084232,
      "l2": 0.05818037036806345,
      "cosine": 0.9925014078617096
    },
    "28": {
      "count": 128,
      "l1": 0.035860249772667885,
      "l2": 0.058027283288538456,
      "cosine": 0.9925383180379868
    },
    "29": {
      "count": 128,
      "l1": 0.03619157336652279,
      "l2": 0.058031839318573475,
      "cosine": 0.9925447255373001
    },
    "30": {
      "count": 128,
      "l1": 0.03524837736040354,
      "l2": 0.05729731824249029,
      "cosine": 0.9927017688751221
    },
    "31": {
      "count": 128,
      "l1": 0.035955341532826424,
      "l2": 0.05750031769275665,
      "cosine": 0.9926775395870209
    },
    "32": {
      "count": 128,
      "l1": 0.03591453470289707,
      "l2": 0.057251185178756714,
      "cosine": 0.9927434772253036
    },
    "33": {
      "count": 128,
      "l1": 0.03557325527071953,
      "l2": 0.05689160991460085,
      "cosine": 0.9928178042173386
    },
    "34": {
      "count": 128,
      "l1": 0.03617589734494686,
      "l2": 0.05697758961468935,
      "cosine": 0.9928301125764847
    },
    "35": {
      "count": 128,
      "l1": 0.03600781224668026,
      "l2": 0.05667174234986305,
      "cosine": 0.9929046481847763
    },
    "36": {
      "count": 128,
      "l1": 0.03522201627492905,
      "l2": 0.05599189829081297,
      "cosine": 0.9930397123098373
    },
    "37": {
      "count": 128,
      "l1": 0.03579333331435919,
      "l2": 0.05608046613633633,
      "cosine": 0.9930468052625656
    },
    "38": {
      "count": 128,
      "l1": 0.03628919180482626,
      "l2": 0.056180620566010475,
      "cosine": 0.9930637031793594
    },
    "39": {
      "count": 128,
      "l1": 0.035812835209071636,
      "l2": 0.05561385490000248,
      "cosine": 0.9931778609752655
    },
    "40": {
      "count": 128,
      "l1": 0.03696094918996096,
      "l2": 0.056215763092041016,
      "cosine": 0.993121936917305
    },
    "41": {
      "count": 128,
      "l1": 0.036916542798280716,
      "l2": 0.05597779620438814,
      "cosine": 0.9931707084178925
    },
    "42": {
      "count": 128,
      "l1": 0.03582955431193113,
      "l2": 0.05498513672500849,
      "cosine": 0.9933663159608841
    },
    "43": {
      "count": 128,
      "l1": 0.03550833649933338,
      "l2": 0.054577793926000595,
      "cosine": 0.9934493750333786
    },
    "44": {
      "count": 128,
      "l1": 0.0358358146622777,
      "l2": 0.05457845889031887,
      "cosine": 0.9934595227241516
    },
    "45": {
      "count": 128,
      "l1": 0.03610559832304716,
      "l2": 0.05454264860600233,
      "cosine": 0.9934799671173096
    },
    "46": {
      "count": 128,
      "l1": 0.036056204698979855,
      "l2": 0.05432409141212702,
      "cosine": 0.9935134798288345
    },
    "47": {
      "count": 128,
      "l1": 0.036721489392220974,
      "l2": 0.05455033853650093,
      "cosine": 0.993548110127449
    },
    "48": {
      "count": 128,
      "l1": 0.03706419188529253,
      "l2": 0.054607958532869816,
      "cosine": 0.9935496747493744
    },
    "49": {
      "count": 128,
      "l1": 0.03631121851503849,
      "l2": 0.05391622707247734,
      "cosine": 0.9936271905899048
    },
    "50": {
      "count": 128,
      "l1": 0.03828420490026474,
      "l2": 0.05535541661083698,
      "cosine": 0.9933891147375107
    },
    "51": {
      "count": 128,
      "l1": 0.03697720728814602,
      "l2": 0.054107108153402805,
      "cosine": 0.993588000535965
    },
    "52": {
      "count": 128,
      "l1": 0.038040900602936745,
      "l2": 0.05485518369823694,
      "cosine": 0.9934492707252502
    },
    "53": {
      "count": 128,
      "l1": 0.03772005997598171,
      "l2": 0.054521890357136726,
      "cosine": 0.993454784154892
    },
    "54": {
      "count": 128,
      "l1": 0.03984006028622389,
      "l2": 0.05629462283104658,
      "cosine": 0.9930692911148071
    },
    "55": {
      "count": 128,
      "l1": 0.03811240568757057,
      "l2": 0.054630604572594166,
      "cosine": 0.9933771789073944
    },
    "56": {
      "count": 128,
      "l1": 0.036340015940368176,
      "l2": 0.05299555789679289,