{
  "meta": {
    "mode": "FF",
    "T": 100,
    "seed": 0,
    "num_images": 128,
    "hist_bins": 4096,
    "hist_min": -1.0,
    "hist_max": 1.0
  },
  "by_t": {
    "0": {
      "l1": 0.0024647212121635675,
      "l2": 0.0031492419075220823,
      "cosine": 0.9999804496765137,
      "count": 128
    },
    "1": {
      "l1": 0.0026665618643164635,
      "l2": 0.0036377436481416225,
      "cosine": 0.9999734163284302,
      "count": 128
    },
    "2": {
      "l1": 0.002422393299639225,
      "l2": 0.0034032687544822693,
      "cosine": 0.999976634979248,
      "count": 128
    },
    "3": {
      "l1": 0.0021761234384030104,
      "l2": 0.0031089740805327892,
      "cosine": 0.9999803900718689,
      "count": 128
    },
    "4": {
      "l1": 0.0020764637738466263,
      "l2": 0.002989227417856455,
      "cosine": 0.9999818205833435,
      "count": 128
    },
    "5": {
      "l1": 0.001986493356525898,
      "l2": 0.0028599624056369066,
      "cosine": 0.9999834299087524,
      "count": 128
    },
    "6": {
      "l1": 0.0017576112877577543,
      "l2": 0.0025646567810326815,
      "cosine": 0.9999865293502808,
      "count": 128
    },
    "7": {
      "l1": 0.0020033353939652443,
      "l2": 0.002849746495485306,
      "cosine": 0.9999834895133972,
      "count": 128
    },
    "8": {
      "l1": 0.0016679642722010612,
      "l2": 0.002451704815030098,
      "cosine": 0.9999876022338867,
      "count": 128
    },
    "9": {
      "l1": 0.0016489701811224222,
      "l2": 0.002373344264924526,
      "cosine": 0.9999884366989136,
      "count": 128
    },
    "10": {
      "l1": 0.0016101783839985728,
      "l2": 0.002353671472519636,
      "cosine": 0.9999885559082031,
      "count": 128
    },
    "11": {
      "l1": 0.0015388402389362454,
      "l2": 0.0022093572188168764,
      "cosine": 0.999989926815033,
      "count": 128
    },
    "12": {
      "l1": 0.001874843961559236,
      "l2": 0.0026324535720050335,
      "cosine": 0.9999858140945435,
      "count": 128
    },
    "13": {
      "l1": 0.0014679073356091976,
      "l2": 0.0021564937196671963,
      "cosine": 0.9999903440475464,
      "count": 128
    },
    "14": {
      "l1": 0.001989455195143819,
      "l2": 0.002724241930991411,
      "cosine": 0.9999854564666748,
      "count": 128
    },
    "15": {
      "l1": 0.0013636150397360325,
      "l2": 0.0020153014920651913,
      "cosine": 0.9999915361404419,
      "count": 128
    },
    "16": {
      "l1": 0.0014844031538814306,
      "l2": 0.002218784298747778,
      "cosine": 0.9999897480010986,
      "count": 128
    },
    "17": {
      "l1": 0.0013912630965933204,
      "l2": 0.002074258867651224,
      "cosine": 0.999991238117218,
      "count": 128
    },
    "18": {
      "l1": 0.0012903736205771565,
      "l2": 0.001943992916494608,
      "cosine": 0.9999921321868896,
      "count": 128
    },
    "19": {
      "l1": 0.0014705181820318103,
      "l2": 0.0021935799159109592,
      "cosine": 0.9999901056289673,
      "count": 128
    },
    "20": {
      "l1": 0.0014312674757093191,
      "l2": 0.002077902667224407,
      "cosine": 0.9999909996986389,
      "count": 128
    },
    "21": {
      "l1": 0.0015379632823169231,
      "l2": 0.002211076207458973,
      "cosine": 0.9999899864196777,
      "count": 128
    },
    "22": {
      "l1": 0.0020741475746035576,
      "l2": 0.002751555759459734,
      "cosine": 0.9999847412109375,
      "count": 128
    },
    "23": {
      "l1": 0.0013526047114282846,
      "l2": 0.0020114779472351074,
      "cosine": 0.9999920129776001,
      "count": 128
    },
    "24": {
      "l1": 0.0021131238900125027,
      "l2": 0.0028279502876102924,
      "cosine": 0.9999862909317017,
      "count": 128
    },
    "25": {
      "l1": 0.0019972955342382193,
      "l2": 0.0026853270828723907,
      "cosine": 0.9999865293502808,
      "count": 128
    },
    "26": {
      "l1": 0.0023958911187946796,
      "l2": 0.003110338933765888,
      "cosine": 0.9999815225601196,
      "count": 128
    },
    "27": {
      "l1": 0.0020911600440740585,
      "l2": 0.002786384429782629,
      "cosine": 0.999987006187439,
      "count": 128
    },
    "28": {
      "l1": 0.0022760648280382156,
      "l2": 0.0030452904757112265,
      "cosine": 0.9999821782112122,
      "count": 128
    },
    "29": {
      "l1": 0.0033640589099377394,
      "l2": 0.004273098893463612,
      "cosine": 0.9999659061431885,
      "count": 128
    },
    "30": {
      "l1": 0.003136018291115761,
      "l2": 0.003977192100137472,
      "cosine": 0.9999778866767883,
      "count": 128
    },
    "31": {
      "l1": 0.0018084178445860744,
      "l2": 0.0025247065350413322,
      "cosine": 0.9999886751174927,
      "count": 128
    },
    "32": {
      "l1": 0.001822073245421052,
      "l2": 0.002520760055631399,
      "cosine": 0.9999871253967285,
      "count": 128
    },
    "33": {
      "l1": 0.0033517673145979643,
      "l2": 0.004337383434176445,
      "cosine": 0.9999675154685974,
      "count": 128
    },
    "34": {
      "l1": 0.0015628176042810082,
      "l2": 0.002328320872038603,
      "cosine": 0.9999884366989136,
      "count": 128
    },
    "35": {
      "l1": 0.0028067443054169416,
      "l2": 0.0036288006231188774,
      "cosine": 0.9999743103981018,
      "count": 128
    },
    "36": {
      "l1": 0.0031319281551986933,
      "l2": 0.004083594772964716,
      "cosine": 0.9999698996543884,
      "count": 128
    },
    "37": {
      "l1": 0.002439317759126425,
      "l2": 0.0032068639993667603,
      "cosine": 0.9999841451644897,
      "count": 128
    },
    "38": {
      "l1": 0.0019328560447320342,
      "l2": 0.0027748476713895798,
      "cosine": 0.9999840259552002,
      "count": 128
    },
    "39": {
      "l1": 0.003309129271656275,
      "l2": 0.0042170630767941475,
      "cosine": 0.9999748468399048,
      "count": 128
    },
    "40": {
      "l1": 0.0016916661988943815,
      "l2": 0.0025128237903118134,
      "cosine": 0.9999861717224121,
      "count": 128
    },
    "41": {
      "l1": 0.0032881496008485556,
      "l2": 0.0043421173468232155,
      "cosine": 0.9999605417251587,
      "count": 128
    },
    "42": {
      "l1": 0.0017991717904806137,
      "l2": 0.00260948552750051,
      "cosine": 0.9999852180480957,
      "count": 128
    },
    "43": {
      "l1": 0.0025226944126188755,
      "l2": 0.0034845229238271713,
      "cosine": 0.9999743700027466,
      "count": 128
    },
    "44": {
      "l1": 0.0022495239973068237,
      "l2": 0.003201308660209179,
      "cosine": 0.9999780654907227,
      "count": 128
    },
    "45": {
      "l1": 0.0019088720437139273,
      "l2": 0.002776197623461485,
      "cosine": 0.9999841451644897,
      "count": 128
    },
    "46": {
      "l1": 0.0034690778702497482,
      "l2": 0.004428019747138023,
      "cosine": 0.999977707862854,
      "count": 128
    },
    "47": {
      "l1": 0.002410236746072769,
      "l2": 0.0034068794921040535,
      "cosine": 0.9999754428863525,
      "count": 128
    },
    "48": {
      "l1": 0.002496238797903061,
      "l2": 0.0033121509477496147,
      "cosine": 0.9999841451644897,
      "count": 128
    },
    "49": {
      "l1": 0.004300289321690798,
      "l2": 0.005566173233091831,
      "cosine": 0.9999478459358215,
      "count": 128
    },
    "50": {
      "l1": 0.003405126044526696,
      "l2": 0.004498175345361233,
      "cosine": 0.9999655485153198,
      "count": 128
    },
    "51": {
      "l1": 0.00352728134021163,
      "l2": 0.004757615737617016,
      "cosine": 0.9999557137489319,
      "count": 128
    },
    "52": {
      "l1": 0.002762865275144577,
      "l2": 0.0037085649091750383,
      "cosine": 0.9999794960021973,
      "count": 128
    },
    "53": {
      "l1": 0.004916456528007984,
      "l2": 0.006478285416960716,
      "cosine": 0.9999135732650757,
      "count": 128
    },
    "54": {
      "l1": 0.004342185333371162,
      "l2": 0.005621281452476978,
      "cosine": 0.9999524354934692,