{
  "meta": {
    "T": 100
  },
  "by_t": {
    "0": {
      "count": 128,
      "l1": 0.032265599351376295,
      "l2": 0.05360531993210316,
      "cosine": 0.9941197484731674
    },
    "1": {
      "count": 128,
      "l1": 0.03229318978264928,
      "l2": 0.05366217065602541,
      "cosine": 0.9941047430038452
    },
    "2": {
      "count": 128,
      "l1": 0.03234218945726752,
      "l2": 0.053765603341162205,
      "cosine": 0.9940758347511292
    },
    "3": {
      "count": 128,
      "l1": 0.03235282376408577,
      "l2": 0.05384385213255882,
      "cosine": 0.994051069021225
    },
    "4": {
      "count": 128,
      "l1": 0.03241369407624006,
      "l2": 0.05394294857978821,
      "cosine": 0.9940230697393417
    },
    "5": {
      "count": 128,
      "l1": 0.03239484969526529,
      "l2": 0.053965043276548386,
      "cosine": 0.9940091818571091
    },
    "6": {
      "count": 128,
      "l1": 0.03238686826080084,
      "l2": 0.05399202834814787,
      "cosine": 0.9939948916435242
    },
    "7": {
      "count": 128,
      "l1": 0.03232028055936098,
      "l2": 0.053960795514285564,
      "cosine": 0.9939931929111481
    },
    "8": {
      "count": 128,
      "l1": 0.032247989904135466,
      "l2": 0.053920334205031395,
      "cosine": 0.9939880073070526
    },
    "9": {
      "count": 128,
      "l1": 0.03223039349541068,
      "l2": 0.05393247865140438,
      "cosine": 0.9939790517091751
    },
    "10": {
      "count": 128,
      "l1": 0.0322106615640223,
      "l2": 0.05388171877712011,
      "cosine": 0.9939811676740646
    },
    "11": {
      "count": 128,
      "l1": 0.032064402010291815,
      "l2": 0.053750794380903244,
      "cosine": 0.9940007030963898
    },
    "12": {
      "count": 128,
      "l1": 0.03217561496421695,
      "l2": 0.05377084854990244,
      "cosine": 0.9939891248941422
    },
    "13": {
      "count": 128,
      "l1": 0.03218051139265299,
      "l2": 0.05374493543058634,
      "cosine": 0.9939902126789093
    },
    "14": {
      "count": 128,
      "l1": 0.03218279127031565,
      "l2": 0.0537108825519681,
      "cosine": 0.9939878880977631
    },
    "15": {
      "count": 128,
      "l1": 0.032137990929186344,
      "l2": 0.05362777039408684,
      "cosine": 0.9939878880977631
    },
    "16": {
      "count": 128,
      "l1": 0.03184937918558717,
      "l2": 0.05332745146006346,
      "cosine": 0.994041234254837
    },
    "17": {
      "count": 128,
      "l1": 0.031765139661729336,
      "l2": 0.05318342428654432,
      "cosine": 0.9940680414438248
    },
    "18": {
      "count": 128,
      "l1": 0.031773357186466455,
      "l2": 0.05309613700956106,
      "cosine": 0.9940812140703201
    },
    "19": {
      "count": 128,
      "l1": 0.03178741130977869,
      "l2": 0.052978807128965855,
      "cosine": 0.9940999150276184
    },
    "20": {
      "count": 128,
      "l1": 0.03163982415571809,
      "l2": 0.05278242006897926,
      "cosine": 0.9941352009773254
    },
    "21": {
      "count": 128,
      "l1": 0.03149970667436719,
      "l2": 0.052571539767086506,
      "cosine": 0.994181677699089
    },
    "22": {
      "count": 128,
      "l1": 0.03125665243715048,
      "l2": 0.05224327463656664,
      "cosine": 0.9942410290241241
    },
    "23": {
      "count": 128,
      "l1": 0.03127181762829423,
      "l2": 0.052162312902510166,
      "cosine": 0.9942718744277954
    },
    "24": {
      "count": 128,
      "l1": 0.031218152958899736,
      "l2": 0.05192503798753023,
      "cosine": 0.994322881102562
    },
    "25": {
      "count": 128,
      "l1": 0.031311143189668655,
      "l2": 0.051860167644917965,
      "cosine": 0.9943187385797501
    },
    "26": {
      "count": 128,
      "l1": 0.031232341192662716,
      "l2": 0.0516230808570981,
      "cosine": 0.9943414926528931
    },
    "27": {
      "count": 128,
      "l1": 0.031135634519159794,
      "l2": 0.051417240872979164,
      "cosine": 0.9944158643484116
    },
    "28": {
      "count": 128,
      "l1": 0.03142038080841303,
      "l2": 0.05151843186467886,
      "cosine": 0.9944020062685013
    },
    "29": {
      "count": 128,
      "l1": 0.03122077975422144,
      "l2": 0.051121484488248825,
      "cosine": 0.9944754093885422
    },
    "30": {
      "count": 128,
      "l1": 0.03134355554357171,
      "l2": 0.05110198725014925,
      "cosine": 0.9945104420185089
    },
    "31": {
      "count": 128,
      "l1": 0.031132628209888935,
      "l2": 0.050698342733085155,
      "cosine": 0.9945450574159622
    },
    "32": {
      "count": 128,
      "l1": 0.031168791465461254,
      "l2": 0.05055215023458004,
      "cosine": 0.9945981204509735
    },
    "33": {
      "count": 128,
      "l1": 0.030883565545082092,
      "l2": 0.050178466364741325,
      "cosine": 0.9946541786193848
    },
    "34": {
      "count": 128,
      "l1": 0.031051253899931908,
      "l2": 0.05010875593870878,
      "cosine": 0.9946842044591904
    },
    "35": {
      "count": 128,
      "l1": 0.03126844298094511,
      "l2": 0.05004772264510393,
      "cosine": 0.9946876466274261
    },
    "36": {
      "count": 128,
      "l1": 0.03171390434727073,
      "l2": 0.05023224372416735,
      "cosine": 0.9947137236595154
    },
    "37": {
      "count": 128,
      "l1": 0.031017064582556486,
      "l2": 0.049492799676954746,
      "cosine": 0.9947720021009445
    },
    "38": {
      "count": 128,
      "l1": 0.03134900704026222,
      "l2": 0.04952330235391855,
      "cosine": 0.9948003590106964
    },
    "39": {
      "count": 128,
      "l1": 0.030852217692881823,
      "l2": 0.04892569687217474,
      "cosine": 0.9949327856302261
    },
    "40": {
      "count": 128,
      "l1": 0.03267681086435914,
      "l2": 0.05010462272912264,
      "cosine": 0.9947596937417984
    },
    "41": {
      "count": 128,
      "l1": 0.03158657532185316,
      "l2": 0.049176689237356186,
      "cosine": 0.9948679059743881
    },
    "42": {
      "count": 128,
      "l1": 0.030949828680604696,
      "l2": 0.04825006239116192,
      "cosine": 0.9950966387987137
    },
    "43": {
      "count": 128,
      "l1": 0.03126263106241822,
      "l2": 0.04843939933925867,
      "cosine": 0.995037630200386
    },
    "44": {
      "count": 128,
      "l1": 0.030427456833422184,
      "l2": 0.04762529581785202,
      "cosine": 0.9951601922512054
    },
    "45": {
      "count": 128,
      "l1": 0.032371973153203726,
      "l2": 0.04895980004221201,
      "cosine": 0.9950747340917587
    },
    "46": {
      "count": 128,
      "l1": 0.03218289278447628,
      "l2": 0.0486857620999217,
      "cosine": 0.9950448721647263
    },
    "47": {
      "count": 128,
      "l1": 0.03242894960567355,
      "l2": 0.0484628826379776,
      "cosine": 0.9951379150152206
    },
    "48": {
      "count": 128,
      "l1": 0.032579366117715836,
      "l2": 0.04853199049830437,
      "cosine": 0.9950716346502304
    },
    "49": {
      "count": 128,
      "l1": 0.03236682014539838,
      "l2": 0.04823995754122734,
      "cosine": 0.9951307773590088
    },
    "50": {
      "count": 128,
      "l1": 0.03257910581305623,
      "l2": 0.04814006295055151,
      "cosine": 0.9951117187738419
    },
    "51": {
      "count": 128,
      "l1": 0.03262357972562313,
      "l2": 0.04814899992197752,
      "cosine": 0.9951091110706329
    },
    "52": {
      "count": 128,
      "l1": 0.03215260151773691,
      "l2": 0.04752309340983629,
      "cosine": 0.9951805919408798
    },
    "53": {
      "count": 128,
      "l1": 0.03262807335704565,
      "l2": 0.047996778041124344,
      "cosine": 0.9950828105211258
    },
    "54": {
      "count": 128,
      "l1": 0.03394719120115042,
      "l2": 0.04894555173814297,
      "cosine": 0.9948759973049164
    },
    "55": {
      "count": 128,
      "l1": 0.03265201207250357,
      "l2": 0.04767185170203447,
      "cosine": 0.9951490163803101
    },
    "56": {
      "count": 128,
      "l1": 0.03486605919897556,
      "l2": 0.04983685538172722,