{
  "meta": {
    "T": 100,
    "reference": "BASELINE"
  },
  "targets": {
    "ff": {
      "l1": {
        "mean_over_t": 0.11468002436682583,
        "max_over_t": 0.7371952831745148,
        "argmax_timestep": 99
      },
      "l2": {
        "mean_over_t": 0.14933283907361328,
        "max_over_t": 0.8770754039287567,
        "argmax_timestep": 99
      },
      "cosine": {
        "mean_over_t": 0.9049850370548665,
        "min_over_t": 0.11479267477989197,
        "argmin_timestep": 99
      },
      "zones": {
        "high_noise": {
          "l1_mean": 0.27095128392631357,
          "l2_mean": 0.33440251642781676,
          "cosine_mean": 0.7271718623850382
        },
        "middle_noise": {
          "l1_mean": 0.03885157882948132,
          "l2_mean": 0.05666939955314293,
          "cosine_mean": 0.992908919997075
        },
        "low_noise": {
          "l1_mean": 0.03653504202763239,
          "l2_mean": 0.05973458425565199,
          "cosine_mean": 0.9922099686933287
        }
      }
    },
    "ft": {
      "l1": {
        "mean_over_t": 0.058060541674494745,
        "max_over_t": 0.33370134234428406,
        "argmax_timestep": 99
      },
      "l2": {
        "mean_over_t": 0.07876611067913472,
        "max_over_t": 0.41403982788324356,
        "argmax_timestep": 99
      },
      "cosine": {
        "mean_over_t": 0.9762644802033901,
        "min_over_t": 0.7519993185997009,
        "argmin_timestep": 99
      },
      "zones": {
        "high_noise": {
          "l1_mean": 0.12629920949764323,
          "l2_mean": 0.15935943286978838,
          "cosine_mean": 0.9351862113584172
        },
        "middle_noise": {
          "l1_mean": 0.02630479448913213,
          "l2_mean": 0.03910890328423942,
          "cosine_mean": 0.9965139815912527
        },
        "low_noise": {
          "l1_mean": 0.02253991640596227,
          "l2_mean": 0.03903172944079746,
          "cosine_mean": 0.9964796264063228
        }
      }
    },
    "tt": {
      "l1": {
        "mean_over_t": 0.05410272595472634,
        "max_over_t": 0.31038902699947357,
        "argmax_timestep": 99
      },
      "l2": {
        "mean_over_t": 0.07385101625695825,
        "max_over_t": 0.38352057337760925,
        "argmax_timestep": 99
      },
      "cosine": {
        "mean_over_t": 0.9794187638163566,
        "min_over_t": 0.7794106006622314,
        "argmin_timestep": 99
      },
      "zones": {
        "high_noise": {
          "l1_mean": 0.11538066365050548,
          "l2_mean": 0.1454434430396015,
          "cosine_mean": 0.9446162414370161
        },
        "middle_noise": {
          "l1_mean": 0.02553256681901129,
          "l2_mean": 0.03835061236339457,
          "cosine_mean": 0.9966225838836502
        },
        "low_noise": {
          "l1_mean": 0.022260709792714228,
          "l2_mean": 0.038834763182835144,
          "cosine_mean": 0.9964961382475767
        }
      }
    }
  }
}