{
  "meta": {
    "T": 100
  },
  "by_mode": {
    "BASELINE": {
      "meta": {
        "mode": "BASELINE",
        "T": 100,
        "boundary_nan_policy": "first_step_or_last_step_has_no_adjacent_comparison",
        "nan_when_adjacent_count_zero": true,
        "note": "Adjacent delta compares pred_xstart at t with previous yielded timestep; the first yielded step per chunk has no neighbor."
      },
      "self_trajectory_delta": {
        "mean_L1_all_t": 0.005867610549415471,
        "mean_L2_all_t": 0.009495468303970429,
        "mean_cosine_all_t": 0.9993413411306612,
        "mean_L1_high_noise": 0.014336964519316098,
        "mean_L2_high_noise": 0.023553538299893262,
        "mean_cosine_high_noise": 0.9980012248270214,
        "max_L1": 0.03969954513013363,
        "argmax_L1_timestep": 98,
        "max_L2": 0.06583519466221333,
        "argmax_L2_timestep": 98,
        "min_cosine": 0.9902414977550507,
        "argmin_cosine_timestep": 98
      },
      "distance_to_final": {
        "mean_L1_all_t": 0.058926038809586315,
        "mean_L2_all_t": 0.0840271381939931,
        "mean_cosine_all_t": 0.9793394981324672,
        "mean_L1_high_noise": 0.09985243754856514,
        "mean_L1_middle": 0.05463075180373648,
        "mean_L1_low_noise": 0.02242508728875581,
        "mean_L2_high_noise": 0.1398788316344673,
        "mean_L2_middle": 0.08057413718608372,
        "mean_L2_low_noise": 0.031733082155607335,
        "mean_cosine_high_noise": 0.9551470347426154,
        "mean_cosine_middle": 0.985358848291285,
        "mean_cosine_low_noise": 0.9973302068132343
      }
    },
    "FF": {
      "meta": {
        "mode": "FF",
        "T": 100,
        "boundary_nan_policy": "first_step_or_last_step_has_no_adjacent_comparison",
        "nan_when_adjacent_count_zero": true,
        "note": "Adjacent delta compares pred_xstart at t with previous yielded timestep; the first yielded step per chunk has no neighbor."
      },
      "self_trajectory_delta": {
        "mean_L1_all_t": 0.01219399349624056,
        "mean_L2_all_t": 0.016898277984412312,
        "mean_cosine_all_t": 0.998811947877961,
        "mean_L1_high_noise": 0.03165000874287216,
        "mean_L2_high_noise": 0.04403093807559344,
        "mean_cosine_high_noise": 0.9963984829373658,
        "max_L1": 0.08975448459386826,
        "argmax_L1_timestep": 97,
        "max_L2": 0.1347825825214386,
        "argmax_L2_timestep": 97,
        "min_cosine": 0.9862262606620789,
        "argmin_cosine_timestep": 97
      },
      "distance_to_final": {
        "mean_L1_all_t": 0.12436666674679145,
        "mean_L2_all_t": 0.16023567501564343,
        "mean_cosine_all_t": 0.8973644491611048,
        "mean_L1_high_noise": 0.29351062113136955,
        "mean_L1_middle": 0.058616832966971046,
        "mean_L1_low_noise": 0.022964965347482852,
        "mean_L2_high_noise": 0.3661541464653882,
        "mean_L2_middle": 0.08417420913739239,
        "mean_L2_low_noise": 0.032683562349551255,
        "mean_cosine_high_noise": 0.7074012321589346,
        "mean_cosine_middle": 0.9847760923645076,
        "mean_cosine_low_noise": 0.9972671852870421
      }
    },
    "FT": {
      "meta": {
        "mode": "FT",
        "T": 100,
        "boundary_nan_policy": "first_step_or_last_step_has_no_adjacent_comparison",
        "nan_when_adjacent_count_zero": true,
        "note": "Adjacent delta compares pred_xstart at t with previous yielded timestep; the first yielded step per chunk has no neighbor."
      },
      "self_trajectory_delta": {
        "mean_L1_all_t": 0.021685400946569074,
        "mean_L2_all_t": 0.028598120588940953,
        "mean_cosine_all_t": 0.9955437341422746,
        "mean_L1_high_noise": 0.0551289833674673,
        "mean_L2_high_noise": 0.0727553927063127,
        "mean_cosine_high_noise": 0.986522585619241,
        "max_L1": 0.15121698752045631,
        "argmax_L1_timestep": 95,
        "max_L2": 0.19961214810609818,
        "argmax_L2_timestep": 95,
        "min_cosine": 0.9319107681512833,
        "argmin_cosine_timestep": 95
      },
      "distance_to_final": {
        "mean_L1_all_t": 0.07931631575978827,
        "mean_L2_all_t": 0.10692733837167566,
        "mean_cosine_all_t": 0.9634000186622143,
        "mean_L1_high_noise": 0.15962920970085895,
        "mean_L1_middle": 0.0564544060103157,
        "mean_L1_low_noise": 0.02255811671211356,
        "mean_L2_high_noise": 0.20772323136528334,
        "mean_L2_middle": 0.08185091277803569,
        "mean_L2_low_noise": 0.031967762656363724,
        "mean_cosine_high_noise": 0.906650188294324,
        "mean_cosine_middle": 0.9855020922773025,
        "mean_cosine_low_noise": 0.9973780156084986
      }
    },
    "TT": {
      "meta": {
        "mode": "TT",
        "T": 100,
        "boundary_nan_policy": "first_step_or_last_step_has_no_adjacent_comparison",
        "nan_when_adjacent_count_zero": true,
        "note": "Adjacent delta compares pred_xstart at t with previous yielded timestep; the first yielded step per chunk has no neighbor."
      },
      "self_trajectory_delta": {
        "mean_L1_all_t": 0.021684925727466255,
        "mean_L2_all_t": 0.028508114890134283,
        "mean_cosine_all_t": 0.9953570122068579,
        "mean_L1_high_noise": 0.05515586252295179,
        "mean_L2_high_noise": 0.0725111796928104,
        "mean_cosine_high_noise": 0.9859410529024899,
        "max_L1": 0.16002770140767097,
        "argmax_L1_timestep": 95,
        "max_L2": 0.20971354842185974,
        "argmax_L2_timestep": 95,
        "min_cosine": 0.9217879176139832,
        "argmin_cosine_timestep": 95
      },
      "distance_to_final": {
        "mean_L1_all_t": 0.07652004125528038,
        "mean_L2_all_t": 0.10362729158885145,
        "mean_cosine_all_t": 0.9660452136397362,
        "mean_L1_high_noise": 0.1514377301050858,
        "mean_L1_middle": 0.056225017124020005,
        "mean_L1_low_noise": 0.022512377267985634,
        "mean_L2_high_noise": 0.19794232505514767,
        "mean_L2_middle": 0.08170234138036475,
        "mean_L2_low_noise": 0.03190160076160213,
        "mean_cosine_high_noise": 0.9145741683967186,
        "mean_cosine_middle": 0.9855771454818109,
        "mean_cosine_low_noise": 0.997392450318192
      }
    }
  }
}