{
  "block": "model_output_blocks_3",
  "target_block_name": "model.output_blocks.3",
  "T": 100,
  "C": 384,
  "N": 32,
  "H": 16,
  "W": 16,
  "rank_r": 309,
  "representative_t": 99,
  "energy_threshold": 0.98,
  "actual_energy_at_r": 0.9800761889283864,
  "timesteps": [
    0,
    1,
    2,
    3,
    4,
    5,
    6,
    7,
    8,
    9,
    10,
    11,
    12,
    13,
    14,
    15,
    16,
    17,
    18,
    19,
    20,
    21,
    22,
    23,
    24,
    25,
    26,
    27,
    28,
    29,
    30,
    31,
    32,
    33,
    34,
    35,
    36,
    37,
    38,
    39,
    40,
    41,
    42,
    43,
    44,
    45,
    46,
    47,
    48,
    49,
    50,
    51,
    52,
    53,
    54,
    55,
    56,
    57,
    58,
    59,
    60,
    61,
    62,
    63,
    64,
    65,
    66,
    67,
    68,
    69,
    70,
    71,
    72,
    73,
    74,
    75,
    76,
    77,
    78,
    79,
    80,
    81,
    82,
    83,
    84,
    85,
    86,
    87,
    88,
    89,
    90,
    91,
    92,
    93,
    94,
    95,
    96,
    97,
    98,
    99
  ],
  "subspace_dist": [
    0.0,
    0.008019199725558979,
    0.008148568590277572,
    0.008311397986343949,
    0.020653368276730366,
    0.0054887836472803375,
    0.008716187412344478,
    0.003079495462150139,
    0.0031386927964537348,
    0.0018567290784006207,
    0.001721769034248033,
    0.0027445275844782957,
    0.001957601387646668,
    0.0026228033517482485,
    0.003988188996300046,
    0.0041444321762139635,
    0.0012855873478049284,
    0.001740405845378823,
    0.002124009575085961,
    0.0032305276150935702,
    0.0010547145117285606,
    0.0012379201343772905,
    0.0011269980152883718,
    0.002475507885078776,
    0.003921747713040991,
    0.0017665429290925072,
    0.0015596586580797211,
    0.0026220922977983063,
    0.0039591718257152575,
    0.0040628408006487815,
    0.002157815239023031,
    0.0022620120142886613,
    0.0024375209691004374,
    0.0013657560725676143,
    0.0021206558445856505,
    0.001302825944384245,
    0.0011088516596505782,
    0.001183430159937493,
    0.0012657320135658345,
    0.0010776760498082405,
    0.0011559767902219464,
    0.0012190946807254521,
    0.001054172508386686,
    0.0010422844987993951,
    0.0010182882021316786,
    0.0011577697256729413,
    0.0008958410575800047,
    0.001085671145575784,
    0.0018159795336701867,
    0.0015447172928496622,
    0.0017263370534303935,
    0.0012696348184216832,
    0.001615200372078851,
    0.0013733022509831994,
    0.0010329553246897216,
    0.000977933999125713,
    0.0015166759663454155,
    0.001325744747804447,
    0.0009168745288796742,
    0.000903471849579951,
    0.0009083976479953293,
    0.0007917985758476576,
    0.0017626933064398553,
    0.001088871557831883,
    0.0019295077804443173,
    0.0011775685613205633,
    0.0010585652806724966,
    0.001169725796582366,
    0.002281492892687864,
    0.0013191217342192196,
    0.0027026558984151183,
    0.0011496982379495257,
    0.0012930576198937338,
    0.001974330541071101,
    0.0011164899727268418,
    0.0009975006487371596,
    0.0037643643510670843,
    0.0015521010046157802,
    0.0010378827058612483,
    0.001033953888765149,
    0.0013498829525392386,
    0.0009319792409347993,
    0.0010976670053131077,
    0.0007450379013074215,
    0.0008793714001023023,
    0.0009415178434807325,
    0.0008818918477625504,
    0.002025145155984065,
    0.0008631078038924267,
    0.0010998477558518127,
    0.0009994679667509887,
    0.0009117236547343532,
    0.0010279478831802802,
    0.0008367100906533365,
    0.0010380694144302982,
    0.0010327688252228517,
    0.0021363695525350446,
    0.0033048260732259083,
    0.007660755113140794,
    0.02882820977755729
  ],
  "energy_ratio": {
    "k4": [
      0.393980140292774,
      0.37648566084870516,
      0.36009538570611915,
      0.3505468380280224,
      0.32923862209299387,
      0.3240416885256519,
      0.3176528068422103,
      0.3143203725205469,
      0.31196487750080176,
      0.30924211742902863,
      0.30757978782114925,
      0.30544222654650754,
      0.3041655710525596,
      0.30326715029338097,
      0.3009798703460073,
      0.3006990607644833,
      0.2993308098427858,
      0.2966851962457131,
      0.2933010202716814,
      0.2918637738992391,
      0.2900905840346029,
      0.2879769349779651,
      0.28560506864303487,
      0.2827629078986648,
      0.2796667550978905,
      0.27693959190342055,
      0.2740016828282121,
      0.27240470300287883,
      0.26830045289830745,
      0.26622820529568614,
      0.2640034974268349,
      0.2613359996751447,
      0.2586576307238602,
      0.2566894683735352,
      0.25382880057794494,
      0.25174181555749525,
      0.24869478244538443,
      0.24730599718646024,
      0.2450342016933621,
      0.2420918373759185,
      0.24020992712215655,
      0.23793208966999652,
      0.23490431613054488,
      0.23356562416026835,
      0.2319227627183008,
      0.2293837529107646,
      0.22780663621870595,
      0.22563390133227193,
      0.22358191462623084,
      0.22216087260524853,
      0.22014606021666291,
      0.21906698429070887,
      0.21685919393842237,
      0.21538292119587701,
      0.2137358431832571,
      0.2113416724479425,
      0.2102131530876951,
      0.208700571887898,
      0.207202864526131,
      0.20627368524311834,
      0.2042792671208697,
      0.20311150908152723,
      0.2009902991179278,
      0.20009641365551734,
      0.1991732114140111,
      0.1981659965152893,
      0.1964117810310831,
      0.19570030799224425,
      0.19393199254713908,
      0.19308360020720686,
      0.19233559321833577,
      0.19110533497137597,
      0.18963486440167984,
      0.1892492728517134,
      0.18833598808093158,
      0.18712108113466325,
      0.1861655868931108,
      0.18529255216696355,
      0.1843483840698085,
      0.18319643271567523,
      0.18213424541188666,
      0.18166661539466872,
      0.18058825961249872,
      0.17983983775882803,
      0.17917662052340547,
      0.17797708698456072,
      0.17725297307230964,
      0.17602729223271552,
      0.17554086736248148,
      0.17509853579858956,
      0.1740786059882769,
      0.17340471686708558,
      0.17276724571902974,
      0.17223371440395457,
      0.17161573669772037,
      0.1708924275540537,
      0.17023058805798058,
      0.16978428965657166,
      0.1707846948053468,
      0.19712506309151379
    ],