{
  "block": "model_input_blocks_6",
  "target_block_name": "model.input_blocks.6",
  "T": 100,
  "C": 128,
  "N": 32,
  "H": 32,
  "W": 32,
  "rank_r": 89,
  "representative_t": 99,
  "energy_threshold": 0.98,
  "actual_energy_at_r": 0.9801508215607183,
  "timesteps": [
    0,
    1,
    2,
    3,
    4,
    5,
    6,
    7,
    8,
    9,
    10,
    11,
    12,
    13,
    14,
    15,
    16,
    17,
    18,
    19,
    20,
    21,
    22,
    23,
    24,
    25,
    26,
    27,
    28,
    29,
    30,
    31,
    32,
    33,
    34,
    35,
    36,
    37,
    38,
    39,
    40,
    41,
    42,
    43,
    44,
    45,
    46,
    47,
    48,
    49,
    50,
    51,
    52,
    53,
    54,
    55,
    56,
    57,
    58,
    59,
    60,
    61,
    62,
    63,
    64,
    65,
    66,
    67,
    68,
    69,
    70,
    71,
    72,
    73,
    74,
    75,
    76,
    77,
    78,
    79,
    80,
    81,
    82,
    83,
    84,
    85,
    86,
    87,
    88,
    89,
    90,
    91,
    92,
    93,
    94,
    95,
    96,
    97,
    98,
    99
  ],
  "subspace_dist": [
    0.0,
    0.004740706620809054,
    0.015842538816726037,
    0.013787820590959954,
    0.015806450602196098,
    0.0046139252220437355,
    0.015295061386729758,
    0.006876004561892857,
    0.010088402614122471,
    0.016180388852997996,
    0.009451121665323248,
    0.003342922959418404,
    0.002786131800297409,
    0.0063880176700172875,
    0.0037449707798283827,
    0.011145921246340285,
    0.003540098641730771,
    0.0032381254654800795,
    0.012829270653777258,
    0.0028811644214057353,
    0.0024299456271523745,
    0.001886859866694346,
    0.002329269350760055,
    0.0038342380542508714,
    0.012730308398120727,
    0.012331509048088884,
    0.007189399726709844,
    0.004169772262706761,
    0.006271512850979155,
    0.008519256823214305,
    0.006989852377223715,
    0.004873048872627517,
    0.0019357965650569353,
    0.0033608856149672794,
    0.007619997048594063,
    0.004220799342059545,
    0.0029428700345512926,
    0.002736442757329094,
    0.0034419346753366,
    0.005692176724338749,
    0.004933527473846677,
    0.001871762923092879,
    0.0021029428143639617,
    0.0021801758910435787,
    0.0013495568563027804,
    0.0012816617068890368,
    0.0013282740601259224,
    0.0008092595524795687,
    0.002542519286017897,
    0.0012622521634277906,
    0.0012607896316704226,
    0.0005733942462997632,
    0.001039570849906024,
    0.002314840487033787,
    0.0010380304985966315,
    0.0014090190157678428,
    0.0009482001033996879,
    0.004011262350745892,
    0.009683920573037574,
    0.0023245194907012268,
    0.0016790843970561076,
    0.0013734062625521126,
    0.0006112044582120557,
    0.0011168841617512637,
    0.001654650234620858,
    0.0013507296274836156,
    0.0013702415852022698,
    0.000857059851271269,
    0.001278599868472452,
    0.0007396323458696008,
    0.0004979483768596804,
    0.0008460350286736418,
    0.001579769260238173,
    0.0010655158126523512,
    0.009566195830828406,
    0.0012717714681665937,
    0.0008656932893226221,
    0.0037230806991620513,
    0.0007485293691676942,
    0.002537947918607064,
    0.00332746899351688,
    0.001207412897287763,
    0.0022981549651289734,
    0.0022852404498521217,
    0.0009155567189337299,
    0.003970632227488835,
    0.006990916417107806,
    0.001423319316379179,
    0.0009924183062181013,
    0.0012286370606372499,
    0.0012958673477505567,
    0.0021538643587202255,
    0.0020350698664297617,
    0.011950547082141827,
    0.0020209418428176473,
    0.0035156285408431964,
    0.004696146385084754,
    0.008188178324889384,
    0.015726158197862716,
    0.06383415519478108
  ],
  "energy_ratio": {
    "k4": [
      0.9209472652515956,
      0.9216451570905448,
      0.9283989818417975,
      0.9244406172065393,
      0.9283221381271215,
      0.9271975298127844,
      0.9254601956942077,
      0.9263251908584302,
      0.9274516779496549,
      0.9258477022362842,
      0.9276414600377839,
      0.925915201760679,
      0.9262139558580165,
      0.9266523368452,
      0.9260334565019718,
      0.9274456689771458,
      0.9247854102452029,
      0.9237505677127075,
      0.923065975961285,
      0.9221472902907754,
      0.9211044606268276,
      0.9189596267446192,
      0.9172267507844163,
      0.9154675053810255,
      0.9122577911658777,
      0.9101935278096978,
      0.9077725242862087,
      0.9043138526017519,
      0.9021711271204722,
      0.9003341751664545,
      0.8978850951262424,
      0.8944426082273366,
      0.8927200302490603,
      0.8898833354632114,
      0.8860102470592895,
      0.8829369186613735,
      0.8795301406559173,
      0.8766480747953243,
      0.8732232797213085,
      0.869184497079986,
      0.8644561510201801,
      0.8620221085076384,
      0.8570547554965398,
      0.8519491495523077,
      0.8477280556881903,
      0.8435589638713525,
      0.8390433550733145,
      0.835581508215041,
      0.8302063728654157,
      0.8249232395062092,
      0.8205160726601247,
      0.8171100426380429,
      0.8125079174953964,
      0.8083937183997183,
      0.8043118324157212,
      0.7977494990989069,
      0.7930969147171106,
      0.7886269175296204,
      0.7869543721130022,
      0.7807774567158946,
      0.7766747432733563,
      0.7722745989617568,
      0.7675401767263519,
      0.7609354658561722,
      0.7580006715906221,
      0.7548511146138476,
      0.7459650193551135,
      0.7442229457713584,
      0.7363947712852928,
      0.7309172291209054,
      0.7262801196700769,
      0.7213157802149265,
      0.7130932221599009,
      0.7092487050015526,
      0.7029231077621576,
      0.6940849491391785,
      0.6903136504150721,
      0.6810190562613557,
      0.674581407912824,
      0.6671590998854241,
      0.6585213944481932,
      0.6496751810894027,
      0.6421507312070868,
      0.6291824375534429,
      0.6226658812782102,
      0.6089486992919954,
      0.5974195649754898,
      0.582892532322219,
      0.5739912608118339,
      0.5599797584308153,
      0.5449189596456537,
      0.526988120484612,
      0.5070944508012667,
      0.4885612098745097,
      0.4651503196093429,
      0.4416742368772865,
      0.41579797644269306,
      0.38772274867517625,
      0.3595860701281366,
      0.3612914627678789
    ],