{
  "block": "model_output_blocks_9",
  "target_block_name": "model.output_blocks.9",
  "T": 100,
  "C": 128,
  "N": 32,
  "H": 64,
  "W": 64,
  "rank_r": 80,
  "representative_t": 99,
  "energy_threshold": 0.98,
  "actual_energy_at_r": 0.980431322545316,
  "timesteps": [
    0,
    1,
    2,
    3,
    4,
    5,
    6,
    7,
    8,
    9,
    10,
    11,
    12,
    13,
    14,
    15,
    16,
    17,
    18,
    19,
    20,
    21,
    22,
    23,
    24,
    25,
    26,
    27,
    28,
    29,
    30,
    31,
    32,
    33,
    34,
    35,
    36,
    37,
    38,
    39,
    40,
    41,
    42,
    43,
    44,
    45,
    46,
    47,
    48,
    49,
    50,
    51,
    52,
    53,
    54,
    55,
    56,
    57,
    58,
    59,
    60,
    61,
    62,
    63,
    64,
    65,
    66,
    67,
    68,
    69,
    70,
    71,
    72,
    73,
    74,
    75,
    76,
    77,
    78,
    79,
    80,
    81,
    82,
    83,
    84,
    85,
    86,
    87,
    88,
    89,
    90,
    91,
    92,
    93,
    94,
    95,
    96,
    97,
    98,
    99
  ],
  "subspace_dist": [
    0.0,
    0.003741072431801884,
    0.005416607475563828,
    0.003657337855541676,
    0.00672267545863614,
    0.0015632096961226694,
    0.002019980648221731,
    0.0007793051159119546,
    0.0010896869307686075,
    0.001456594867881078,
    0.001277873283645925,
    0.0006931238880776291,
    0.0005024862710136802,
    0.0006705647130921255,
    0.0009538842919549761,
    0.0004988946466146782,
    0.0021756259354532848,
    0.0009952013903667956,
    0.0012355127195945448,
    0.0007578698404741013,
    0.0004454021899942262,
    0.0006148127137182158,
    0.0003967335171033426,
    0.00029739413388951697,
    0.0003843870221056367,
    0.00028813565100860306,
    0.0005953200131770808,
    0.0004538316377870055,
    0.0003082949176465011,
    0.0010128442231825963,
    0.0007538133291191684,
    0.0004709493967555156,
    0.0004100627991532324,
    0.00022824438578283868,
    0.0004148389215743453,
    0.0001739010090539006,
    0.0004949390634136908,
    0.00045422907806025314,
    0.00015413479017245546,
    0.00021123300756009655,
    0.00016488981439322092,
    0.0001383520940849703,
    0.00015775132820472493,
    0.00015017080938317662,
    0.00013437311181085931,
    0.00014166513930313762,
    0.00016162063637870094,
    9.314073763633246e-05,
    0.00019046833070324176,
    0.00012117142212064724,
    0.0002467922412952017,
    0.00014981881699860367,
    0.00019933702074514947,
    0.00024645869012296373,
    0.00021728628343620215,
    0.0001793345781345712,
    0.0005225548963693205,
    0.0004247721355861156,
    0.00039564690440041517,
    0.0004051478968906119,
    0.0005264880824003004,
    0.00019493148483784584,
    0.000907498867020351,
    0.00031992655546064785,
    0.00022344557141962262,
    0.00042026927114768853,
    0.0007007437699968477,
    0.00033137939747940326,
    0.000474872278966032,
    0.0007101045118155236,
    0.00020662318945563474,
    9.024095811971389e-05,
    0.00022637532329938814,
    0.0002894077664820083,
    0.00016732505387717644,
    0.00016714466300382647,
    0.00015405652970623684,
    0.00017524213355690765,
    8.724656063630043e-05,
    0.00013470171167351275,
    0.00014902777953429425,
    0.00012590554977265356,
    0.00014884954379446036,
    0.00020456100507382224,
    0.00010745321668836905,
    0.00026280453181826147,
    0.00018480643954332798,
    0.0003132036255772963,
    0.00027801686748119003,
    0.0003776879430497093,
    0.0008839038868817539,
    0.0011899417781341404,
    0.0021444982877054652,
    0.0007444810531280766,
    0.0012137102409232048,
    0.001642179697108559,
    0.009389318128457447,
    0.009081080960150034,
    0.01911546498157113,
    0.04354654444944683
  ],
  "energy_ratio": {
    "k4": [
      0.8781057911509316,
      0.8712162464577762,
      0.8627901974777629,
      0.8529475594476149,
      0.8427712620723555,
      0.8347152664865485,
      0.826105423663105,
      0.8196503628823724,
      0.8112513208552158,
      0.8038714114587744,
      0.7988366346285878,
      0.7899398147382556,
      0.7858165808204814,
      0.7807048597949116,
      0.7751011557045708,
      0.7721681830673917,
      0.7653232649090097,
      0.7593161540115145,
      0.7546806475367376,
      0.75054576718484,
      0.7465433746656964,
      0.7434044150656438,
      0.7394648034511911,
      0.7363251393352306,
      0.7336313005892641,
      0.7308257118492755,
      0.7277023343375439,
      0.7233756720253655,
      0.7206004592598997,
      0.718416022190377,
      0.7151440796510733,
      0.7116731476168863,
      0.7103461513000251,
      0.706806332540813,
      0.7034731649743221,
      0.7000439215374301,
      0.6985299819988496,
      0.694855889721276,
      0.6917395635008396,
      0.6881914025327899,
      0.6847937157851502,
      0.681894168262907,
      0.6773847812466198,
      0.6745670058450334,
      0.6711308997809545,
      0.6669667373451748,
      0.6639611876487757,
      0.6600913899562607,
      0.6561088825200461,
      0.6518678192558028,
      0.6479864847523703,
      0.6442907477337285,
      0.64088093331523,
      0.6367540141759075,
      0.6334644098125738,
      0.6284813522712476,
      0.6241297003209537,
      0.6200357820967152,
      0.6161891837661235,
      0.6116958374239083,
      0.6085987659613024,
      0.6028858730990764,
      0.5991318273370457,
      0.5944913454491321,
      0.5908727065004353,
      0.5866988736033729,
      0.5813373793760199,
      0.5779194013249757,
      0.5726016198734573,
      0.5686297712740079,
      0.5648032328863286,
      0.5608831567779287,
      0.5561953258242637,
      0.5514999559298165,
      0.5474702321566778,
      0.5417429354957795,
      0.5381284232191043,
      0.5326418356542889,
      0.527952714218122,
      0.5233789016472251,
      0.5187206896232806,
      0.5134164611316042,
      0.5090736824400197,
      0.5025046433299187,
      0.4982687266712263,
      0.4923315580784177,
      0.4867901886951032,
      0.4796094604560018,
      0.47537608200309395,
      0.46801639895135116,
      0.461827166191868,
      0.4527650518354195,
      0.44592314435244024,
      0.4381533574692154,
      0.4285930274799544,
      0.4200931644787185,
      0.40908604634411755,
      0.39726691455720586,
      0.38931992573022595,
      0.4583379198890039
    ],