{
  "block": "model_input_blocks_1",
  "target_block_name": "model.input_blocks.1",
  "T": 100,
  "C": 128,
  "N": 32,
  "H": 128,
  "W": 128,
  "rank_r": 14,
  "representative_t": 99,
  "energy_threshold": 0.98,
  "actual_energy_at_r": 0.9811923505096948,
  "timesteps": [
    0,
    1,
    2,
    3,
    4,
    5,
    6,
    7,
    8,
    9,
    10,
    11,
    12,
    13,
    14,
    15,
    16,
    17,
    18,
    19,
    20,
    21,
    22,
    23,
    24,
    25,
    26,
    27,
    28,
    29,
    30,
    31,
    32,
    33,
    34,
    35,
    36,
    37,
    38,
    39,
    40,
    41,
    42,
    43,
    44,
    45,
    46,
    47,
    48,
    49,
    50,
    51,
    52,
    53,
    54,
    55,
    56,
    57,
    58,
    59,
    60,
    61,
    62,
    63,
    64,
    65,
    66,
    67,
    68,
    69,
    70,
    71,
    72,
    73,
    74,
    75,
    76,
    77,
    78,
    79,
    80,
    81,
    82,
    83,
    84,
    85,
    86,
    87,
    88,
    89,
    90,
    91,
    92,
    93,
    94,
    95,
    96,
    97,
    98,
    99
  ],
  "subspace_dist": [
    0.0,
    7.667967617019933e-05,
    0.00012658719227187643,
    0.0023758252514329836,
    0.0023210394722941174,
    9.604922708750241e-05,
    0.0006934824370059545,
    9.80475587901708e-05,
    0.0002120763662247782,
    0.0006221346672692363,
    0.00020606129663802708,
    9.981465989350458e-05,
    4.6672631052624425e-05,
    1.1900172862344682e-05,
    2.6617997765820967e-05,
    0.000371068438218769,
    0.0005376121603359874,
    5.28491899807193e-05,
    9.010293525368862e-05,
    9.178163990886112e-05,
    2.522489151446372e-05,
    5.800344007411695e-05,
    8.244919487820912e-05,
    2.6542501943782604e-05,
    2.1095480304489378e-05,
    3.099809916273788e-05,
    8.420721619717408e-05,
    5.232439806290845e-05,
    2.6026216650154588e-05,
    5.626948879489113e-05,
    5.943578113232206e-05,
    0.00019220430521038612,
    6.648980240253621e-05,
    2.4143501782147858e-05,
    3.352258685751508e-05,
    3.6920338430390665e-05,
    8.48116742852012e-05,
    6.018964215481759e-05,
    4.402689649229963e-05,
    0.00015262056659004486,
    6.452021354497184e-05,
    7.982481818313847e-05,
    0.00016201152746297964,
    6.695159350944557e-05,
    4.464134582859991e-05,
    9.126398107661693e-05,
    7.52085167493588e-05,
    0.00013886393517292817,
    0.00012715498171533834,
    6.17892257283037e-05,
    0.00017263812949208646,
    0.00011135300842579632,
    0.0001130126114556873,
    0.00026789542504679353,
    0.00029831785223244367,
    0.00012120058652420607,
    0.00014681329409094168,
    0.0001827933438065532,
    0.0001668689166497428,
    0.000223362523488424,
    0.00026728638860351595,
    6.975847100798571e-05,
    0.00022559867229698938,
    0.000495125487106618,
    6.61682019392762e-05,
    0.00021336756921663813,
    0.0005703751148905534,
    0.0001892633038594882,
    0.00025894109700597134,
    0.00044835771021956017,
    0.00014582622023040503,
    0.0003111127950162773,
    0.0005074952009179734,
    0.00019812902501181728,
    0.0004864040020869931,
    0.0008350525582150325,
    0.00043899982237216584,
    0.0010005709228269044,
    0.002429303685958728,
    0.018169458620436507,
    0.012242447655630206,
    0.0021307695745139688,
    0.0012233607107928757,
    0.001276187872433554,
    0.0016745076341434517,
    0.004086380451179039,
    0.005947840940750182,
    0.010140657817554022,
    0.005358213099787235,
    0.0035028935520687865,
    0.002791040188718674,
    0.003435541734595149,
    0.00663385267218064,
    0.06668130345826284,
    0.01447498411692627,
    0.016366988530640447,
    0.011505426829063636,
    0.017673121576712192,
    0.10674969458344674,
    0.10010903682719985
  ],
  "energy_ratio": {
    "k4": [
      0.8642504584915506,
      0.8621031806617708,
      0.8637322813437711,
      0.8526940558734174,
      0.86140748899924,
      0.859049203753942,
      0.8542251007769975,
      0.8559768929948163,
      0.8584734939049735,
      0.8529436266951603,
      0.8564598841113441,
      0.8552596253896154,
      0.8552616505828282,
      0.8564862809723746,
      0.8572282392124135,
      0.8615595793159915,
      0.8579108080880223,
      0.8592572817439187,
      0.8598917931063096,
      0.8606141926984971,
      0.8611553143686058,
      0.8618880057487055,
      0.8631098774364007,
      0.8647633760962167,
      0.8664583988914974,
      0.8669254903809872,
      0.8681475549253794,
      0.8678427306799265,
      0.8691057857797283,
      0.8708137297484705,
      0.8708603659963424,
      0.8716683063990198,
      0.8732505283025813,
      0.8738543199160278,
      0.8737578661102777,
      0.8747669880155949,
      0.8766355094887036,
      0.8779242311748165,
      0.8780559408289916,
      0.8787764705470255,
      0.879779992599519,
      0.8807251909060867,
      0.8807906784193592,
      0.8821687788071054,
      0.8818903464753842,
      0.882059127308944,
      0.8823041755739662,
      0.8829272432357809,
      0.8837849942405862,
      0.8825041331760037,
      0.8834367494270626,
      0.8837337438627404,
      0.8829712133015605,
      0.8849184600583822,
      0.8837811272709832,
      0.8845084542616725,
      0.8832985905604602,
      0.8826886452837626,
      0.8825247028233115,
      0.8809405275800382,
      0.8817173283031529,
      0.8799869314208907,
      0.8797274380704421,
      0.8784900141038828,
      0.8776964427536028,
      0.8769638695319469,
      0.87485909415184,
      0.8729031942569093,
      0.8717965394417168,
      0.8708221481894525,
      0.8690747579529577,
      0.8671310564602864,
      0.8655791987672806,
      0.8627212933815931,
      0.8610706051629174,
      0.8594562119194598,
      0.8589024854388192,
      0.8581999826230872,
      0.8601469018703762,
      0.862028765928592,
      0.8633026713434708,
      0.8642323929163472,
      0.866722307260882,
      0.8668851909852002,
      0.868523364306377,
      0.869235060450421,
      0.8711944491840107,
      0.8724206817607295,
      0.8749531535650545,
      0.8765689856968851,
      0.8788635919206985,
      0.8813797144964153,
      0.882996467980247,
      0.8856554365172122,
      0.8900148365894255,
      0.894817048571869,
      0.8988541544748326,
      0.8983000245922987,
      0.895847866643175,
      0.8906156329938086
    ],