{
  "block": "model_output_blocks_1",
  "target_block_name": "model.output_blocks.1",
  "T": 100,
  "C": 512,
  "N": 32,
  "H": 8,
  "W": 8,
  "rank_r": 399,
  "representative_t": 99,
  "energy_threshold": 0.98,
  "actual_energy_at_r": 0.9801593419118139,
  "timesteps": [
    0,
    1,
    2,
    3,
    4,
    5,
    6,
    7,
    8,
    9,
    10,
    11,
    12,
    13,
    14,
    15,
    16,
    17,
    18,
    19,
    20,
    21,
    22,
    23,
    24,
    25,
    26,
    27,
    28,
    29,
    30,
    31,
    32,
    33,
    34,
    35,
    36,
    37,
    38,
    39,
    40,
    41,
    42,
    43,
    44,
    45,
    46,
    47,
    48,
    49,
    50,
    51,
    52,
    53,
    54,
    55,
    56,
    57,
    58,
    59,
    60,
    61,
    62,
    63,
    64,
    65,
    66,
    67,
    68,
    69,
    70,
    71,
    72,
    73,
    74,
    75,
    76,
    77,
    78,
    79,
    80,
    81,
    82,
    83,
    84,
    85,
    86,
    87,
    88,
    89,
    90,
    91,
    92,
    93,
    94,
    95,
    96,
    97,
    98,
    99
  ],
  "subspace_dist": [
    0.0,
    0.017858994974266684,
    0.020815682319840656,
    0.01692428955776537,
    0.040448009668006324,
    0.011617762853762148,
    0.017771098019694787,
    0.006971377720667693,
    0.006624594374245785,
    0.0050412948936633395,
    0.004970958285793303,
    0.003341730436714374,
    0.0051327534462958235,
    0.0049439052575772635,
    0.005827238907982091,
    0.005987753194214407,
    0.005011180999776821,
    0.004208728202518275,
    0.0054687196773890445,
    0.005869001312098887,
    0.003893321921777826,
    0.004685254913192938,
    0.003555261150801181,
    0.004577154720591614,
    0.004323002295838152,
    0.004610859947902446,
    0.00454254474164173,
    0.005247021351857506,
    0.003512399029319213,
    0.003578172816966707,
    0.005103670745816968,
    0.005492594095923176,
    0.003750904109664943,
    0.0038370435676641224,
    0.004210012586237988,
    0.0032532517375573056,
    0.0030199245620348147,
    0.0037698482391553823,
    0.003026384016983963,
    0.0037637146735269855,
    0.003169527151227425,
    0.003508665702052105,
    0.002902101064230833,
    0.003499420716553514,
    0.0037679561702436137,
    0.0028575829575221423,
    0.0025054929523117275,
    0.003012380225331457,
    0.003698995295007168,
    0.0034822428976438724,
    0.002692238499760302,
    0.002972290366215713,
    0.0026404864375483283,
    0.0027394014843795667,
    0.0027437910603194116,
    0.0032770034086410105,
    0.0023651686067033273,
    0.004342871276153515,
    0.004299500990768035,
    0.0035681885027810667,
    0.005248695698420791,
    0.004779356087368236,
    0.003904643550605047,
    0.003355866626943982,
    0.003135777010916385,
    0.0027622590995295404,
    0.0027587094337756524,
    0.0026295776354314793,
    0.003358191123338683,
    0.0036986744863950483,
    0.00228237894211758,
    0.0029814929004853274,
    0.0030032814194302926,
    0.0025165834845798374,
    0.0024349199572148983,
    0.0027449961147892887,
    0.0031087073834294987,
    0.0037518149217196095,
    0.004553249897057854,
    0.004109282207568898,
    0.004917204591377677,
    0.004990462693605702,
    0.0029884988201869245,
    0.002348479989091823,
    0.002341666423737232,
    0.002513620110709325,
    0.0024232190753921135,
    0.002494575633487428,
    0.003089062427457989,
    0.002877487299872139,
    0.0030517155592616474,
    0.0023348434524836925,
    0.0032732737826144387,
    0.0022931726074910674,
    0.0022859855791844685,
    0.002560685676342045,
    0.0037419214937887135,
    0.006594468800907971,
    0.008175474546642914,
    0.041171043044825884
  ],
  "energy_ratio": {
    "k4": [
      0.26154849387754386,
      0.25153151491753584,
      0.24290111441895254,
      0.2379201838482089,
      0.2278118640540754,
      0.22572706271723963,
      0.2216517139071694,
      0.22065953463314178,
      0.22032386175979063,
      0.21981171785674114,
      0.21924358057161245,
      0.21886815325520353,
      0.21849456101450226,
      0.21810007671954115,
      0.21744595448360565,
      0.21732244884695423,
      0.21694003163938314,
      0.21660648151455766,
      0.21623970933197204,
      0.21539145415638702,
      0.21494894784414637,
      0.21381796269235986,
      0.2133276265608177,
      0.21255655523946876,
      0.21146818440756615,
      0.21043157809751623,
      0.20991832548240338,
      0.20885445348563064,
      0.20764266486841312,
      0.20689797906160268,
      0.20543617994682414,
      0.20496093033472731,
      0.20362114973060733,
      0.20288115259636455,
      0.20121628604786915,
      0.20058566008020184,
      0.19875857052247892,
      0.19814516991297612,
      0.19686737878346425,
      0.19572757848770192,
      0.19508168093350034,
      0.19387466456892358,
      0.19275735106500863,
      0.19206165048413282,
      0.1913363970924941,
      0.18980695371617992,
      0.1898760601626871,
      0.18905927841066456,
      0.18809227378140467,
      0.1870761943651283,
      0.18669063606256078,
      0.18599613528200631,
      0.18554937733251356,
      0.18474624591566483,
      0.18428602589190593,
      0.18307670132860526,
      0.18265527220335193,
      0.18223117930938124,
      0.18112456793768159,
      0.18059552305085175,
      0.18065394687500502,
      0.18006232852898815,
      0.17970706588314778,
      0.1793061926645624,
      0.1790449790489676,
      0.1790353143157093,
      0.1784771622797773,
      0.17812017106684988,
      0.17814316705342453,
      0.17787939226688854,
      0.1773586849277075,
      0.17770789495510234,
      0.17743723227473412,
      0.17727860094136408,
      0.1770829977055278,
      0.17690993111931413,
      0.17665310886871713,
      0.1767282891350224,
      0.17628979744111203,
      0.17636806200187394,
      0.17612281960721163,
      0.17623412453426615,
      0.1761168397994699,
      0.17611887788330316,
      0.17606120217644664,
      0.17607399707155238,
      0.17616314078271364,
      0.17604630720447625,
      0.17634032162438767,
      0.1763025544434813,
      0.17643408176476136,
      0.1766336235063402,
      0.1771285457638316,
      0.1775628147870184,
      0.1776389930290893,
      0.17829908877902623,
      0.17942040056213893,
      0.18151672125545776,
      0.18687975446516028,
      0.21734251917004038
    ],