{
  "block": "model_output_blocks_2",
  "target_block_name": "model.output_blocks.2",
  "T": 100,
  "C": 512,
  "N": 32,
  "H": 16,
  "W": 16,
  "rank_r": 397,
  "representative_t": 99,
  "energy_threshold": 0.98,
  "actual_energy_at_r": 0.9801626903522673,
  "timesteps": [
    0,
    1,
    2,
    3,
    4,
    5,
    6,
    7,
    8,
    9,
    10,
    11,
    12,
    13,
    14,
    15,
    16,
    17,
    18,
    19,
    20,
    21,
    22,
    23,
    24,
    25,
    26,
    27,
    28,
    29,
    30,
    31,
    32,
    33,
    34,
    35,
    36,
    37,
    38,
    39,
    40,
    41,
    42,
    43,
    44,
    45,
    46,
    47,
    48,
    49,
    50,
    51,
    52,
    53,
    54,
    55,
    56,
    57,
    58,
    59,
    60,
    61,
    62,
    63,
    64,
    65,
    66,
    67,
    68,
    69,
    70,
    71,
    72,
    73,
    74,
    75,
    76,
    77,
    78,
    79,
    80,
    81,
    82,
    83,
    84,
    85,
    86,
    87,
    88,
    89,
    90,
    91,
    92,
    93,
    94,
    95,
    96,
    97,
    98,
    99
  ],
  "subspace_dist": [
    0.0,
    0.01301160005274804,
    0.014576210844891913,
    0.01231076652513341,
    0.030957428781156704,
    0.009711976329652927,
    0.01479720226484127,
    0.006780860176864967,
    0.004951759284733792,
    0.004035699346572108,
    0.0032186169368689788,
    0.003554154034524082,
    0.0047652874728356664,
    0.0025979181957288544,
    0.0038102685660104108,
    0.002663788423678981,
    0.0027232073714135163,
    0.003578617992989086,
    0.0033970870908799355,
    0.004142969927778295,
    0.003062362663277418,
    0.0037743415265393265,
    0.003171381161254705,
    0.0037016839016831282,
    0.004637723294929064,
    0.004987526073218507,
    0.004949487352753024,
    0.004585107423977219,
    0.0038547588308371905,
    0.00471159995035797,
    0.0048026624063831624,
    0.003595553107166749,
    0.002490425414751418,
    0.004541133981208256,
    0.004361741984616141,
    0.0024412249029751587,
    0.0027593771100530295,
    0.003617797942414458,
    0.003935830263046003,
    0.0039940227705815845,
    0.003395225081750053,
    0.004198834298816956,
    0.004516709173481681,
    0.0026286285974082,
    0.0038979611295076877,
    0.0036799650399738093,
    0.002445263795982533,
    0.0024326352973829124,
    0.0027927701269317984,
    0.002492376802682439,
    0.002667046889875513,
    0.0026063821963380196,
    0.003265751308165199,
    0.0026790673521849273,
    0.0032466012976570813,
    0.004145112949280438,
    0.002915076335376132,
    0.0029562412348160816,
    0.003346753153069648,
    0.003137963367052965,
    0.0027205898094535552,
    0.0026859085058816845,
    0.0040686535373849475,
    0.003013176230389103,
    0.0045963026105920735,
    0.004462548043653092,
    0.0031072436911725454,
    0.0022627026761553592,
    0.004215790265321151,
    0.0034791072943518575,
    0.0028173024027637883,
    0.0035601832150046198,
    0.0028812064788761305,
    0.002166537359947429,
    0.002346792337066028,
    0.0022688018675205424,
    0.001896169359617117,
    0.0029513185905952755,
    0.003746211190326032,
    0.0018172592601211068,
    0.0018893475924498526,
    0.0026050541232000013,
    0.001978732967599206,
    0.002628727456143398,
    0.0017134010772567043,
    0.0020609762219725436,
    0.0020664233276436184,
    0.001960869969810708,
    0.0023532226143092583,
    0.002820152024512468,
    0.0040008058755376386,
    0.0032158626323270934,
    0.004052690133969694,
    0.002688625136213152,
    0.004018255408250737,
    0.0045184670946151195,
    0.003226696393303974,
    0.004911315380024761,
    0.00906662078761733,
    0.04139766142037138
  ],
  "energy_ratio": {
    "k4": [
      0.26100016913942786,
      0.25095186353477394,
      0.24190895616520192,
      0.23728614870382322,
      0.22715642750148254,
      0.22466509970233303,
      0.22097113839609278,
      0.21913629005768187,
      0.2183766939045094,
      0.21805102127203205,
      0.21753481571100935,
      0.2173444925349946,
      0.21708694108465704,
      0.2169981990407598,
      0.21670728388922,
      0.2168016662782724,
      0.21687941215928008,
      0.2162796433104351,
      0.21516899147216648,
      0.2152619320349678,
      0.21484675315154894,
      0.2145689073760505,
      0.21368486253923313,
      0.21269023859778013,
      0.2114323990162433,
      0.21079545879222553,
      0.20951481288360096,
      0.20933400988763193,
      0.20796852856870202,
      0.20687321267614914,
      0.2065372643951856,
      0.20513797930966698,
      0.2040876494709086,
      0.2034615758220614,
      0.20225744248706534,
      0.20156620427924452,
      0.2002954890305459,
      0.19976007701884854,
      0.1989576457821944,
      0.1975664500861777,
      0.19702284865976233,
      0.19611469474819176,
      0.19497802337135164,
      0.19455052099883113,
      0.1939584339564965,
      0.19285192441867036,
      0.19248887896068106,
      0.19183701159375458,
      0.19094546948802898,
      0.19056267592697315,
      0.189920242639227,
      0.189401554496514,
      0.18866688916235927,
      0.18834903754820423,
      0.1876787929889121,
      0.18684852335024546,
      0.18661813938086136,
      0.1861489466750941,
      0.1855351037647071,
      0.18536141510331003,
      0.18484613799515592,
      0.18460000149601075,
      0.18396917964538492,
      0.18363575081832353,
      0.18355300548886044,
      0.18350284691033916,
      0.18305057132447627,
      0.18286839504380958,
      0.18237234461658677,
      0.18225171986223432,
      0.18212962679736455,
      0.18190458343659135,
      0.18164983795863143,
      0.18161196596357912,
      0.18161268081959794,
      0.18129125081496653,
      0.18126980232169024,
      0.1811649439764798,
      0.18088466702446004,
      0.18076783804977556,
      0.18052946827309616,
      0.18056339396615217,
      0.18052020323838733,
      0.18050521477187925,
      0.18054467504306151,
      0.1804620660730427,
      0.1804582203216104,
      0.18032793653321713,
      0.18049736547810527,
      0.18064857256129596,
      0.18068250043693176,
      0.18077234850009335,
      0.1810179450470979,
      0.18123719014948575,
      0.18143372347571904,
      0.18180089728933596,
      0.1825157472874699,
      0.1834866315359634,
      0.18478063086193744,
      0.21013338644999763
    ],