{
  "block": "model_output_blocks_11",
  "target_block_name": "model.output_blocks.11",
  "T": 100,
  "C": 128,
  "N": 16,
  "H": 128,
  "W": 128,
  "rank_r": 70,
  "representative_t": 99,
  "energy_threshold": 0.98,
  "actual_energy_at_r": 0.980139608293569,
  "timesteps": [
    0,
    1,
    2,
    3,
    4,
    5,
    6,
    7,
    8,
    9,
    10,
    11,
    12,
    13,
    14,
    15,
    16,
    17,
    18,
    19,
    20,
    21,
    22,
    23,
    24,
    25,
    26,
    27,
    28,
    29,
    30,
    31,
    32,
    33,
    34,
    35,
    36,
    37,
    38,
    39,
    40,
    41,
    42,
    43,
    44,
    45,
    46,
    47,
    48,
    49,
    50,
    51,
    52,
    53,
    54,
    55,
    56,
    57,
    58,
    59,
    60,
    61,
    62,
    63,
    64,
    65,
    66,
    67,
    68,
    69,
    70,
    71,
    72,
    73,
    74,
    75,
    76,
    77,
    78,
    79,
    80,
    81,
    82,
    83,
    84,
    85,
    86,
    87,
    88,
    89,
    90,
    91,
    92,
    93,
    94,
    95,
    96,
    97,
    98,
    99
  ],
  "subspace_dist": [
    0.0,
    0.007950096455381583,
    0.004158467889567863,
    0.009844915381961972,
    0.017762235562101325,
    0.002484705631080608,
    0.0024536952951482727,
    0.002243856566935154,
    0.0024552626485679907,
    0.005835646177237863,
    0.003042717994162114,
    0.0013459052635612645,
    0.0009867590594747622,
    0.0008674913860267086,
    0.0016567896370796031,
    0.001091781731887731,
    0.0010489396642303639,
    0.0013196481454150755,
    0.0016889451987504023,
    0.004856717950314615,
    0.002187231585749072,
    0.0017771960375999596,
    0.0008628586021325324,
    0.0011992541990841765,
    0.0007102296317419432,
    0.0008486742496923716,
    0.0010891413007452222,
    0.0012214412904703043,
    0.0007077188013675517,
    0.0010605950189456204,
    0.0012507393175112957,
    0.0014023751017743225,
    0.001342424673884235,
    0.0006088009263732763,
    0.0005853822509014339,
    0.00046826628505436396,
    0.000749891440792072,
    0.0006071709490220734,
    0.000546942607870804,
    0.0007249531086236383,
    0.0005025485248698613,
    0.0004964943527777654,
    0.0005523148195208938,
    0.0004647644736556211,
    0.00033762037815499024,
    0.0005338230363094443,
    0.000442595208728247,
    0.0003999959265099662,
    0.0008242833296803198,
    0.0005088054635399297,
    0.0006192897425332244,
    0.0005399145580826659,
    0.0018316491362363463,
    0.001259265585535907,
    0.0006649676459156151,
    0.0006804288373729594,
    0.000956094120185047,
    0.0006115708536605924,
    0.0007356743803951238,
    0.0007902787438756054,
    0.000888079969714406,
    0.0004066377590269399,
    0.001177895947879315,
    0.0006138002253284203,
    0.0005139467328494352,
    0.00019245707957626923,
    0.0010716190656826496,
    0.0005678202296097723,
    0.0008075016996351714,
    0.0004938476277785986,
    0.0007692129046993346,
    0.0006563497669300755,
    0.005323575630231003,
    0.007274919955439385,
    0.012707266317378951,
    0.0032071509444424606,
    0.0013864968559532675,
    0.0004247872412256326,
    0.0009813633259290189,
    0.0003841137091837865,
    0.0013592290618159586,
    0.0006714728590976327,
    0.0016637180149819963,
    0.0002924177567322772,
    0.0004619652329727053,
    0.0007353197439130543,
    0.0003905472181440217,
    0.00044271428526465595,
    0.00042131785406362976,
    0.0005574362787245102,
    0.000534186910765122,
    0.0010463516689878105,
    0.0024537236914722316,
    0.0052593369021464165,
    0.006680937282699695,
    0.004013021677803819,
    0.011262243021065377,
    0.015629440452909038,
    0.03824875113355686,
    0.11833966945421359
  ],
  "energy_ratio": {
    "k4": [
      0.9652122886347876,
      0.9638186211998663,
      0.9620717111883773,
      0.9595456211328063,
      0.9580257689275523,
      0.9558804786397171,
      0.9534332597480982,
      0.9515133373738205,
      0.9496929802016236,
      0.9473370945483062,
      0.9452609060705169,
      0.9419917270745308,
      0.9397718105896373,
      0.9372871280658714,
      0.9346648960615752,
      0.9326844596596949,
      0.9289529369750241,
      0.9252167092299736,
      0.9214734403733063,
      0.9180429684924694,
      0.9149854772260063,
      0.9114239307191375,
      0.907928524749137,
      0.9039725899472131,
      0.9004500986853667,
      0.8970867776058582,
      0.8930525549042282,
      0.8898644127837773,
      0.8864014366791393,
      0.8835154712471581,
      0.8796357460543226,
      0.8760390448989781,
      0.8732324329802957,
      0.8688343264580014,
      0.8650122720253387,
      0.8618348604613141,
      0.8583124113214216,
      0.8537369154352298,
      0.8501978212511152,
      0.8459777414595995,
      0.8418428030205972,
      0.8380096383562812,
      0.8337486975757017,
      0.8295937742583028,
      0.8255677956331053,
      0.8214706823608153,
      0.8182497074438627,
      0.8139540771713516,
      0.809923042404944,
      0.8059651966784567,
      0.8013515557882261,
      0.7975015274044055,
      0.7933872418493342,
      0.7897897416309998,
      0.7846960181798236,
      0.7810191193674786,
      0.7766681120781209,
      0.772453615508529,
      0.7675677249342859,
      0.7635655881080884,
      0.7592384246474183,
      0.754403973405323,
      0.7498444414032335,
      0.7451482637825381,
      0.7416495698103158,
      0.7370608201355511,
      0.7328655953815392,
      0.7293390146438663,
      0.7232059908443534,
      0.7194821706220383,
      0.7145907178801293,
      0.7103233972170706,
      0.7063765683460017,
      0.7023326315943376,
      0.6981281963139617,
      0.6929256028038148,
      0.6899228834261407,
      0.6849513935098168,
      0.680613218794798,
      0.6760534472293087,
      0.672008967324532,
      0.6670320362055014,
      0.6624451263413819,
      0.6570456836728952,
      0.6537840810180028,
      0.6480234946690727,
      0.6435228314808238,
      0.6374946491341272,
      0.6347954580819434,
      0.6282685615651113,
      0.6236391950057094,
      0.6193405096591067,
      0.6158034153099369,
      0.6110134415071102,
      0.6068854766224852,
      0.6029710241583287,
      0.5996819987714731,
      0.6000337278441199,
      0.6046281914674967,
      0.6674080819057848
    ],