{
  "block": "model_input_blocks_9",
  "target_block_name": "model.input_blocks.9",
  "T": 100,
  "C": 256,
  "N": 32,
  "H": 16,
  "W": 16,
  "rank_r": 189,
  "representative_t": 99,
  "energy_threshold": 0.98,
  "actual_energy_at_r": 0.9800839925946669,
  "timesteps": [
    0,
    1,
    2,
    3,
    4,
    5,
    6,
    7,
    8,
    9,
    10,
    11,
    12,
    13,
    14,
    15,
    16,
    17,
    18,
    19,
    20,
    21,
    22,
    23,
    24,
    25,
    26,
    27,
    28,
    29,
    30,
    31,
    32,
    33,
    34,
    35,
    36,
    37,
    38,
    39,
    40,
    41,
    42,
    43,
    44,
    45,
    46,
    47,
    48,
    49,
    50,
    51,
    52,
    53,
    54,
    55,
    56,
    57,
    58,
    59,
    60,
    61,
    62,
    63,
    64,
    65,
    66,
    67,
    68,
    69,
    70,
    71,
    72,
    73,
    74,
    75,
    76,
    77,
    78,
    79,
    80,
    81,
    82,
    83,
    84,
    85,
    86,
    87,
    88,
    89,
    90,
    91,
    92,
    93,
    94,
    95,
    96,
    97,
    98,
    99
  ],
  "subspace_dist": [
    0.0,
    0.018481586578908304,
    0.024158626649922965,
    0.027535446650221562,
    0.035724489237376145,
    0.022612191204423926,
    0.024372065371818463,
    0.01961926100897693,
    0.021644797662729087,
    0.017022802351414845,
    0.016036888834185192,
    0.008508400993780696,
    0.007685615496353271,
    0.009935231756905583,
    0.010390248563412197,
    0.007443238687495746,
    0.007203887070275639,
    0.00713927493348121,
    0.00937147200136279,
    0.010015772133030287,
    0.008766882812096255,
    0.006586677041681588,
    0.006518870687116207,
    0.008424478926641332,
    0.0072969702744202225,
    0.008256143846826713,
    0.009842733795464076,
    0.010381280922090452,
    0.007907976251820048,
    0.007818569420553478,
    0.009014426227827776,
    0.005841208001329923,
    0.004528307379644936,
    0.004781033687152991,
    0.006150686676611228,
    0.004277645914011363,
    0.006891024497451159,
    0.0058823775656373645,
    0.008572721949868467,
    0.007817787217091476,
    0.0057546041179168395,
    0.004362631837455777,
    0.004557607276583275,
    0.007767404922275456,
    0.0031889389079237107,
    0.007006607463565517,
    0.0044907782531395934,
    0.004512974174661233,
    0.003461842248846825,
    0.00334928051474348,
    0.003946559120561854,
    0.0017633641680433465,
    0.002524047454569689,
    0.0031714168484722194,
    0.00207677256962413,
    0.0035120744436100138,
    0.0024868490081991768,
    0.002979030640330449,
    0.0023229703911832322,
    0.0032485848704749687,
    0.0024176501636118397,
    0.0031843521299873556,
    0.002946287004227832,
    0.002244016034143259,
    0.002391040810169054,
    0.002394405503878594,
    0.004808196895287997,
    0.002164491474062058,
    0.002575898245929853,
    0.0023532595715399784,
    0.0021723431988259767,
    0.0012841104043105345,
    0.001761240807893083,
    0.002086957742140183,
    0.003334912934977452,
    0.0019937034884848215,
    0.0020591760197130604,
    0.001935963939055818,
    0.0016547179014129165,
    0.0020401623147818793,
    0.0016924032989202864,
    0.001303259333769291,
    0.0011704480935280648,
    0.0016998428554131362,
    0.0010811996376932642,
    0.0023337684740577513,
    0.002395993411272279,
    0.001541622318744773,
    0.0016075994635741386,
    0.0016692940764552189,
    0.00198716757348516,
    0.0023003232121843187,
    0.0033475906130681077,
    0.004106307768767525,
    0.00509138609922688,
    0.006142667318710382,
    0.00664143939537587,
    0.010026751596475925,
    0.01779206053518112,
    0.05039090646853883
  ],
  "energy_ratio": {
    "k4": [
      0.8693733803910144,
      0.8551189614711923,
      0.839383965363221,
      0.8317706598493817,
      0.7946279608143867,
      0.7864842663787589,
      0.7672304556941735,
      0.7617603521807635,
      0.7563887204904761,
      0.7508086792509266,
      0.7490010382900872,
      0.7445498268181232,
      0.739393613122548,
      0.7351053085361895,
      0.7314717735708423,
      0.7288277158140346,
      0.7231966406899444,
      0.7179184967890437,
      0.7111308502739492,
      0.7071906311789908,
      0.7028303770010943,
      0.6990983476037441,
      0.6942723384941316,
      0.6919845168186568,
      0.6876082392745401,
      0.6838628198937002,
      0.6786620468254924,
      0.6740880354313293,
      0.6702742255065608,
      0.6680264378554441,
      0.6637981009828146,
      0.6585023068395713,
      0.6554282710957092,
      0.6511650975320628,
      0.6460326481069136,
      0.6424603360608172,
      0.638221823476222,
      0.6338804608888652,
      0.62985757492214,
      0.6237300115079398,
      0.618439346850299,
      0.6157412824377886,
      0.6090144306014699,
      0.6022964279869991,
      0.5974859852009636,
      0.5918125226327557,
      0.5873016175841639,
      0.5823618154015268,
      0.576098171715209,
      0.5705264327020617,
      0.5633295722747914,
      0.5591581667885104,
      0.5523596452805549,
      0.5478490576067173,
      0.541941092939062,
      0.5347580342242052,
      0.5288990923354872,
      0.5218695538946991,
      0.5196496364334522,
      0.5127693571811588,
      0.5071473452043466,
      0.5024836563018453,
      0.49746928444766986,
      0.4895865584844532,
      0.4868180824114491,
      0.48324601475360257,
      0.47460259576957115,
      0.47242279111600954,
      0.465188079439712,
      0.45923269756850393,
      0.45556469183383586,
      0.4504665262139177,
      0.4433749566261406,
      0.44089350812443795,
      0.4350651563824998,
      0.4282032542833738,
      0.4254729735817059,
      0.419208285390145,
      0.4148061856402569,
      0.410156590757915,
      0.40441133161710713,
      0.39867525772136236,
      0.3940665201752085,
      0.38680631581657743,
      0.38280744375740827,
      0.37536377517290975,
      0.36957867362447433,
      0.36283400638707874,
      0.3587041375726497,
      0.35227210868025116,
      0.345228028858068,
      0.33714933401674096,
      0.3278349307360751,
      0.31969790752496036,
      0.3097253396362158,
      0.30031410886554594,
      0.2884290799070048,
      0.27415546072249025,
      0.26031312934987744,
      0.277322833827573
    ],