{
  "block": "model_output_blocks_0",
  "target_block_name": "model.output_blocks.0",
  "T": 100,
  "C": 512,
  "N": 32,
  "H": 8,
  "W": 8,
  "rank_r": 411,
  "representative_t": 99,
  "energy_threshold": 0.98,
  "actual_energy_at_r": 0.9802274991361093,
  "timesteps": [
    0,
    1,
    2,
    3,
    4,
    5,
    6,
    7,
    8,
    9,
    10,
    11,
    12,
    13,
    14,
    15,
    16,
    17,
    18,
    19,
    20,
    21,
    22,
    23,
    24,
    25,
    26,
    27,
    28,
    29,
    30,
    31,
    32,
    33,
    34,
    35,
    36,
    37,
    38,
    39,
    40,
    41,
    42,
    43,
    44,
    45,
    46,
    47,
    48,
    49,
    50,
    51,
    52,
    53,
    54,
    55,
    56,
    57,
    58,
    59,
    60,
    61,
    62,
    63,
    64,
    65,
    66,
    67,
    68,
    69,
    70,
    71,
    72,
    73,
    74,
    75,
    76,
    77,
    78,
    79,
    80,
    81,
    82,
    83,
    84,
    85,
    86,
    87,
    88,
    89,
    90,
    91,
    92,
    93,
    94,
    95,
    96,
    97,
    98,
    99
  ],
  "subspace_dist": [
    0.0,
    0.015221846331542332,
    0.019451840306975554,
    0.014293730442776598,
    0.036843763416129605,
    0.010856501530057794,
    0.017573256808132154,
    0.006243949018173489,
    0.0071519235560955075,
    0.004790018938399143,
    0.004773778793190964,
    0.0033549150846722275,
    0.004520304392050201,
    0.004624535104275962,
    0.00374154547479566,
    0.005010314445264896,
    0.0035966903737685296,
    0.005014075786569094,
    0.004602213428790858,
    0.005271317577039358,
    0.004128685125564968,
    0.004716770829721995,
    0.003390961880122223,
    0.004574556990813661,
    0.0042211049602762785,
    0.0036847669626353108,
    0.004049595111109805,
    0.004637714123857939,
    0.004613208459953055,
    0.003165686786011479,
    0.004667447093378629,
    0.003967166314314152,
    0.005008194737972649,
    0.004617804800587377,
    0.003822971635252692,
    0.0035280995429360917,
    0.004764503910031692,
    0.004501215126523572,
    0.003467658198692547,
    0.004288206451328325,
    0.0029862694744046125,
    0.004270488900356861,
    0.005144108905771105,
    0.0038162131449944736,
    0.0030658778563561473,
    0.0033336012979067187,
    0.0033079731740138785,
    0.0029389948265163834,
    0.004521783104758925,
    0.003590364797572132,
    0.003439940530951202,
    0.0028381130763358575,
    0.0029230835380773534,
    0.004277633103494272,
    0.0024362553349722704,
    0.0024442574525750382,
    0.00255267256947167,
    0.002460664538461277,
    0.0024037250211447203,
    0.0021486795177875218,
    0.002345174245006132,
    0.0023936380415183756,
    0.002539492644540231,
    0.002507303449051812,
    0.002614240815058566,
    0.0032425596503395937,
    0.0029909521307334153,
    0.0027537497137241074,
    0.0022559572842909548,
    0.0021046896011535088,
    0.0035967715332360095,
    0.002781839596424751,
    0.004850032894019529,
    0.0039008210410960142,
    0.00310906675154754,
    0.0030946762382537685,
    0.0024939864309356796,
    0.0021316528297352644,
    0.001859985693524191,
    0.0022007609700372965,
    0.001953265552818162,
    0.0018761457883489374,
    0.0027176122091784327,
    0.0023555911716358624,
    0.002320670289344795,
    0.002273797483574591,
    0.0024696653691231862,
    0.0036895917173599413,
    0.0023205812082411903,
    0.0025174251739050746,
    0.001894652050436596,
    0.0031391447103171766,
    0.003915138935755458,
    0.0019857459813928946,
    0.002139861994500336,
    0.0021062313400139754,
    0.002978157080128163,
    0.0044972059037752254,
    0.008572843315564072,
    0.037918197193646086
  ],
  "energy_ratio": {
    "k4": [
      0.23905431321949527,
      0.22281718711333018,
      0.20753232942053473,
      0.1991780350108106,
      0.17884034106224184,
      0.17450027093127665,
      0.16766581525194865,
      0.16477053251981075,
      0.16365574465944938,
      0.16396330491222558,
      0.16315829174228372,
      0.16306562071736225,
      0.16265116532195595,
      0.16258205802558384,
      0.1622339506882975,
      0.16172950555897087,
      0.1615303881291559,
      0.16162091668086215,
      0.16062751577969003,
      0.16074608061436846,
      0.16044102869666196,
      0.15952567799163425,
      0.15897646084741385,
      0.15786180578534112,
      0.15685154979153143,
      0.15641728919380474,
      0.15574913983088834,
      0.15504434156027383,
      0.15406650131811678,
      0.1527631092333083,
      0.15216760465677073,
      0.1509697842626238,
      0.14986715673568943,
      0.14910780988731942,
      0.1479310074574121,
      0.14675931002599882,
      0.14557590797859282,
      0.14486527588129636,
      0.14370727624263835,
      0.1422209372035977,
      0.14154138357607693,
      0.1403699229080057,
      0.13902617987521163,
      0.13824284232141582,
      0.13729493803920104,
      0.13615335283418772,
      0.1358188514477538,
      0.1346552082111422,
      0.13352994002361385,
      0.13283262876455998,
      0.13193954660305843,
      0.13137853618431797,
      0.13042669840272356,
      0.12994397693597118,
      0.1291762596826918,
      0.12813366140702517,
      0.12761267940874682,
      0.12692496879018514,
      0.12665498112435025,
      0.12626733768133894,
      0.12548256527353027,
      0.12529146864598575,
      0.12450483977574775,
      0.12403299323393588,
      0.12356758509824319,
      0.12343761909256366,
      0.12279854494021451,
      0.12265828542881357,
      0.12213557699067382,
      0.12187303087935475,
      0.12160185702057313,
      0.12143671361943875,
      0.12077796219659162,
      0.12060954254729173,
      0.12042724354455625,
      0.12005612641788865,
      0.11980311017300845,
      0.119497434165213,
      0.11929306984380089,
      0.11901724059772323,
      0.11854454976264472,
      0.11866650682784255,
      0.11821248302092716,
      0.11819400582536234,
      0.11812850104666096,
      0.11768649035617142,
      0.1177654587404276,
      0.11734637679525675,
      0.11747902729581831,
      0.11744981713376208,
      0.11720339314970707,
      0.1171562855325234,
      0.11702592644495213,
      0.11727315912691508,
      0.11684662293170367,
      0.1168777226794479,
      0.11711146095065068,
      0.11746605119682764,
      0.11995376801803215,
      0.14342579783266948
    ],