{
  "block": "model_input_blocks_4",
  "target_block_name": "model.input_blocks.4",
  "T": 100,
  "C": 128,
  "N": 32,
  "H": 64,
  "W": 64,
  "rank_r": 81,
  "representative_t": 99,
  "energy_threshold": 0.98,
  "actual_energy_at_r": 0.9805606438652142,
  "timesteps": [
    0,
    1,
    2,
    3,
    4,
    5,
    6,
    7,
    8,
    9,
    10,
    11,
    12,
    13,
    14,
    15,
    16,
    17,
    18,
    19,
    20,
    21,
    22,
    23,
    24,
    25,
    26,
    27,
    28,
    29,
    30,
    31,
    32,
    33,
    34,
    35,
    36,
    37,
    38,
    39,
    40,
    41,
    42,
    43,
    44,
    45,
    46,
    47,
    48,
    49,
    50,
    51,
    52,
    53,
    54,
    55,
    56,
    57,
    58,
    59,
    60,
    61,
    62,
    63,
    64,
    65,
    66,
    67,
    68,
    69,
    70,
    71,
    72,
    73,
    74,
    75,
    76,
    77,
    78,
    79,
    80,
    81,
    82,
    83,
    84,
    85,
    86,
    87,
    88,
    89,
    90,
    91,
    92,
    93,
    94,
    95,
    96,
    97,
    98,
    99
  ],
  "subspace_dist": [
    0.0,
    0.010237706532949642,
    0.0029712505499115416,
    0.014042535105413978,
    0.013609482458712963,
    0.003978394183104195,
    0.009454100022149192,
    0.005395952491084932,
    0.013568474895748084,
    0.02315102168384442,
    0.01646848448717697,
    0.0029997389501285054,
    0.0019466338149922713,
    0.001237338005843025,
    0.0031770563954226505,
    0.004282584220458796,
    0.0031952438079535517,
    0.006435992701172677,
    0.0054309831539113285,
    0.0023850201332943355,
    0.003073018684143558,
    0.0023090992094022544,
    0.0018866700938231507,
    0.002243053437919529,
    0.0023823844369824654,
    0.01125286618211696,
    0.007913617976014975,
    0.013213303120698239,
    0.013626551869013181,
    0.00599629232762755,
    0.0063703425949798165,
    0.005572940707173735,
    0.0016683834185544644,
    0.001804223482310796,
    0.0026047573049879924,
    0.004617698199352205,
    0.004372256855466494,
    0.00259650521678767,
    0.0075993559356959395,
    0.013552219959413248,
    0.002008598053845234,
    0.0018217780623591695,
    0.001715887979457209,
    0.001610845963379015,
    0.0020977629480074533,
    0.0018724534627236888,
    0.0035721576774055963,
    0.006042957427028872,
    0.008852654424859718,
    0.003672424976528754,
    0.0015202605368872524,
    0.0007790156148324012,
    0.003172625064769341,
    0.002025180039218144,
    0.001224407305290054,
    0.0020291097320588314,
    0.003749917204984854,
    0.002522810021418187,
    0.008862770927674513,
    0.0030950336944238765,
    0.0021127871741367654,
    0.0009984194718583028,
    0.0011139620896921665,
    0.0018599506326907322,
    0.0009993743634126862,
    0.0008517644281524905,
    0.005691362828460722,
    0.0027281355372831273,
    0.003326000232338755,
    0.0015944206338596167,
    0.0014524919847992424,
    0.0011156479288195742,
    0.0029363898229429752,
    0.0009451622158133111,
    0.0012127012375781066,
    0.0014903467215332533,
    0.001471455775539754,
    0.0012681892803512174,
    0.00315336735267846,
    0.0025871525621461444,
    0.0014314859584905193,
    0.0010183591307156847,
    0.0009215272840895627,
    0.0013678988254197666,
    0.000848853443571107,
    0.0014685684872468574,
    0.0008146822779151464,
    0.0017547818694171324,
    0.0014654399162061793,
    0.013225058795664157,
    0.001298305030450364,
    0.0029004196818285255,
    0.0019281909134777342,
    0.004509029142684806,
    0.0065481913544805925,
    0.003674748713524023,
    0.014818462096056417,
    0.007834064753227232,
    0.02054459800186481,
    0.1051425112769887
  ],
  "energy_ratio": {
    "k4": [
      0.940594086076726,
      0.9407822302579638,
      0.9406030470631528,
      0.938567537336696,
      0.941518565965908,
      0.9406183540443871,
      0.9403156465053325,
      0.9409920975254494,
      0.9428579367391909,
      0.940898883565657,
      0.94357602230273,
      0.9430643462538484,
      0.943317567132905,
      0.944348365382178,
      0.9449325057685892,
      0.9462596615758161,
      0.9454133679096713,
      0.9454236770271061,
      0.9457249775298153,
      0.9458823343810937,
      0.9460277768903065,
      0.9460040345260449,
      0.9461542920081136,
      0.9463512546093666,
      0.9458167025341004,
      0.9459034453970101,
      0.9451770161616305,
      0.9447344438234955,
      0.9437658480115599,
      0.9430180925913936,
      0.9423068360293115,
      0.9408842784563158,
      0.9401191808166581,
      0.9387972568543717,
      0.9371389388861691,
      0.9357466564445147,
      0.9335394045609067,
      0.9321515749999312,
      0.9302257414677173,
      0.9273136740940313,
      0.9246224253097176,
      0.9230692373919336,
      0.9205280661503812,
      0.9178268818265031,
      0.9159627056639409,
      0.9130537783998066,
      0.9110790718166991,
      0.9092239915549345,
      0.9058721008285991,
      0.90361807321174,
      0.9005417174341935,
      0.898818263685076,
      0.8965322482892787,
      0.894724642738435,
      0.892338539955682,
      0.8882711375732152,
      0.8852502490516251,
      0.8820643431010532,
      0.8823800488315863,
      0.8791267578463804,
      0.876424359911459,
      0.8735327660615929,
      0.8710557680705278,
      0.8663182895421111,
      0.8656738217995169,
      0.8638431018813941,
      0.8570198587928726,
      0.8568999693816765,
      0.8509360737435943,
      0.8476655967133477,
      0.8447961142360763,
      0.8412467764467321,
      0.835572250564654,
      0.8336549808498,
      0.8286255742764262,
      0.8223014505697258,
      0.8205742749032447,
      0.8136295058201357,
      0.809314105423746,
      0.8039397288181565,
      0.7986698334866115,
      0.7917193530340503,
      0.7881672174136328,
      0.7788647275893319,
      0.7766222333532542,
      0.767634184761305,
      0.7596501824834254,
      0.7486463207563246,
      0.7449219126375629,
      0.7345995027804724,
      0.7245323456930053,
      0.7108620938931995,
      0.6968025688284338,
      0.6830668045680184,
      0.6648858828977308,
      0.6467766833981278,
      0.6230064612806243,
      0.5938763981372136,
      0.5541451515974477,
      0.5167595531162167
    ],