{
  "block": "model_input_blocks_11",
  "target_block_name": "model.input_blocks.11",
  "T": 100,
  "C": 384,
  "N": 32,
  "H": 16,
  "W": 16,
  "rank_r": 314,
  "representative_t": 99,
  "energy_threshold": 0.98,
  "actual_energy_at_r": 0.9801581505629062,
  "timesteps": [
    0,
    1,
    2,
    3,
    4,
    5,
    6,
    7,
    8,
    9,
    10,
    11,
    12,
    13,
    14,
    15,
    16,
    17,
    18,
    19,
    20,
    21,
    22,
    23,
    24,
    25,
    26,
    27,
    28,
    29,
    30,
    31,
    32,
    33,
    34,
    35,
    36,
    37,
    38,
    39,
    40,
    41,
    42,
    43,
    44,
    45,
    46,
    47,
    48,
    49,
    50,
    51,
    52,
    53,
    54,
    55,
    56,
    57,
    58,
    59,
    60,
    61,
    62,
    63,
    64,
    65,
    66,
    67,
    68,
    69,
    70,
    71,
    72,
    73,
    74,
    75,
    76,
    77,
    78,
    79,
    80,
    81,
    82,
    83,
    84,
    85,
    86,
    87,
    88,
    89,
    90,
    91,
    92,
    93,
    94,
    95,
    96,
    97,
    98,
    99
  ],
  "subspace_dist": [
    0.0,
    0.013707528323024354,
    0.0165654732215077,
    0.017455594887084702,
    0.03322637200373568,
    0.01449261468254548,
    0.015904684617514153,
    0.008987711094627593,
    0.00884288420985535,
    0.005883949544717382,
    0.004596290177146689,
    0.004576495478350262,
    0.0029886987562058875,
    0.003038992590205347,
    0.003188979228838762,
    0.0034246466060829928,
    0.0026084459655781878,
    0.0026418375724489573,
    0.0036426061898371387,
    0.0044986405231225435,
    0.004125692638018652,
    0.004947967676425802,
    0.003217824931748825,
    0.0022874817070419606,
    0.005192559472211755,
    0.004743736700417611,
    0.004020967544654308,
    0.002777843670134672,
    0.0024062080734696956,
    0.0025137573325129114,
    0.005028904851634208,
    0.0028214568894834313,
    0.001989332133681132,
    0.002201079252885596,
    0.002673057639623999,
    0.0020861097579710774,
    0.002170019894726982,
    0.0016322154390037147,
    0.0025955034781259823,
    0.004407591853350823,
    0.003435496621104872,
    0.001984738957957588,
    0.0031122043896056883,
    0.0017498675044546053,
    0.0014735993221590693,
    0.001992255882553362,
    0.0013613992242897943,
    0.0011161556242867965,
    0.0011510556163332186,
    0.0014812639968724284,
    0.0011213597945380904,
    0.0010207539910830343,
    0.0011643165888074458,
    0.0011205717034667995,
    0.0008994557362227429,
    0.0016258446597616771,
    0.0015560263608349612,
    0.0015724354524757622,
    0.0011675057927820198,
    0.0012454151065290908,
    0.0024649529478065757,
    0.002957874142332173,
    0.0024911496170640923,
    0.0011727557396261634,
    0.0013255034282059208,
    0.001797223246631452,
    0.0034779644557169087,
    0.0033614502135410618,
    0.002025042453866144,
    0.0016819831864552937,
    0.0012184319485595285,
    0.0011158466677617662,
    0.0011929264805380368,
    0.001570307310039154,
    0.0029664890323849447,
    0.0011351697741295297,
    0.0009342101920891688,
    0.001887253460795768,
    0.001850637640681163,
    0.0012527992371242913,
    0.000810539015668188,
    0.0007524567819108263,
    0.0008878036339925455,
    0.0008676247059450359,
    0.0006932827060345259,
    0.0010588623872883618,
    0.0008393744857982943,
    0.0009812205615132852,
    0.0017064272800779712,
    0.0011726155303986019,
    0.0010646023908895685,
    0.0013052351500125736,
    0.0020017250743620263,
    0.001353547262553212,
    0.0019060084145772205,
    0.0015175039834035564,
    0.0037988482488255926,
    0.004283311515249633,
    0.0078665422993216,
    0.029561665388093905
  ],
  "energy_ratio": {
    "k4": [
      0.6077654111981599,
      0.5699312297340221,
      0.5323522704127079,
      0.5132383123211465,
      0.4444052931967263,
      0.426228003684928,
      0.39638365575672996,
      0.3876827818280876,
      0.3805086170965553,
      0.3776245725960431,
      0.375447299789325,
      0.3711040418416212,
      0.3690971654994482,
      0.36659855624879606,
      0.36433327844165597,
      0.36255858313886286,
      0.3591858120724233,
      0.3567013514023115,
      0.35330472642159716,
      0.35100445022222826,
      0.349458498218856,
      0.34653689249932174,
      0.3434190585427973,
      0.34089861550159667,
      0.33793880180094243,
      0.3352551813005568,
      0.3328463892232209,
      0.3300379609664685,
      0.32733534368246686,
      0.32529468770992487,
      0.32289692046660357,
      0.32050953429961043,
      0.31794759783572907,
      0.31585465073805846,
      0.3135968421668631,
      0.31113141541917455,
      0.3092906537104437,
      0.30678641338482276,
      0.30585930086321833,
      0.3025214132567667,
      0.3004360521342345,
      0.2989658156493097,
      0.2960406052048357,
      0.2935115527935422,
      0.2916480120628565,
      0.2902107604494083,
      0.2879112623483328,
      0.28587543813474103,
      0.2830935596079765,
      0.28268651886202967,
      0.2785901491815634,
      0.277112348161077,
      0.2746489958291333,
      0.2728996417755036,
      0.27018522219849894,
      0.2680181361576367,
      0.26571943616179855,
      0.2636184285117891,
      0.2630041973515692,
      0.26013485289073685,
      0.25842776711552057,
      0.25685738060629915,
      0.25499222634546576,
      0.2519327316805489,
      0.2507270358574127,
      0.24969281711683539,
      0.24631584153631794,
      0.24632238420157657,
      0.24315849100156953,
      0.2410592433401052,
      0.23977941341025746,
      0.23802014163755172,
      0.2352930168020841,
      0.23445277595563493,
      0.23273809102585039,
      0.23043480152189494,
      0.2295260821385745,
      0.22744136811668617,
      0.22584924172414148,
      0.22443465337479163,
      0.22280188792907624,
      0.2209569105144451,
      0.21964096403372546,
      0.217517571504887,
      0.21631336821619945,
      0.21403043617951287,
      0.2125256040294324,
      0.21052946976804285,
      0.20940445439542796,
      0.20752879681806305,
      0.20539444610050636,
      0.20293261718389594,
      0.19985158247276497,
      0.197170370137978,
      0.19415259770665066,
      0.19084992953706784,
      0.1866966934913847,
      0.18105826694518792,
      0.17550596647720096,
      0.1898506114441514
    ],