{
  "block": "model_input_blocks_2",
  "target_block_name": "model.input_blocks.2",
  "T": 100,
  "C": 128,
  "N": 32,
  "H": 128,
  "W": 128,
  "rank_r": 54,
  "representative_t": 99,
  "energy_threshold": 0.98,
  "actual_energy_at_r": 0.9806922031780688,
  "timesteps": [
    0,
    1,
    2,
    3,
    4,
    5,
    6,
    7,
    8,
    9,
    10,
    11,
    12,
    13,
    14,
    15,
    16,
    17,
    18,
    19,
    20,
    21,
    22,
    23,
    24,
    25,
    26,
    27,
    28,
    29,
    30,
    31,
    32,
    33,
    34,
    35,
    36,
    37,
    38,
    39,
    40,
    41,
    42,
    43,
    44,
    45,
    46,
    47,
    48,
    49,
    50,
    51,
    52,
    53,
    54,
    55,
    56,
    57,
    58,
    59,
    60,
    61,
    62,
    63,
    64,
    65,
    66,
    67,
    68,
    69,
    70,
    71,
    72,
    73,
    74,
    75,
    76,
    77,
    78,
    79,
    80,
    81,
    82,
    83,
    84,
    85,
    86,
    87,
    88,
    89,
    90,
    91,
    92,
    93,
    94,
    95,
    96,
    97,
    98,
    99
  ],
  "subspace_dist": [
    0.0,
    0.014939134448448965,
    0.009182002071184803,
    0.039406955758513273,
    0.025455885442347892,
    0.00935864982318313,
    0.007957429708775554,
    0.011835871802879705,
    0.002668529330880798,
    0.02263736276192374,
    0.010884278182218932,
    0.0013220085203059506,
    0.0009552847507974249,
    0.0008987518306936559,
    0.0026015612195913196,
    0.005210589609980332,
    0.00425134139268879,
    0.0028462991033195717,
    0.0048731990991486285,
    0.0023749499196178414,
    0.0011975703563918971,
    0.002519803816963151,
    0.0018578542357987615,
    0.003875020721284539,
    0.0011161754162758442,
    0.0029242347289311077,
    0.01831991500797958,
    0.009287652090241294,
    0.006763067098823572,
    0.009295171956272164,
    0.010886103759441434,
    0.011973337858329658,
    0.0015688297591240907,
    0.004058996947922777,
    0.0026308102966215996,
    0.001057227323412957,
    0.00887612910471336,
    0.0018269533389669856,
    0.002700408082660033,
    0.0032472901597622172,
    0.0017712587897718013,
    0.0025545926567005495,
    0.001661749573341198,
    0.0011401979675744744,
    0.0049349992263536535,
    0.00771053012779177,
    0.02078406959568624,
    0.00608959869338388,
    0.004180335661742585,
    0.0031862606118069348,
    0.001593226767735545,
    0.0010130974541208149,
    0.0023268140755484668,
    0.003412316400222992,
    0.0011196989497892496,
    0.002888177220299104,
    0.0051296352129738265,
    0.0018531267540152774,
    0.0014568445292768573,
    0.0020504043698926777,
    0.0027905102953732497,
    0.0014938816230453122,
    0.005269406688069522,
    0.001259291938290219,
    0.0022230047456418545,
    0.0006568098359053254,
    0.020808472628221164,
    0.008263911573978877,
    0.014286615390596391,
    0.0010393219406218401,
    0.0008165746026539411,
    0.006559410897457929,
    0.013128579667995965,
    0.0032028136101183158,
    0.0013695205580880332,
    0.0036142596260668736,
    0.0021330653919903186,
    0.002495222752984194,
    0.0015220432251573657,
    0.019619651264405125,
    0.001525274120986908,
    0.002360444598297984,
    0.00224001542209451,
    0.0026356540743774914,
    0.0038143353148896164,
    0.005926891439938742,
    0.0022310037144932515,
    0.003945059145595509,
    0.005601661839261252,
    0.0032835588687453177,
    0.004385929742350747,
    0.006970344981722443,
    0.0101665445645025,
    0.004213835265237553,
    0.0039761540188246736,
    0.005257566929616209,
    0.008011529737323109,
    0.023007207373548222,
    0.030734584820089506,
    0.10363492003633956
  ],
  "energy_ratio": {
    "k4": [
      0.8888486931474644,
      0.887896593106954,
      0.8887432330149506,
      0.8844483405520808,
      0.8888822319872938,
      0.887962847480248,
      0.8857188858787285,
      0.8862531440922294,
      0.8882146727309249,
      0.8859432072342416,
      0.8881553421937585,
      0.8872875673497305,
      0.8875025568296236,
      0.8887206188017625,
      0.8897670812630939,
      0.8924845510462012,
      0.8905476529936319,
      0.891530077771092,
      0.8918894429442915,
      0.8924764967407954,
      0.8931399226733946,
      0.8939684190298639,
      0.8949029850390376,
      0.8961320546663589,
      0.8968402093750958,
      0.897766024358815,
      0.8978612528392763,
      0.898634053015356,
      0.8992987972938197,
      0.8999266311108758,
      0.9007251577817726,
      0.9008509442195899,
      0.9021013437986575,
      0.9023848570304015,
      0.9024221549922719,
      0.9027188198956091,
      0.9029184162303197,
      0.9033388431812773,
      0.9033254984903364,
      0.9031794263642905,
      0.9028112448401474,
      0.90316453107822,
      0.902427250287476,
      0.902580458843521,
      0.9017907172580154,
      0.900493997593283,
      0.8999883748927467,
      0.8994362224641799,
      0.8980179105704958,
      0.8964457480149932,
      0.8955422774330182,
      0.8944087005311001,
      0.8927104240024165,
      0.8925411744986002,
      0.8910638943272572,
      0.8885481825416396,
      0.8856247467383956,
      0.8841116595997067,
      0.8832796162400401,
      0.8802674297348025,
      0.8790685809923046,
      0.8754700248648497,
      0.8735309268666379,
      0.8696940796155378,
      0.868445455943637,
      0.8662419663780511,
      0.8599967917298457,
      0.8587666154441503,
      0.8526837104185068,
      0.8498110657035591,
      0.8461295850602515,
      0.8423355117828972,
      0.838165082183691,
      0.8371773089967628,
      0.8344211092291869,
      0.8307075059693466,
      0.8317564665444074,
      0.826546168793558,
      0.8246767202644902,
      0.8217478817896182,
      0.8184452938862353,
      0.8143681514503548,
      0.8131686130054306,
      0.8050878314255663,
      0.8076047495365183,
      0.7992120116527616,
      0.7944410232252305,
      0.7856707800729555,
      0.7844720085050283,
      0.7779818957326031,
      0.7716353358111068,
      0.760650430163345,
      0.7510682514223106,
      0.7396374180878117,
      0.7230894345543302,
      0.7066578515934671,
      0.6849610710926498,
      0.6560054914946106,
      0.605144542972595,
      0.5197184970185802
    ],