{
  "block": "model_input_blocks_13",
  "target_block_name": "model.input_blocks.13",
  "T": 100,
  "C": 512,
  "N": 32,
  "H": 8,
  "W": 8,
  "rank_r": 372,
  "representative_t": 99,
  "energy_threshold": 0.98,
  "actual_energy_at_r": 0.9801657563755175,
  "timesteps": [
    0,
    1,
    2,
    3,
    4,
    5,
    6,
    7,
    8,
    9,
    10,
    11,
    12,
    13,
    14,
    15,
    16,
    17,
    18,
    19,
    20,
    21,
    22,
    23,
    24,
    25,
    26,
    27,
    28,
    29,
    30,
    31,
    32,
    33,
    34,
    35,
    36,
    37,
    38,
    39,
    40,
    41,
    42,
    43,
    44,
    45,
    46,
    47,
    48,
    49,
    50,
    51,
    52,
    53,
    54,
    55,
    56,
    57,
    58,
    59,
    60,
    61,
    62,
    63,
    64,
    65,
    66,
    67,
    68,
    69,
    70,
    71,
    72,
    73,
    74,
    75,
    76,
    77,
    78,
    79,
    80,
    81,
    82,
    83,
    84,
    85,
    86,
    87,
    88,
    89,
    90,
    91,
    92,
    93,
    94,
    95,
    96,
    97,
    98,
    99
  ],
  "subspace_dist": [
    0.0,
    0.015274448227746484,
    0.01721422973886888,
    0.016295125605901184,
    0.03709648400858001,
    0.01010013056050807,
    0.017265147052137775,
    0.006952232424616289,
    0.0069196178574914,
    0.003207264668992238,
    0.0036640969117525124,
    0.002473300418490254,
    0.0034154076179870874,
    0.0025228295386861,
    0.0035326869089460367,
    0.002527351509700959,
    0.0026034379256156814,
    0.0022516043791693807,
    0.003018598675723627,
    0.0032336738594922476,
    0.0019751067141030587,
    0.0030802957441328216,
    0.0023193901877911483,
    0.0033733163153243373,
    0.002595626284796926,
    0.0029807874882396,
    0.0025968150303149473,
    0.0023413433994294852,
    0.0018651272111774864,
    0.003477205494912816,
    0.002553015343446763,
    0.002336358073714684,
    0.0021259686107003573,
    0.003500106269035963,
    0.003503584999973386,
    0.0021504251743047487,
    0.004001415830260924,
    0.002619745677155838,
    0.0020083126372311133,
    0.0021461005964316104,
    0.0025330353076161716,
    0.0024491512135708104,
    0.0026478079177721936,
    0.0016751826599659125,
    0.0021830861298196558,
    0.0019793173166268163,
    0.001829449519454296,
    0.0028381828360324324,
    0.004054140203294643,
    0.002357171297794114,
    0.0019086111248851623,
    0.00279898073341589,
    0.002976248134011761,
    0.0017237624793231543,
    0.0016730667400511878,
    0.002475728050323478,
    0.0016876985952275492,
    0.002606445643184685,
    0.003124520450893953,
    0.0038800124948462633,
    0.002774440987090676,
    0.0022182968743695852,
    0.00212632332837992,
    0.0024791372965540237,
    0.004000171920208073,
    0.0037401151726461634,
    0.0028618351638216577,
    0.001956791865139307,
    0.0020030027570443476,
    0.0018569383502833325,
    0.0017830082780343481,
    0.0014138978698989835,
    0.0019239072545513825,
    0.001732942667425852,
    0.0020906031021272753,
    0.0028819019153885073,
    0.0027733286642875887,
    0.002973988922485682,
    0.002624353927491274,
    0.0011441593991468046,
    0.0029667096910871438,
    0.002900922621866475,
    0.0014484219345868299,
    0.0013955276991957088,
    0.0028884375879982827,
    0.0021963018151560654,
    0.001788698375965736,
    0.002625357487796909,
    0.0018692626627008213,
    0.0015605172238432052,
    0.0028790469137695007,
    0.0025385712787210357,
    0.0019813591624787685,
    0.0020432928616785917,
    0.0030635819554691857,
    0.002668689799877777,
    0.0036745606514990703,
    0.004317940233527606,
    0.005701703562086213,
    0.03211822420960453
  ],
  "energy_ratio": {
    "k4": [
      0.3718106222819548,
      0.3315205930106535,
      0.29255264096393835,
      0.27266035279825473,
      0.21603023093254492,
      0.20354861940183966,
      0.18545796735809034,
      0.18076951318420875,
      0.17784711133164788,
      0.17822760141761565,
      0.1770556883386812,
      0.17647368442846215,
      0.17604317139570994,
      0.17594328489023164,
      0.1758358773590428,
      0.1750220978775727,
      0.17421029538054297,
      0.17435412073678128,
      0.17263997832363037,
      0.17339815658702523,
      0.17307971652902024,
      0.17258353586989664,
      0.17177540732172697,
      0.1706953050846141,
      0.1700167717603784,
      0.1701142793648818,
      0.16902779036127125,
      0.1694485501733112,
      0.16969203632251253,
      0.16750794867169377,
      0.16898588992724145,
      0.16758300592371755,
      0.16733311983059698,
      0.16756039869288908,
      0.167121618475588,
      0.1668597573749954,
      0.1667712977213581,
      0.1665546665100889,
      0.16688883577933358,
      0.1657138349119187,
      0.16563821812535373,
      0.16607910144246507,
      0.16505129920591233,
      0.16476001909189658,
      0.16508037817375534,
      0.16478764664229406,
      0.16527200458221322,
      0.1647340753689818,
      0.16419525361212167,
      0.16463062997464462,
      0.16377957983765062,
      0.1642948037136812,
      0.1640144085692235,
      0.16421027653599363,
      0.16417757536768698,
      0.16368559617037548,
      0.163434526868568,
      0.1634357982986763,
      0.1643206857142158,
      0.16438788283399158,
      0.16384172552927714,
      0.16463654001670416,
      0.16400001082633384,
      0.16350013099912872,
      0.1642743893169506,
      0.16484217537043844,
      0.16416418566752541,
      0.16526275747037542,
      0.16424019572632617,
      0.1643749206196407,
      0.16495622131471083,
      0.1650382273706577,
      0.16452229917464575,
      0.165338057488783,
      0.16527032734188785,
      0.16483550122814145,
      0.16568353498261096,
      0.16536953244894553,
      0.16554527152504236,
      0.16589320243564443,
      0.1659422105755465,
      0.1660590856202091,
      0.16605099820614144,
      0.16621142060481842,
      0.16661075894848076,
      0.1661231283202937,
      0.16598406488079212,
      0.16598268192744658,
      0.16649498649884714,
      0.1672196155486879,
      0.166417210790446,
      0.16609646633937614,
      0.16574742445908525,
      0.16560384335806208,
      0.1656704878486653,
      0.16527382972193766,
      0.16464696906356574,
      0.16334242806512161,
      0.1618212228833775,
      0.17488261398419241
    ],