{
  "block": "model_output_blocks_7",
  "target_block_name": "model.output_blocks.7",
  "T": 100,
  "C": 256,
  "N": 32,
  "H": 32,
  "W": 32,
  "rank_r": 174,
  "representative_t": 99,
  "energy_threshold": 0.98,
  "actual_energy_at_r": 0.9803091154942625,
  "timesteps": [
    0,
    1,
    2,
    3,
    4,
    5,
    6,
    7,
    8,
    9,
    10,
    11,
    12,
    13,
    14,
    15,
    16,
    17,
    18,
    19,
    20,
    21,
    22,
    23,
    24,
    25,
    26,
    27,
    28,
    29,
    30,
    31,
    32,
    33,
    34,
    35,
    36,
    37,
    38,
    39,
    40,
    41,
    42,
    43,
    44,
    45,
    46,
    47,
    48,
    49,
    50,
    51,
    52,
    53,
    54,
    55,
    56,
    57,
    58,
    59,
    60,
    61,
    62,
    63,
    64,
    65,
    66,
    67,
    68,
    69,
    70,
    71,
    72,
    73,
    74,
    75,
    76,
    77,
    78,
    79,
    80,
    81,
    82,
    83,
    84,
    85,
    86,
    87,
    88,
    89,
    90,
    91,
    92,
    93,
    94,
    95,
    96,
    97,
    98,
    99
  ],
  "subspace_dist": [
    0.0,
    0.006210037256718426,
    0.006132900681309561,
    0.005122740871184583,
    0.010198015499170321,
    0.002955810186585972,
    0.004333102332870431,
    0.0025408836115730082,
    0.0015811387578008596,
    0.0017077797671558592,
    0.001149340175621516,
    0.0007555391816312929,
    0.0009086646366787132,
    0.0004696709502642893,
    0.0010815582438431504,
    0.0017953843343950782,
    0.004940343066381803,
    0.0022685643231125097,
    0.0011234198612378732,
    0.0016780064264456662,
    0.0008929118950130599,
    0.0006499543787965578,
    0.00045574500330625156,
    0.0004367960941177307,
    0.0007886521228058774,
    0.0003916752838877269,
    0.0007315740561159023,
    0.0009010737109901301,
    0.0003432899452570082,
    0.0005401874792697603,
    0.0018809392577417983,
    0.0005621225637437721,
    0.0008026742309206192,
    0.000545151474107386,
    0.00040159253290139585,
    0.0005841332982143843,
    0.00039591424231211203,
    0.0003971161669806822,
    0.00033833791282544823,
    0.0003392584214541028,
    0.00023738158303110435,
    0.00047997907869912204,
    0.00034852970375909287,
    0.0013703039103710735,
    0.0006757635681174934,
    0.00029950585221583115,
    0.0003048183074734201,
    0.00022359032008500979,
    0.00041157849215778253,
    0.0003557937442623116,
    0.0007940333824999479,
    0.00029569451407629455,
    0.0007076038472548785,
    0.0005306160888870481,
    0.0008446375558266439,
    0.0004938130088264492,
    0.0008264436123119889,
    0.0016414096923184074,
    0.001508741120343493,
    0.0005120853367084344,
    0.001327924476308584,
    0.00032706420467321085,
    0.0002689281722013659,
    0.00046378985464745615,
    0.000333897079295431,
    0.00033343547619979486,
    0.0003344725229410539,
    0.0002496693257461047,
    0.0002732957480099385,
    0.0003093477882487594,
    0.00023126635044812272,
    0.00020250432394619544,
    0.00032328349483712326,
    0.00029399136700025696,
    0.0002549448011565092,
    0.0002773378186680109,
    0.0003620771346074525,
    0.0004915137836125627,
    0.00023740217161005717,
    0.00020721179861715733,
    0.0004351540474217819,
    0.00032750537598924545,
    0.0005301042518988108,
    0.00038455287783389913,
    0.0007815003720144098,
    0.000640607195824705,
    0.0019821242843464093,
    0.0010195677095273803,
    0.0007737728301412394,
    0.0005291915586234097,
    0.0006446211107568045,
    0.0006164275843300038,
    0.0012226332485780755,
    0.0012659064629817474,
    0.0024994596836628302,
    0.0018798917511643198,
    0.002539970048425433,
    0.002374585883546776,
    0.006213567505052753,
    0.03552218738009738
  ],
  "energy_ratio": {
    "k4": [
      0.7069991451333156,
      0.6867453742100396,
      0.6645393694147043,
      0.6452174681515861,
      0.6198358806139602,
      0.605507601556144,
      0.5933264914868547,
      0.5818841868755417,
      0.5734701332844115,
      0.5668286067459505,
      0.5614400348411085,
      0.5534038079803585,
      0.5498122886309531,
      0.5452945896547993,
      0.5388851170459765,
      0.5365299095003642,
      0.5299138697407731,
      0.5252871731417063,
      0.5202597517914946,
      0.5184179347897684,
      0.5149271573711237,
      0.5120520633089716,
      0.5090732557421614,
      0.505433974260826,
      0.5028666132407754,
      0.5010193861130667,
      0.49708298657220923,
      0.4949567519621753,
      0.4924389463614956,
      0.4890904845864719,
      0.48739662618356455,
      0.4838514336661311,
      0.4813344443667363,
      0.4785637904985142,
      0.47601873695427144,
      0.47241636466296255,
      0.46980685690304724,
      0.46792992173585,
      0.4646769200012854,
      0.4610166737616238,
      0.4576822938887084,
      0.45518033583582806,
      0.45063666227054405,
      0.44819394104108407,
      0.44542071808979794,
      0.4414606818972864,
      0.43823045793653037,
      0.4347464832819607,
      0.43065828682372237,
      0.4280883125259226,
      0.42433793522753815,
      0.4212189813037705,
      0.41766109596216594,
      0.4151220988747065,
      0.4112887864175594,
      0.4061107556395753,
      0.4031374716515129,
      0.3991616845258358,
      0.39667089473265627,
      0.39341732282981773,
      0.38946455450226075,
      0.385980881413215,
      0.3813419122151841,
      0.3781848676894297,
      0.3750097556601752,
      0.37153337277386206,
      0.3670234041421032,
      0.3645928954379434,
      0.3594643203239216,
      0.3566250190436417,
      0.3538253027556026,
      0.3499811469613281,
      0.34542032302795134,
      0.34237522373252016,
      0.33936117002228167,
      0.33506258461043315,
      0.3313441109041869,
      0.3279777563362965,
      0.324346754041864,
      0.3205206928935649,
      0.3168455830057531,
      0.31343625540217745,
      0.3094523523711552,
      0.30522752843777934,
      0.3021328448097489,
      0.297478609201469,
      0.29375479122371834,
      0.2888140236378504,
      0.2857442933580053,
      0.28148948164574206,
      0.2765948156057366,
      0.27153896927508736,
      0.26640433377460765,
      0.26125753809299057,
      0.25522475204879286,
      0.24902201837157767,
      0.2425149138499439,
      0.2374525235692531,
      0.24062354817926235,
      0.3082946200180776
    ],