{
  "block": "model_output_blocks_6",
  "target_block_name": "model.output_blocks.6",
  "T": 100,
  "C": 256,
  "N": 32,
  "H": 32,
  "W": 32,
  "rank_r": 187,
  "representative_t": 99,
  "energy_threshold": 0.98,
  "actual_energy_at_r": 0.9803032651177928,
  "timesteps": [
    0,
    1,
    2,
    3,
    4,
    5,
    6,
    7,
    8,
    9,
    10,
    11,
    12,
    13,
    14,
    15,
    16,
    17,
    18,
    19,
    20,
    21,
    22,
    23,
    24,
    25,
    26,
    27,
    28,
    29,
    30,
    31,
    32,
    33,
    34,
    35,
    36,
    37,
    38,
    39,
    40,
    41,
    42,
    43,
    44,
    45,
    46,
    47,
    48,
    49,
    50,
    51,
    52,
    53,
    54,
    55,
    56,
    57,
    58,
    59,
    60,
    61,
    62,
    63,
    64,
    65,
    66,
    67,
    68,
    69,
    70,
    71,
    72,
    73,
    74,
    75,
    76,
    77,
    78,
    79,
    80,
    81,
    82,
    83,
    84,
    85,
    86,
    87,
    88,
    89,
    90,
    91,
    92,
    93,
    94,
    95,
    96,
    97,
    98,
    99
  ],
  "subspace_dist": [
    0.0,
    0.007920262295986413,
    0.005852609151171029,
    0.007074311635174579,
    0.017487981738095737,
    0.005973098637700236,
    0.008031174541717534,
    0.0018988544993767675,
    0.002095344566574564,
    0.0010234504283247459,
    0.0011051729005814304,
    0.0007423726313903201,
    0.0008758085674963612,
    0.0013691854793691505,
    0.0007093150946200222,
    0.0006147576341259953,
    0.0005817561962169204,
    0.0010007006473380375,
    0.0009104759370321958,
    0.0006544123953938774,
    0.0010569593722346005,
    0.00043230034528785044,
    0.005777723537274793,
    0.00042508866683854674,
    0.0006642820234421531,
    0.001147228158748459,
    0.0009977832852031687,
    0.0006665801199778887,
    0.0004850328169085927,
    0.000477541063722553,
    0.000640920086907748,
    0.0006320248478851598,
    0.000773326231102045,
    0.00044466788003028057,
    0.0006552249568482216,
    0.0010353959508503374,
    0.0019981990762386603,
    0.005612393692501438,
    0.0006834500453888337,
    0.0007706227237039842,
    0.0004367109101878208,
    0.0004099384842065623,
    0.00043777326424121465,
    0.0005849030017396339,
    0.0005113653565903542,
    0.000470647918955569,
    0.0009610006542053462,
    0.0008324198573547159,
    0.0008304224380839553,
    0.000992470987281835,
    0.0005041206942830723,
    0.0011147861569037465,
    0.0012872195040790624,
    0.0007792975666873758,
    0.0007168108348091229,
    0.0007505728514837218,
    0.0011782826418332837,
    0.0016392119743690037,
    0.0004513461892550197,
    0.0009517565311982779,
    0.0006984313220547156,
    0.00033127165829049954,
    0.0015580683892599811,
    0.0021063616284254794,
    0.003382312942779797,
    0.0003900511173486887,
    0.0024548132663034794,
    0.0005269946979109541,
    0.0009919219648372168,
    0.0006977541740023074,
    0.0005129247476153287,
    0.00029246377421443537,
    0.0003729009605801803,
    0.00044276272879184564,
    0.0037214219203364207,
    0.005567548614748397,
    0.0019751251437203354,
    0.0005514467984202298,
    0.00037343585994065176,
    0.00041258551055911585,
    0.00041216717650660595,
    0.0003929243297983165,
    0.000426477567820438,
    0.0004773030611461282,
    0.0004562068976404765,
    0.0006373841348377152,
    0.0005434234757211165,
    0.0005327656541621595,
    0.00046144609669351855,
    0.0004643839272288064,
    0.00047748862025032146,
    0.0005817527974472103,
    0.0007643562825370154,
    0.0007414526233912033,
    0.0009719627872095682,
    0.0011241757152069543,
    0.0016164144864919683,
    0.00293693238381032,
    0.005711947389558936,
    0.03180879880160037
  ],
  "energy_ratio": {
    "k4": [
      0.6786415885903296,
      0.654509423629233,
      0.6293792248807906,
      0.6100613427270039,
      0.5793924407557803,
      0.5657553532040068,
      0.5529762224463022,
      0.5420992951103152,
      0.5356200169033978,
      0.5311224763700458,
      0.5268352798831802,
      0.5213862816253654,
      0.51889310853554,
      0.5161806961532595,
      0.5112529253666184,
      0.5097070829815775,
      0.5047222953704676,
      0.5007825543844885,
      0.49643612309651963,
      0.49539752949397314,
      0.49190380957078683,
      0.48895364202239305,
      0.48569536915162514,
      0.4814839177017201,
      0.47835019893318387,
      0.4766314519431024,
      0.4725991778205754,
      0.4706159124616773,
      0.4670349392441582,
      0.46237737501263343,
      0.4611091227685479,
      0.4571170871540076,
      0.4534614537058084,
      0.4507801374627438,
      0.44796376289037443,
      0.44369091251278847,
      0.44054475500618623,
      0.4388290620028359,
      0.4353431070059015,
      0.43120423899502813,
      0.427694179995323,
      0.425290999733408,
      0.42045080313279515,
      0.4181543089696287,
      0.41601890741899467,
      0.4116643856970149,
      0.4090478969116747,
      0.4054799196521551,
      0.4010366279757598,
      0.39909638880270076,
      0.39538641262111635,
      0.3925281217739498,
      0.38904290623835464,
      0.38629811561064165,
      0.38295881145353344,
      0.37785673347444887,
      0.3752867201374796,
      0.3715337724562464,
      0.37006751346516215,
      0.3671316237780091,
      0.3632835699083131,
      0.36048027238199926,
      0.3558165572388339,
      0.35318853478857654,
      0.3505323145435132,
      0.3479223754507361,
      0.3430030683255722,
      0.3415641889735417,
      0.33701772982902417,
      0.33381230608314993,
      0.3318369929672988,
      0.32841462685400213,
      0.32380987453930016,
      0.3218489525388629,
      0.3191655465487041,
      0.3149605116744096,
      0.31155045612384485,
      0.3088551769941636,
      0.30542458941691886,
      0.301903324343164,
      0.29849536671529164,
      0.29591518565033426,
      0.2921723087145854,
      0.2885397773646009,
      0.2858989850283577,
      0.2816611050868584,
      0.27865993198446354,
      0.2741129629506105,
      0.2715141783056612,
      0.2682004269228141,
      0.26406211564473936,
      0.26014997266163864,
      0.2559094276031514,
      0.25194738240750586,
      0.2474031391777981,
      0.24278568932324074,
      0.2376363799781716,
      0.23177318495957355,
      0.22656936011006346,
      0.2635428625618303
    ],