{
  "block": "model_output_blocks_4",
  "target_block_name": "model.output_blocks.4",
  "T": 100,
  "C": 384,
  "N": 32,
  "H": 16,
  "W": 16,
  "rank_r": 291,
  "representative_t": 99,
  "energy_threshold": 0.98,
  "actual_energy_at_r": 0.9802010074076463,
  "timesteps": [
    0,
    1,
    2,
    3,
    4,
    5,
    6,
    7,
    8,
    9,
    10,
    11,
    12,
    13,
    14,
    15,
    16,
    17,
    18,
    19,
    20,
    21,
    22,
    23,
    24,
    25,
    26,
    27,
    28,
    29,
    30,
    31,
    32,
    33,
    34,
    35,
    36,
    37,
    38,
    39,
    40,
    41,
    42,
    43,
    44,
    45,
    46,
    47,
    48,
    49,
    50,
    51,
    52,
    53,
    54,
    55,
    56,
    57,
    58,
    59,
    60,
    61,
    62,
    63,
    64,
    65,
    66,
    67,
    68,
    69,
    70,
    71,
    72,
    73,
    74,
    75,
    76,
    77,
    78,
    79,
    80,
    81,
    82,
    83,
    84,
    85,
    86,
    87,
    88,
    89,
    90,
    91,
    92,
    93,
    94,
    95,
    96,
    97,
    98,
    99
  ],
  "subspace_dist": [
    0.0,
    0.007577031224981656,
    0.010517362713457934,
    0.006907103601132336,
    0.02027695592855583,
    0.0076289317254758515,
    0.010045779459552207,
    0.00393640481571067,
    0.005582982184621943,
    0.0034246494881721157,
    0.001518053889058124,
    0.00264594177503219,
    0.001747243301514323,
    0.0018879596460362746,
    0.002523812342226983,
    0.001428651477711429,
    0.0014715686280035722,
    0.0016755549373297374,
    0.003055094149500892,
    0.0017355552773907768,
    0.0014660575898104433,
    0.003555889086113706,
    0.0012990371489124408,
    0.004249740432840876,
    0.001292894825337454,
    0.0014026034945805455,
    0.001954565553974441,
    0.0012542214823584308,
    0.0010893699464562534,
    0.0009974377348654917,
    0.0013300301080545474,
    0.0016019694759914493,
    0.0012260924238731707,
    0.0010319615470745225,
    0.0011989203830762296,
    0.0010601220195515237,
    0.0009199178016212617,
    0.0008977127455620515,
    0.0010502816339853505,
    0.0011302487906986736,
    0.001163763319886102,
    0.0011017990631756458,
    0.001089460399015918,
    0.0012190954460347125,
    0.0012957486407738639,
    0.002065846067373589,
    0.0011474523997360153,
    0.0017916901261035845,
    0.001610080699620875,
    0.0010266929959868998,
    0.0008746495144449362,
    0.0012090434979471487,
    0.001000250782437373,
    0.0012903989428241225,
    0.0011722063368049263,
    0.0011394364748732455,
    0.0008177438044733032,
    0.0010678165674055107,
    0.0012379153194390646,
    0.0014671881265447828,
    0.001689477107759907,
    0.0019333935439813654,
    0.001243504009010632,
    0.0010565206121190274,
    0.0009255876496594428,
    0.0010382632085566001,
    0.0010779995175643764,
    0.0009823832651146835,
    0.0016048493840207234,
    0.0009505117325894208,
    0.0009259505734187101,
    0.0015744648295223929,
    0.001425157783177311,
    0.0012429151337496336,
    0.001005296461359384,
    0.0008447728620857298,
    0.0007365105705833264,
    0.0009329053445510382,
    0.0008058314078031037,
    0.0006556077271320238,
    0.0006960412178685926,
    0.0007563450002843197,
    0.0010166420158206346,
    0.0015307475208953258,
    0.0024145023707127233,
    0.001840465227429755,
    0.002418514487472323,
    0.004194803032696259,
    0.0011898074193121833,
    0.002885366173712156,
    0.0024902219108853263,
    0.0019885743786955956,
    0.003731797240948298,
    0.001983196443224866,
    0.0017061261970350294,
    0.0019846723429737256,
    0.0032596529559687504,
    0.004880153576658386,
    0.006759163891170927,
    0.03177841885183308
  ],
  "energy_ratio": {
    "k4": [
      0.4784587779043804,
      0.45585270752068674,
      0.43341875002628405,
      0.4207806442902613,
      0.39048750464977217,
      0.3821285573985928,
      0.3717471040802768,
      0.3662685462987142,
      0.362572739097317,
      0.35956733887985115,
      0.3566471419198839,
      0.3541110146418133,
      0.3519160994210885,
      0.35027249833161506,
      0.3476749078830617,
      0.345870677356207,
      0.34380831227055536,
      0.3417130676528937,
      0.3383485262692842,
      0.33715302505535455,
      0.3349904711450383,
      0.33254645646603825,
      0.32991209257476634,
      0.32674097011618203,
      0.3239837600532352,
      0.32172959821707947,
      0.3187905714067576,
      0.31701652163975563,
      0.31389689231744844,
      0.3112670006574616,
      0.3092781470755855,
      0.3066629158374749,
      0.30361103071770396,
      0.3015873645753624,
      0.29900116079931227,
      0.29641511631170064,
      0.2934877207537127,
      0.29211972502582917,
      0.2898475478749641,
      0.28661377200244353,
      0.28472392263350943,
      0.2822864417870782,
      0.2790447705093865,
      0.2775493490188457,
      0.2759359152112474,
      0.273131464095088,
      0.2715877266217408,
      0.26893869360703754,
      0.26638444201482786,
      0.2649991885892649,
      0.2624066302744014,
      0.2609985937705912,
      0.2584107829172762,
      0.25664707194205083,
      0.25438335025774955,
      0.2514527161133491,
      0.2501083173821309,
      0.24799158222730816,
      0.24672871064644764,
      0.2453565472476093,
      0.24257381106173037,
      0.24123499580687063,
      0.23835462525396145,
      0.2368730425134075,
      0.23555969301460397,
      0.23420996850583803,
      0.23168548411525022,
      0.23079828735283195,
      0.22809995173916162,
      0.22671223745636884,
      0.22547242180266777,
      0.22378148059698277,
      0.2212944274712844,
      0.22075200139585133,
      0.21921848275536227,
      0.21704913596627853,
      0.21562109035553173,
      0.21414367913685278,
      0.21266821498221508,
      0.21080281520113114,
      0.2088637465618329,
      0.208006816677979,
      0.2061347030353234,
      0.20485457024116527,
      0.2036307085125278,
      0.20151790753677606,
      0.20025100607806434,
      0.1981498260059059,
      0.19731168762075527,
      0.19636195343566795,
      0.19477801425263774,
      0.19362206317610656,
      0.19235159590459394,
      0.19173607185736688,
      0.19115419227039643,
      0.19034880081807598,
      0.190086018296874,
      0.18998693972376074,
      0.19224774860813387,
      0.22964440250972842
    ],