{
  "block": "model_output_blocks_8",
  "target_block_name": "model.output_blocks.8",
  "T": 100,
  "C": 256,
  "N": 32,
  "H": 64,
  "W": 64,
  "rank_r": 178,
  "representative_t": 99,
  "energy_threshold": 0.98,
  "actual_energy_at_r": 0.980297009684207,
  "timesteps": [
    0,
    1,
    2,
    3,
    4,
    5,
    6,
    7,
    8,
    9,
    10,
    11,
    12,
    13,
    14,
    15,
    16,
    17,
    18,
    19,
    20,
    21,
    22,
    23,
    24,
    25,
    26,
    27,
    28,
    29,
    30,
    31,
    32,
    33,
    34,
    35,
    36,
    37,
    38,
    39,
    40,
    41,
    42,
    43,
    44,
    45,
    46,
    47,
    48,
    49,
    50,
    51,
    52,
    53,
    54,
    55,
    56,
    57,
    58,
    59,
    60,
    61,
    62,
    63,
    64,
    65,
    66,
    67,
    68,
    69,
    70,
    71,
    72,
    73,
    74,
    75,
    76,
    77,
    78,
    79,
    80,
    81,
    82,
    83,
    84,
    85,
    86,
    87,
    88,
    89,
    90,
    91,
    92,
    93,
    94,
    95,
    96,
    97,
    98,
    99
  ],
  "subspace_dist": [
    0.0,
    0.005768471044852119,
    0.009407845280400062,
    0.007131970039297553,
    0.009501661488451218,
    0.0030639567186103722,
    0.003067469903032083,
    0.0019042753018670977,
    0.005492014576636062,
    0.005379989748892644,
    0.005545418305977434,
    0.004160653599150632,
    0.000653246331543178,
    0.0005825919752960873,
    0.0008012915161245138,
    0.0005060536114105396,
    0.0006172498014759276,
    0.0006789068521041441,
    0.0007923361917803184,
    0.0007290701566747826,
    0.0005843885918274117,
    0.000946374686674134,
    0.0008095761659554501,
    0.0057867865187292145,
    0.0006484224407895534,
    0.0012286779892139998,
    0.002360036603203719,
    0.0030114735933980397,
    0.00046624285909113716,
    0.0010597068305665536,
    0.0007513570628391308,
    0.0010548264394749651,
    0.004324069483380821,
    0.00043252362532042454,
    0.0020845614017406255,
    0.0003873270666490125,
    0.0021122073740582614,
    0.0021534524264281707,
    0.0003590412646504726,
    0.00035853450184120117,
    0.00039469969220928824,
    0.0005016130938749752,
    0.0005577263273964794,
    0.0005788756421613028,
    0.0004995586205090996,
    0.0003392224343351513,
    0.0002816977362301021,
    0.0007489637237607649,
    0.0005159603214494046,
    0.00032590888063266377,
    0.0004119750751216955,
    0.0007599614702071822,
    0.0006725963894130826,
    0.0036079744981197814,
    0.0002795580605861048,
    0.0002824969318161452,
    0.0004590481854030992,
    0.0003170820356409587,
    0.00034650593814333774,
    0.00024260275467558046,
    0.00034739548114082197,
    0.0002789313929846271,
    0.00033928434602625845,
    0.00026212821922966256,
    0.00019663976730199817,
    0.00016499676904013771,
    0.0005038269005493978,
    0.00020636141713836764,
    0.00041808912341212423,
    0.0002053736525006178,
    0.0002565695250486,
    0.0002222027100661217,
    0.00037079022970831765,
    0.00022818639081090275,
    0.00027274596437198984,
    0.00033949055818927043,
    0.00029702052420366165,
    0.00043951884725568213,
    0.00022289937698383167,
    0.0002711565819477624,
    0.00042370579859674073,
    0.00021275806331244596,
    0.0005646903071867548,
    0.0003243612236254467,
    0.0002732726514492745,
    0.0006087576413388307,
    0.0005620748632197969,
    0.0006259572048865625,
    0.0005684063398777583,
    0.0007564691815782343,
    0.0003424918412054945,
    0.0005000947634028474,
    0.0005998384996271922,
    0.0012880020768509803,
    0.0015352898247299462,
    0.004060566098159857,
    0.00457360450410238,
    0.011937642633593648,
    0.013812414631470094,
    0.03815422345132291
  ],
  "energy_ratio": {
    "k4": [
      0.7721502660197986,
      0.758774813429625,
      0.7424985654461596,
      0.7263395230967173,
      0.7089030487303141,
      0.6963175920533188,
      0.6861013706258623,
      0.67666942570935,
      0.6664935416346984,
      0.653899813416086,
      0.6467807734915999,
      0.6340036340451175,
      0.6267567998665897,
      0.6171071490808675,
      0.6066669230762782,
      0.6017373492588922,
      0.5909754246105136,
      0.5804605268416899,
      0.5741102030910888,
      0.5660739500624664,
      0.5590287278385645,
      0.5529898432135246,
      0.5474351697117101,
      0.5428529407914624,
      0.5386100852715506,
      0.5329316037663434,
      0.5290104657487699,
      0.5217204454325632,
      0.5168803681831767,
      0.514906867477321,
      0.5082810072476672,
      0.5056005229321521,
      0.5027392544131518,
      0.4981984874164706,
      0.4937393809220042,
      0.49029379999702055,
      0.48777644663583086,
      0.4828063497991917,
      0.4785928694361688,
      0.47621652199734227,
      0.4729474003978598,
      0.4689692611672329,
      0.4655960338743397,
      0.46284311734092554,
      0.45882966796345614,
      0.4555658935270822,
      0.4522821662521629,
      0.44893601150503876,
      0.447078473387402,
      0.44258088864073014,
      0.4399464589624328,
      0.4373599165728397,
      0.4354038662951565,
      0.4309861103047196,
      0.4290369748677731,
      0.42511709997870134,
      0.42227623746867704,
      0.4194203690011845,
      0.4155004603966833,
      0.41260992607169983,
      0.4110345679852206,
      0.40632167297470034,
      0.40457537892395923,
      0.40237887991983345,
      0.399485732460687,
      0.3964472526717165,
      0.3936829317327619,
      0.3908381807599086,
      0.38788232726884353,
      0.38502370854766294,
      0.38314552345546415,
      0.38025357487118183,
      0.3781029550857858,
      0.3749425630436541,
      0.3729047465518569,
      0.37022308070345894,
      0.36787652216223293,
      0.36487978196485177,
      0.3625483353743443,
      0.3599391016923666,
      0.3580017674973121,
      0.3550857209656189,
      0.35275485092495673,
      0.3495383445112922,
      0.3470086228977618,
      0.34441602343959143,
      0.34202269161386345,
      0.33900571032061966,
      0.33674376908970266,
      0.3336630453498052,
      0.3308617252377983,
      0.327363084302601,
      0.32481217573977533,
      0.3216939293934824,
      0.31873439319405383,
      0.3166036593532682,
      0.31502105123265506,
      0.3149675051138965,
      0.3189313229445169,
      0.38095320688064643
    ],