{
  "block": "model_middle_block",
  "target_block_name": "model.middle_block",
  "T": 100,
  "C": 512,
  "N": 32,
  "H": 8,
  "W": 8,
  "rank_r": 431,
  "representative_t": 99,
  "energy_threshold": 0.98,
  "actual_energy_at_r": 0.980146962629328,
  "timesteps": [
    0,
    1,
    2,
    3,
    4,
    5,
    6,
    7,
    8,
    9,
    10,
    11,
    12,
    13,
    14,
    15,
    16,
    17,
    18,
    19,
    20,
    21,
    22,
    23,
    24,
    25,
    26,
    27,
    28,
    29,
    30,
    31,
    32,
    33,
    34,
    35,
    36,
    37,
    38,
    39,
    40,
    41,
    42,
    43,
    44,
    45,
    46,
    47,
    48,
    49,
    50,
    51,
    52,
    53,
    54,
    55,
    56,
    57,
    58,
    59,
    60,
    61,
    62,
    63,
    64,
    65,
    66,
    67,
    68,
    69,
    70,
    71,
    72,
    73,
    74,
    75,
    76,
    77,
    78,
    79,
    80,
    81,
    82,
    83,
    84,
    85,
    86,
    87,
    88,
    89,
    90,
    91,
    92,
    93,
    94,
    95,
    96,
    97,
    98,
    99
  ],
  "subspace_dist": [
    0.0,
    0.01584048736980348,
    0.018685946169391232,
    0.014640715995317799,
    0.03519308417157463,
    0.010724801740034318,
    0.01835403215545739,
    0.0068028090336428315,
    0.0066649610495448375,
    0.005256782721271724,
    0.004741486088705726,
    0.0036716303817926343,
    0.003745636834364685,
    0.0035820834966697745,
    0.004225118539582184,
    0.003397359394652244,
    0.0026793508676966615,
    0.0035960615459836864,
    0.0046110570385670124,
    0.004735133187117158,
    0.0028600824635701683,
    0.0027025843676893313,
    0.002539342276148826,
    0.0030534051590119793,
    0.003016509989810179,
    0.0045019171902880295,
    0.004885865146457502,
    0.0030040221495580832,
    0.002994609532112613,
    0.004305754207468815,
    0.0034282979962330096,
    0.004472291229498659,
    0.003736707921989102,
    0.0036891517519253014,
    0.003487618468744458,
    0.0029671604742612656,
    0.0030723584661821457,
    0.0023250541120497514,
    0.004443951272094848,
    0.0031006680035361445,
    0.0032408683747731093,
    0.0034467949052924274,
    0.00290378922882506,
    0.002462486900944749,
    0.0036539711778759143,
    0.003713505980940557,
    0.0030920967479954875,
    0.002077061732547514,
    0.004177629716154541,
    0.004371413704124971,
    0.003162899691289356,
    0.0026837658856863067,
    0.0024831247806885726,
    0.0038778586249420544,
    0.002216113730313496,
    0.002536913706060906,
    0.002350943751470602,
    0.0022359945238521473,
    0.00307967231257511,
    0.0023699850912778375,
    0.003695347421774131,
    0.003987400150340159,
    0.003920851768915878,
    0.0038545532748075484,
    0.0025734780419198744,
    0.0018854925439056869,
    0.0022993240244613133,
    0.0024691821227036392,
    0.002788257916854775,
    0.002438003673073341,
    0.003330848447146817,
    0.002583109928934957,
    0.003689327799746289,
    0.00336465849331935,
    0.0032992031315035586,
    0.0026772374326233805,
    0.0038474651161770623,
    0.0024372812420001555,
    0.002341816876475611,
    0.0019275730217516163,
    0.002424405643675853,
    0.00385602522310613,
    0.003607030243941045,
    0.002352976192489309,
    0.0019430518233586325,
    0.001927405425456441,
    0.0017136952721276133,
    0.0017166832202358817,
    0.0024986042659062013,
    0.002565745405667008,
    0.0023501836227809436,
    0.0017352304728260881,
    0.0032268441424934124,
    0.001812809808753757,
    0.0025478221069969997,
    0.0033793012004387224,
    0.004480734662796526,
    0.003921549368807953,
    0.007511029902350641,
    0.03534082291200802
  ],
  "energy_ratio": {
    "k4": [
      0.23119959383238115,
      0.21003761269684837,
      0.19029629527792355,
      0.1792140832599178,
      0.15253913119128074,
      0.1462552166115757,
      0.13875133110085497,
      0.1352844904416985,
      0.1334424009749695,
      0.1333100881882634,
      0.13230881440309866,
      0.1317805290348612,
      0.13119698118435802,
      0.13072331223086694,
      0.13024180841511343,
      0.12944814744081753,
      0.12902179221769708,
      0.1285812286126649,
      0.12757034218147134,
      0.1276841514008835,
      0.1274239644372294,
      0.12682823633852802,
      0.12619429905839838,
      0.12536514181677214,
      0.12485490100451073,
      0.12464313086008384,
      0.12421273940831505,
      0.12371088532048932,
      0.12351895004535211,
      0.12245037856779056,
      0.1224864362602604,
      0.12173505055710412,
      0.12111507588600899,
      0.12076006142586716,
      0.12067862755689508,
      0.11997560266413528,
      0.11987032661282034,
      0.11939956570403712,
      0.1190377825341841,
      0.11815338171625742,
      0.11785354018923998,
      0.11749810000816212,
      0.11677634414690748,
      0.11640422296447385,
      0.11616563311132262,
      0.1156580617891051,
      0.11541670802562536,
      0.11472123280918115,
      0.11433414616806047,
      0.11420686436255417,
      0.11335865805556913,
      0.11354828305926971,
      0.11287181086512488,
      0.11285598410767231,
      0.11218689750648822,
      0.11174242378457522,
      0.11164420581287865,
      0.11129688548780099,
      0.11101845429745592,
      0.1110347179173916,
      0.11036450293464888,
      0.11039203994081775,
      0.11019410490885193,
      0.10945001765027797,
      0.10958892965140016,
      0.10966049217108068,
      0.1092065097697334,
      0.10900835491170392,
      0.10891885732840255,
      0.10871860270911106,
      0.10846902561465706,
      0.10819676851910393,
      0.107644390637451,
      0.10800571469713194,
      0.10750506565948446,
      0.10726102866227248,
      0.1076163667215567,
      0.10694013398078575,
      0.1068776625308103,
      0.10670408395561304,
      0.10664669316366047,
      0.10653856028864085,
      0.10624049230116357,
      0.10618391242542752,
      0.10621573886689503,
      0.10561091342023075,
      0.10590543633551165,
      0.10564954115269513,
      0.10576633236958999,
      0.10576361585937104,
      0.10530413718969435,
      0.10520840140574636,
      0.10504533134429751,
      0.10510608562556915,
      0.10510869906119444,
      0.1053465071052405,
      0.10595773061031703,
      0.10661196728861148,
      0.10874890548189166,
      0.13047110272554768
    ],