{
  "block": "model_input_blocks_7",
  "target_block_name": "model.input_blocks.7",
  "T": 100,
  "C": 256,
  "N": 32,
  "H": 32,
  "W": 32,
  "rank_r": 142,
  "representative_t": 99,
  "energy_threshold": 0.98,
  "actual_energy_at_r": 0.9800193589098359,
  "timesteps": [
    0,
    1,
    2,
    3,
    4,
    5,
    6,
    7,
    8,
    9,
    10,
    11,
    12,
    13,
    14,
    15,
    16,
    17,
    18,
    19,
    20,
    21,
    22,
    23,
    24,
    25,
    26,
    27,
    28,
    29,
    30,
    31,
    32,
    33,
    34,
    35,
    36,
    37,
    38,
    39,
    40,
    41,
    42,
    43,
    44,
    45,
    46,
    47,
    48,
    49,
    50,
    51,
    52,
    53,
    54,
    55,
    56,
    57,
    58,
    59,
    60,
    61,
    62,
    63,
    64,
    65,
    66,
    67,
    68,
    69,
    70,
    71,
    72,
    73,
    74,
    75,
    76,
    77,
    78,
    79,
    80,
    81,
    82,
    83,
    84,
    85,
    86,
    87,
    88,
    89,
    90,
    91,
    92,
    93,
    94,
    95,
    96,
    97,
    98,
    99
  ],
  "subspace_dist": [
    0.0,
    0.014290019163570977,
    0.02027396397169179,
    0.029662889560261863,
    0.02928968754898409,
    0.020457827456324296,
    0.010958173506612656,
    0.009296648737847302,
    0.015197475079330447,
    0.021179162274674868,
    0.016928582097663125,
    0.0072162856122134356,
    0.009834491943534696,
    0.0046995386164608854,
    0.009412019539926764,
    0.010790463705702025,
    0.007065263963954682,
    0.006140112000007525,
    0.006729212680438135,
    0.006112333836540751,
    0.006682640003597751,
    0.006462557238193223,
    0.010056081345487744,
    0.005774629924695018,
    0.005834910953989247,
    0.004037040115818735,
    0.007544404297398111,
    0.007076063015471701,
    0.005944018897449221,
    0.005241277585606774,
    0.007949929467712002,
    0.0096255090397237,
    0.0037933262732462447,
    0.003096866571107415,
    0.0033101023252609663,
    0.005785566259243535,
    0.0023562836694958067,
    0.001892050151899638,
    0.002290129734421331,
    0.0024245209237344634,
    0.005607624068615147,
    0.0013873079376780506,
    0.0019877766161793264,
    0.0024546550666322275,
    0.0013392773540565894,
    0.0016833429347280493,
    0.002400884240859713,
    0.004611565584119903,
    0.0025482877772835533,
    0.002737240014011544,
    0.0012948053428686324,
    0.001229985117498833,
    0.0028058817748184417,
    0.002408245489383787,
    0.006314624696927229,
    0.0024489814125731035,
    0.0026220777545918894,
    0.0029226848159895624,
    0.0023090931602450793,
    0.0026683244642038417,
    0.0024883523173441224,
    0.0037261876297769447,
    0.0030693319821266662,
    0.004892262766020172,
    0.0066260007754062045,
    0.0012428514514453148,
    0.004139833874214571,
    0.0008372001274986607,
    0.0010518194489660404,
    0.000979212856337175,
    0.0006643768612838441,
    0.0007702504534397026,
    0.001137503526040029,
    0.0007983487255128763,
    0.000927566377838418,
    0.001037416028485172,
    0.0006552215038746478,
    0.0006144679093550431,
    0.0006276167410546041,
    0.000681053583399871,
    0.0008009750398756399,
    0.000683117037798997,
    0.0008336145453501365,
    0.0012603757367339874,
    0.0010482597102488,
    0.0012429056107167158,
    0.0011129989946377927,
    0.000924797153573298,
    0.0011517486392197407,
    0.0015710580204871816,
    0.001675262648314635,
    0.0014231240817277335,
    0.0043203129541847796,
    0.0025685407485903644,
    0.005590152708113472,
    0.0030465701486664942,
    0.010264823923510025,
    0.00905108459804227,
    0.016680429598178725,
    0.06050346823332764
  ],
  "energy_ratio": {
    "k4": [
      0.9207480299379133,
      0.9261983579843107,
      0.9325243241992083,
      0.9397283910624383,
      0.9354871917347799,
      0.9419848398204743,
      0.9416735802043781,
      0.9428213142334152,
      0.9436561034334461,
      0.9426788928339422,
      0.9434556969671759,
      0.9427157696354186,
      0.941826465984407,
      0.941869882017474,
      0.9409508047908386,
      0.9411729656731908,
      0.9393881133205876,
      0.938347789433833,
      0.9370543435005096,
      0.9361946652200416,
      0.9350919659056464,
      0.9334620157232936,
      0.9317373729377754,
      0.9305578792261457,
      0.9281520166593829,
      0.9265192014743905,
      0.9235816370815854,
      0.9210674961345275,
      0.9181427151084155,
      0.9167271237392706,
      0.9139738402195267,
      0.9104244145894789,
      0.90841980341427,
      0.9058327641560304,
      0.9018080013542059,
      0.8991809012664943,
      0.8958274618160604,
      0.8926478557710491,
      0.8886914974252791,
      0.8843126352668751,
      0.8800706771711156,
      0.8778078324676521,
      0.8726812638364542,
      0.8665267988036185,
      0.8628103536256186,
      0.8581907834742311,
      0.8537421399310531,
      0.8503329276701439,
      0.8444014269755454,
      0.839237166112591,
      0.8337984322338025,
      0.8298368450102055,
      0.8247657727674749,
      0.8200125390985746,
      0.8157962729604158,
      0.8092380491963547,
      0.8036663430698524,
      0.7983523246677574,
      0.796357598848765,
      0.7894234043844234,
      0.7847128258893417,
      0.7790811392656576,
      0.7737941943187752,
      0.7649575376867229,
      0.7624627444946046,
      0.7578023788564546,
      0.7476534215690035,
      0.7455319021589428,
      0.7370773140721039,
      0.7298779395007902,
      0.724825785244227,
      0.7189712191652466,
      0.7093675244707592,
      0.705582296524386,
      0.6986226931869558,
      0.6891979881612891,
      0.684157796449261,
      0.6759341828886427,
      0.6698066821011304,
      0.6628096353418912,
      0.6549157346671716,
      0.6468813743991051,
      0.6396370097569567,
      0.6288844876298568,
      0.6218294375841502,
      0.6104407828292037,
      0.6005413900081258,
      0.588707791703306,
      0.5803894097470521,
      0.5681101146415465,
      0.5550453484333108,
      0.5399739124477986,
      0.5217187977955255,
      0.5048893654319754,
      0.4832992716274399,
      0.4619078664663377,
      0.43486647395484124,
      0.40153703333855756,
      0.36569787806108983,
      0.34764905033321775
    ],