{
  "block": "model_output_blocks_14",
  "target_block_name": "model.output_blocks.14",
  "T": 100,
  "C": 128,
  "N": 32,
  "H": 128,
  "W": 128,
  "rank_r": 49,
  "representative_t": 99,
  "energy_threshold": 0.98,
  "actual_energy_at_r": 0.9805693954182556,
  "timesteps": [
    0,
    1,
    2,
    3,
    4,
    5,
    6,
    7,
    8,
    9,
    10,
    11,
    12,
    13,
    14,
    15,
    16,
    17,
    18,
    19,
    20,
    21,
    22,
    23,
    24,
    25,
    26,
    27,
    28,
    29,
    30,
    31,
    32,
    33,
    34,
    35,
    36,
    37,
    38,
    39,
    40,
    41,
    42,
    43,
    44,
    45,
    46,
    47,
    48,
    49,
    50,
    51,
    52,
    53,
    54,
    55,
    56,
    57,
    58,
    59,
    60,
    61,
    62,
    63,
    64,
    65,
    66,
    67,
    68,
    69,
    70,
    71,
    72,
    73,
    74,
    75,
    76,
    77,
    78,
    79,
    80,
    81,
    82,
    83,
    84,
    85,
    86,
    87,
    88,
    89,
    90,
    91,
    92,
    93,
    94,
    95,
    96,
    97,
    98,
    99
  ],
  "subspace_dist": [
    0.0,
    0.000778648361881018,
    0.00042492525930659664,
    0.0018546698869821299,
    0.00274099214472201,
    0.0024482181259741775,
    0.0006859228672367879,
    0.0006527721217092219,
    0.0018429222336471263,
    0.002642184214531995,
    0.0007456475057826539,
    0.0007167259911780022,
    0.00036193951373220123,
    0.0005573229836770555,
    0.0006651975865631377,
    0.0010802393821874867,
    0.0006214731704033971,
    0.00044835614730709406,
    0.0005628067562347683,
    0.0005170401160080607,
    0.000350479818795546,
    0.0002141765815475427,
    0.0007002040934575016,
    0.0003956238584725824,
    0.001031473759655066,
    0.0005556051922297467,
    0.00100318588218129,
    0.0003585230402469719,
    0.0004687503956110062,
    0.0031868037397753124,
    0.0006588219630848657,
    0.0009435477921478919,
    0.0002900645123949941,
    0.0005494403710954998,
    0.0014551896017077626,
    0.0004667350770504175,
    0.000794276311344877,
    0.00032497360909167217,
    0.00033435846151108617,
    0.0004625593558637009,
    0.0003507659707040478,
    0.00045387524219331343,
    0.00032196271558160294,
    0.000568606700854124,
    0.00036480566610741505,
    0.0004314988048753632,
    0.0005726384628177428,
    0.0004435408739490443,
    0.0008142970390215831,
    0.0012615250289518265,
    0.0006348549213931465,
    0.0005516765659852041,
    0.0004414053024769382,
    0.001503450030964526,
    0.0016400262285273248,
    0.0017878064716471131,
    0.0013722926645280964,
    0.0013211366616284748,
    0.001110201492014462,
    0.0007832685306867759,
    0.001363272505852775,
    0.0010462444322353326,
    0.0009176901010476968,
    0.0016725040168759087,
    0.001801380287104526,
    0.002378866608299224,
    0.0023272121437215576,
    0.0006411090539329978,
    0.00113736031884204,
    0.0006033651421911701,
    0.0004109749448034661,
    0.0003051726988052561,
    0.00036937627108069027,
    0.0004885867566882807,
    0.0003178757442331426,
    0.0003340980924978476,
    0.0004974559123459565,
    0.00044759264027904866,
    0.0004648193678057355,
    0.000600912704540657,
    0.0005938596140344643,
    0.0007777020744244023,
    0.0013448057980460781,
    0.0012123374032155798,
    0.0014256556848872837,
    0.0013089306355609232,
    0.0009655912074815198,
    0.0009529407372131926,
    0.0009518607190994732,
    0.0017677753515910055,
    0.0025907017235604624,
    0.0189874278579647,
    0.0049459877998845325,
    0.0037704776646236837,
    0.023134777745300816,
    0.004827862987516585,
    0.02306306088835297,
    0.026557686861770624,
    0.042992110314159504,
    0.13453029213697032
  ],
  "energy_ratio": {
    "k4": [
      0.9936485049813195,
      0.9936277861798414,
      0.9936388765695796,
      0.993585540532918,
      0.9936456504123147,
      0.9936246582947749,
      0.9936022798121652,
      0.993612090222447,
      0.9936301655298301,
      0.9935947632269889,
      0.9936237115747135,
      0.9935941577129098,
      0.9935723455413631,
      0.9935816920826475,
      0.9935575349157325,
      0.9935729167146314,
      0.9935440877302762,
      0.9935342518847785,
      0.9935177722766257,
      0.9935067008510323,
      0.9934944327689255,
      0.9934809009654616,
      0.9934258863416359,
      0.9934547060374291,
      0.9934236358693251,
      0.9934474417089665,
      0.9933775789380018,
      0.99338455816372,
      0.9933409491632843,
      0.993321249842074,
      0.9932971454641214,
      0.9932686885074917,
      0.9932575724429553,
      0.9932208961360609,
      0.9931894261850963,
      0.9931532740453951,
      0.9931426062923527,
      0.9931055716451835,
      0.9930785600484393,
      0.9930173917634011,
      0.9929810561619185,
      0.99293600934941,
      0.992926986706402,
      0.9928377066007523,
      0.9928236125291859,
      0.9927633745405933,
      0.9927003709851002,
      0.9926545390270051,
      0.9925629120855122,
      0.992513394753211,
      0.9924107767084447,
      0.9923263775412094,
      0.9922603061948273,
      0.9921557771656324,
      0.9920501477738054,
      0.9919876221947154,
      0.9918502768072479,
      0.9917346989869397,
      0.9916263139012871,
      0.9914813550201595,
      0.9913563991141591,
      0.991211056048188,
      0.9910442893877429,
      0.9908377950493987,
      0.9906940663055733,
      0.9905091121394527,
      0.9902911039801778,
      0.990050725823834,
      0.9898453469872065,
      0.9895492130773105,
      0.9893086547664751,
      0.9889383068090518,
      0.9886429228091838,
      0.9883381249813686,
      0.9879133024663344,
      0.9874730136274174,
      0.9869713500744799,
      0.9864945264450777,
      0.9859014973788678,
      0.9852538675708322,
      0.9845012996668152,
      0.9837130906524785,
      0.9828826373876186,
      0.9817883802592087,
      0.9805805772523221,
      0.9791784975543751,
      0.9777407443565593,
      0.9758957038363377,
      0.9741333013755215,
      0.9714100595624554,
      0.9683472136968249,
      0.9644153138655935,
      0.9591685557019717,
      0.952524182382856,
      0.9434097686467823,
      0.9301431010212505,
      0.9111114577526869,
      0.8791278615952673,
      0.8228915308625394,
      0.707875903305818
    ],