{
  "block": "model_output_blocks_13",
  "target_block_name": "model.output_blocks.13",
  "T": 100,
  "C": 128,
  "N": 32,
  "H": 128,
  "W": 128,
  "rank_r": 62,
  "representative_t": 99,
  "energy_threshold": 0.98,
  "actual_energy_at_r": 0.9806945107401661,
  "timesteps": [
    0,
    1,
    2,
    3,
    4,
    5,
    6,
    7,
    8,
    9,
    10,
    11,
    12,
    13,
    14,
    15,
    16,
    17,
    18,
    19,
    20,
    21,
    22,
    23,
    24,
    25,
    26,
    27,
    28,
    29,
    30,
    31,
    32,
    33,
    34,
    35,
    36,
    37,
    38,
    39,
    40,
    41,
    42,
    43,
    44,
    45,
    46,
    47,
    48,
    49,
    50,
    51,
    52,
    53,
    54,
    55,
    56,
    57,
    58,
    59,
    60,
    61,
    62,
    63,
    64,
    65,
    66,
    67,
    68,
    69,
    70,
    71,
    72,
    73,
    74,
    75,
    76,
    77,
    78,
    79,
    80,
    81,
    82,
    83,
    84,
    85,
    86,
    87,
    88,
    89,
    90,
    91,
    92,
    93,
    94,
    95,
    96,
    97,
    98,
    99
  ],
  "subspace_dist": [
    0.0,
    0.014075333315497485,
    0.0028545596249168748,
    0.01198053043073477,
    0.012856353243953844,
    0.003287377556042137,
    0.007806764942785427,
    0.010173668275387904,
    0.0021110082260319407,
    0.011515165199534216,
    0.00895144874881304,
    0.0008897822302412761,
    0.0006110529322698177,
    0.00046436314146458546,
    0.001070444610402288,
    0.001586197852373572,
    0.0017205477626538457,
    0.0007824850807601758,
    0.0016098580183631084,
    0.0008859633989843907,
    0.000678485490353653,
    0.0005742401510708817,
    0.0008996807058998524,
    0.0007119077620948433,
    0.0006294131048935059,
    0.0008496802612661947,
    0.0012235314722768287,
    0.0019805613975288905,
    0.0010099971561109422,
    0.001304416146747811,
    0.0018469561627685316,
    0.0012799630631997738,
    0.00045338632433333803,
    0.0005124801282004876,
    0.0005816424992568514,
    0.0003775869462913084,
    0.0006733132626191018,
    0.0004937219820372318,
    0.0005446408540383807,
    0.0007660185357563076,
    0.0005766965519096168,
    0.0009472237824301732,
    0.0007253636847889267,
    0.000870630775062442,
    0.0007330091921105009,
    0.0009317546640510432,
    0.001505840135673453,
    0.0009768027297534232,
    0.0016073158386111785,
    0.0017499132353268054,
    0.003346948900329494,
    0.0027889622386896296,
    0.0008542503399115997,
    0.000988811359309727,
    0.0005685205530852055,
    0.0005898922999365563,
    0.0005755366310182808,
    0.0004725174081415817,
    0.0009258227615537296,
    0.0005993994289160698,
    0.0007540742873045625,
    0.0006800557332183876,
    0.0011539867149225058,
    0.0014075791009842131,
    0.0006156709594061782,
    0.0009739030577730068,
    0.0009758450916709238,
    0.005744910104097833,
    0.0018963686165212046,
    0.00130104154662114,
    0.0005541236807821148,
    0.0010192021948164376,
    0.0008058765880986085,
    0.001438946824138032,
    0.0005470287374607086,
    0.0006788084866383715,
    0.0005471127094416328,
    0.0006089103696844678,
    0.0008039295944458624,
    0.00077436614279347,
    0.0016627453785925672,
    0.0018523096117940563,
    0.004380834918948473,
    0.002839487827635545,
    0.002020832242096926,
    0.0014659566526127321,
    0.002274423001073944,
    0.0023194700622677367,
    0.003161720015230407,
    0.0018311939275555966,
    0.0013730279525541178,
    0.0019141565727525123,
    0.0026472293336463615,
    0.0025210775339359337,
    0.004068951594151771,
    0.009370539619020457,
    0.006541631966788031,
    0.022815572328510725,
    0.028496010385539283,
    0.0825313779465382
  ],
  "energy_ratio": {
    "k4": [
      0.9734595703470098,
      0.97321174404648,
      0.9733326741037045,
      0.9726026528179955,
      0.9730169305540738,
      0.9727558542583662,
      0.9724268670757524,
      0.9723898110325856,
      0.9725137536038098,
      0.972096447720026,
      0.9721533585565573,
      0.9719014776047753,
      0.971791179848808,
      0.9716877808748877,
      0.9715746159586679,
      0.9717297838295059,
      0.9712435995618789,
      0.971015683609815,
      0.9707828521618911,
      0.9705215517832787,
      0.970300543335545,
      0.9700081626799558,
      0.9697854839773007,
      0.9694845356403292,
      0.9691780161055874,
      0.9688865061858346,
      0.9685440058344434,
      0.9681441015992226,
      0.9677299641740104,
      0.967409455141357,
      0.9669167689321687,
      0.9664624632615417,
      0.9661445189283845,
      0.9656407373255017,
      0.9651363152519347,
      0.9646916886784828,
      0.9643069950941994,
      0.9636611622203867,
      0.9631741816138607,
      0.9627323408621358,
      0.9621031652590458,
      0.9615251039995502,
      0.9610802661032722,
      0.9602934080683208,
      0.9597018041261787,
      0.9591149638455164,
      0.9584517499683478,
      0.9578791336789482,
      0.9570663590344682,
      0.9563458644268396,
      0.9553846713201106,
      0.9546840025830475,
      0.9537391060733792,
      0.9527959925952688,
      0.9515903830322564,
      0.9508256888265947,
      0.9496505823672927,
      0.9484551609725229,
      0.9471987810600728,
      0.9457124911238279,
      0.9443172179407763,
      0.9428318392415158,
      0.9413047424028077,
      0.9394852333197836,
      0.9379209178247033,
      0.9358915212386574,
      0.9341637099893386,
      0.9319799013938553,
      0.9296660257544096,
      0.9269895680516377,
      0.9243584805863609,
      0.9213472042536701,
      0.9182957286476447,
      0.9151723402721665,
      0.9113845074043937,
      0.9074544961472778,
      0.903231547943608,
      0.898842505677366,
      0.8936823471565107,
      0.8882073455278768,
      0.882036325629384,
      0.875045270976568,
      0.8675216546322304,
      0.8593511862917798,
      0.8498145723343876,
      0.8392805673091391,
      0.8278684673402521,
      0.8154533467508785,
      0.8015111742372611,
      0.7853623886760549,
      0.7674179899483806,
      0.7482225171888868,
      0.726672701835194,
      0.7023081812191131,
      0.6763617700973698,
      0.6465121097792413,
      0.6151095558934099,
      0.597737059804375,
      0.5980909743437658,
      0.6614209348508011
    ],