{
  "block": "model_input_blocks_3",
  "target_block_name": "model.input_blocks.3",
  "T": 100,
  "C": 128,
  "N": 32,
  "H": 64,
  "W": 64,
  "rank_r": 67,
  "representative_t": 99,
  "energy_threshold": 0.98,
  "actual_energy_at_r": 0.9806679215122699,
  "timesteps": [
    0,
    1,
    2,
    3,
    4,
    5,
    6,
    7,
    8,
    9,
    10,
    11,
    12,
    13,
    14,
    15,
    16,
    17,
    18,
    19,
    20,
    21,
    22,
    23,
    24,
    25,
    26,
    27,
    28,
    29,
    30,
    31,
    32,
    33,
    34,
    35,
    36,
    37,
    38,
    39,
    40,
    41,
    42,
    43,
    44,
    45,
    46,
    47,
    48,
    49,
    50,
    51,
    52,
    53,
    54,
    55,
    56,
    57,
    58,
    59,
    60,
    61,
    62,
    63,
    64,
    65,
    66,
    67,
    68,
    69,
    70,
    71,
    72,
    73,
    74,
    75,
    76,
    77,
    78,
    79,
    80,
    81,
    82,
    83,
    84,
    85,
    86,
    87,
    88,
    89,
    90,
    91,
    92,
    93,
    94,
    95,
    96,
    97,
    98,
    99
  ],
  "subspace_dist": [
    0.0,
    0.0029393732808777884,
    0.005334339953076528,
    0.018443493804414124,
    0.01940559729691771,
    0.010154186975156687,
    0.006597946437787439,
    0.00740443576011629,
    0.01396531379803334,
    0.026676572234059504,
    0.01751708975191546,
    0.0019821286486336742,
    0.0011952396047127944,
    0.0017329098874974136,
    0.002554079318745295,
    0.004220667721216542,
    0.002767612678904019,
    0.0018233172312110968,
    0.0033742588146191688,
    0.0018786259128728,
    0.001265427809174935,
    0.0020438786348988547,
    0.001955688187974647,
    0.0035528176435322134,
    0.0031077881303954724,
    0.0019607304858074714,
    0.003451583815880954,
    0.003708824335062366,
    0.0018584776108139245,
    0.003910103800782494,
    0.004503436689380358,
    0.0036104749943722814,
    0.0021923292073687817,
    0.00228301595347169,
    0.001571932005114296,
    0.0019200610149805453,
    0.004907941220026357,
    0.0023198563126292093,
    0.0025895462597094188,
    0.003512347175024133,
    0.0050895539450345195,
    0.005671855745127741,
    0.005113155089507604,
    0.0017937147623546812,
    0.0014938424199746336,
    0.002207885636946405,
    0.0017620347479004872,
    0.0008707664736247178,
    0.0029548146932301123,
    0.0016741924857858193,
    0.0020213889655700257,
    0.002067583374138926,
    0.0021720275370951114,
    0.0034313381428384693,
    0.0013041073877537723,
    0.002615461311791023,
    0.002178076594002043,
    0.0034000573364827424,
    0.003030337728962218,
    0.0019072640277105757,
    0.0015806834473761633,
    0.001059638951555364,
    0.001863707599191522,
    0.0018001847212686384,
    0.0009829281849247362,
    0.0010042403594967553,
    0.007047632003088777,
    0.016102287873408505,
    0.016310542290898344,
    0.0034595151085397013,
    0.0015288202738829026,
    0.0007567544258911818,
    0.001675980941597266,
    0.0008640367947148064,
    0.0009961556227836565,
    0.0017999666992292163,
    0.0010376069753401662,
    0.0011683832128572824,
    0.0007399438207287279,
    0.0009057876577949209,
    0.0008912446558534404,
    0.0014067971972149262,
    0.0022712740257181396,
    0.004131647428569751,
    0.0019723986457370613,
    0.0035375956170147216,
    0.0014535081837541153,
    0.001638420207751179,
    0.001519853236613966,
    0.001860072645526456,
    0.001930973191826113,
    0.0029164688796737837,
    0.009198318192901622,
    0.015360406152621242,
    0.0038514345388557247,
    0.003933438090408137,
    0.015401731436987975,
    0.017603411936078173,
    0.04135677821901518,
    0.12654030769237257
  ],
  "energy_ratio": {
    "k4": [
      0.9527696852907735,
      0.9529921498887169,
      0.9522588340336852,
      0.9498623499491885,
      0.9536354858896781,
      0.9523985919422059,
      0.9535625048479436,
      0.954275686004641,
      0.9567450823084814,
      0.9541035220848617,
      0.9572490346909629,
      0.9569791720223548,
      0.9572900404102447,
      0.9579891734448213,
      0.9583371934118048,
      0.9593601649545864,
      0.9587607670548162,
      0.9590763534455048,
      0.9593319610702558,
      0.9595191105645526,
      0.9596436094559282,
      0.9597036249571657,
      0.9600093718372016,
      0.9605099989706363,
      0.9602726510913364,
      0.9605566806584027,
      0.9601472672656344,
      0.9601377688958728,
      0.9598228200207588,
      0.9596264360058484,
      0.9593201792288786,
      0.9587829149853614,
      0.9584504055367642,
      0.9578983784099345,
      0.9569687226956747,
      0.9562480725784295,
      0.9549999497076906,
      0.9543516166794477,
      0.9533367520238232,
      0.9518804585008592,
      0.9503220983660658,
      0.949358769648763,
      0.9477823477455934,
      0.9463897525927363,
      0.9448978088535497,
      0.9431121507893244,
      0.9416270917172503,
      0.940317110274671,
      0.9380444900857255,
      0.9362838261120767,
      0.9343144488537413,
      0.9330937434320151,
      0.9311304621007374,
      0.9297284372322785,
      0.9279894069707094,
      0.9252549694869624,
      0.9230632826698355,
      0.9201384600047866,
      0.9205830885307204,
      0.918177395276305,
      0.9166361057372387,
      0.9140900133428408,
      0.9124199506729166,
      0.9093992361399102,
      0.9085331330685265,
      0.9070421698395841,
      0.9020958369897275,
      0.9017173790474053,
      0.8974929174696652,
      0.8950538805406809,
      0.8927039605129958,
      0.8901404773617904,
      0.886119204979207,
      0.8839082809385244,
      0.880135219381495,
      0.8759162756481521,
      0.8742828924302493,
      0.8688531132411061,
      0.8654724095931295,
      0.8621176900522907,
      0.8589149236112744,
      0.8546604927578636,
      0.8530965921959341,
      0.8469031259557388,
      0.8470966056444816,
      0.8405614330222055,
      0.8353293125214875,
      0.828020066432747,
      0.8251442778599132,
      0.817923588029236,
      0.8103340063213277,
      0.7993471432445004,
      0.7893263486349256,
      0.7780563167345395,
      0.7619764105275296,
      0.7457883418489181,
      0.7236199222057441,
      0.6961017350917074,
      0.6526657782878801,
      0.6075802680123388
    ],