{
  "block": "model_input_blocks_14",
  "target_block_name": "model.input_blocks.14",
  "T": 100,
  "C": 512,
  "N": 32,
  "H": 8,
  "W": 8,
  "rank_r": 408,
  "representative_t": 99,
  "energy_threshold": 0.98,
  "actual_energy_at_r": 0.9800925372206035,
  "timesteps": [
    0,
    1,
    2,
    3,
    4,
    5,
    6,
    7,
    8,
    9,
    10,
    11,
    12,
    13,
    14,
    15,
    16,
    17,
    18,
    19,
    20,
    21,
    22,
    23,
    24,
    25,
    26,
    27,
    28,
    29,
    30,
    31,
    32,
    33,
    34,
    35,
    36,
    37,
    38,
    39,
    40,
    41,
    42,
    43,
    44,
    45,
    46,
    47,
    48,
    49,
    50,
    51,
    52,
    53,
    54,
    55,
    56,
    57,
    58,
    59,
    60,
    61,
    62,
    63,
    64,
    65,
    66,
    67,
    68,
    69,
    70,
    71,
    72,
    73,
    74,
    75,
    76,
    77,
    78,
    79,
    80,
    81,
    82,
    83,
    84,
    85,
    86,
    87,
    88,
    89,
    90,
    91,
    92,
    93,
    94,
    95,
    96,
    97,
    98,
    99
  ],
  "subspace_dist": [
    0.0,
    0.01355578370386501,
    0.016894582741206476,
    0.013267380437818721,
    0.03297907611499962,
    0.009763583661844821,
    0.014518383102938959,
    0.006475270677264056,
    0.0065882361072934215,
    0.0036591601698955367,
    0.002782797543704141,
    0.0025876139608185245,
    0.00266597342734054,
    0.0023515366917835623,
    0.004648886778991446,
    0.005126586742800421,
    0.004631391066339696,
    0.003523351058636215,
    0.005260074879173793,
    0.005087237052938676,
    0.003375805383898034,
    0.00400033385691545,
    0.004625535347717258,
    0.004405796973770748,
    0.004484291712944843,
    0.0032812081848375696,
    0.004913925573195477,
    0.004816782425548061,
    0.002767155041297542,
    0.003038065861869832,
    0.003632139604624607,
    0.0034833481466712835,
    0.003164113760784293,
    0.0036753377558291778,
    0.003959539410510193,
    0.0026202200774123607,
    0.002538155058917746,
    0.003371084421691539,
    0.002893634965254077,
    0.002767739464814012,
    0.0020000503334751674,
    0.0024947542535691536,
    0.0028800616478501517,
    0.003823242434975116,
    0.0027417340421318492,
    0.002066957812215442,
    0.0022978059412369634,
    0.0022955039371002073,
    0.002070253673172373,
    0.0034970138310861376,
    0.0022227079899184154,
    0.002469749339633842,
    0.0017532928330505904,
    0.0017650177920028876,
    0.0012972435493111556,
    0.0017515130328962236,
    0.002274509941585734,
    0.0030999003363657573,
    0.0020100239258071806,
    0.0016825259837559559,
    0.0018724931358948815,
    0.0018480451603185566,
    0.0025924429023059803,
    0.0035917580973667818,
    0.0023871695632007306,
    0.002168382253983858,
    0.0020991963642643663,
    0.0019569268120681604,
    0.0016676411192461105,
    0.0012712157116149259,
    0.0012516343543269581,
    0.0012503638354132152,
    0.0014307658901739906,
    0.001793599356327169,
    0.0013265993964319822,
    0.0020088915631281123,
    0.0025746971857593115,
    0.0016984822497988494,
    0.002038170389573657,
    0.0016773271280745572,
    0.002051188818507299,
    0.002732043822933239,
    0.0024225294668974717,
    0.0034500170807092445,
    0.0022228967248485443,
    0.0016956004009717196,
    0.0011328192595925213,
    0.0025776304862042965,
    0.0027231333099689836,
    0.0020598378541090145,
    0.0013119078931610462,
    0.001485375660678967,
    0.002935495248337361,
    0.002257225109121408,
    0.0028877731730670986,
    0.0026798325141189627,
    0.002579737617951494,
    0.005023186236982613,
    0.008186486857132191,
    0.031625479009827706
  ],
  "energy_ratio": {
    "k4": [
      0.28012861319802773,
      0.24989492867208316,
      0.22295587817722,
      0.20843382059415017,
      0.17347606638969826,
      0.1650560756175421,
      0.15428899282012426,
      0.1514779922339923,
      0.14949483938732366,
      0.1492020106900066,
      0.14828918182480047,
      0.14744865624085418,
      0.14708949616790393,
      0.14674255493018046,
      0.14599337967217912,
      0.14567639010596015,
      0.14490839038627626,
      0.1444416271267377,
      0.14364724795730108,
      0.14356626264024655,
      0.14313821040986277,
      0.14260463872547638,
      0.14178276573354065,
      0.14125417669570067,
      0.14079383485704985,
      0.14038435173329203,
      0.13999594706578694,
      0.13946338587175827,
      0.13943414892364214,
      0.13839072187993431,
      0.1385123541425278,
      0.1385663267146589,
      0.1375891601117825,
      0.137385545009408,
      0.13789575814695962,
      0.1372205569606623,
      0.13753933802883847,
      0.13722950863488206,
      0.13703360883218316,
      0.1363859847578202,
      0.1363969110903364,
      0.13605138335544956,
      0.1356573401523516,
      0.13547527120467082,
      0.135405231915471,
      0.1349288479455956,
      0.13512874183501294,
      0.13483966650478585,
      0.13461186145672732,
      0.13451808545071248,
      0.13432745708216498,
      0.13435856745416866,
      0.13416903363190524,
      0.13402904048324268,
      0.13389307237207249,
      0.133723966384764,
      0.13339443171845786,
      0.13335617389656593,
      0.13325219428718468,
      0.13309195675731875,
      0.1330704066532951,
      0.13321473745284043,
      0.13312059610311683,
      0.13301252198252536,
      0.13287499854546994,
      0.13310206366735405,
      0.13290149230742546,
      0.13321482523637276,
      0.13290894907016107,
      0.1329098439613299,
      0.13317147514625988,
      0.1328497564077904,
      0.13287308797309252,
      0.13305692737770888,
      0.13301295915870362,
      0.13290432015349868,
      0.13330945583645443,
      0.13299662976782836,
      0.13304337606818167,
      0.13318633260925722,
      0.13325083360687873,
      0.13325978314609843,
      0.13352026787074486,
      0.13359555544897275,
      0.1336733042616858,
      0.1337736752980369,
      0.1337666126006433,
      0.13400002515423648,
      0.13423049723431127,
      0.13461575848271973,
      0.13450141183847253,
      0.13461618214460785,
      0.13508941085982124,
      0.1350920227810688,
      0.13561413379102236,
      0.13590385941626312,
      0.13651752383560198,
      0.13739552661611967,
      0.1393128865662797,
      0.15748490744939977
    ],