{
  "block": "model_input_blocks_10",
  "target_block_name": "model.input_blocks.10",
  "T": 100,
  "C": 384,
  "N": 32,
  "H": 16,
  "W": 16,
  "rank_r": 253,
  "representative_t": 99,
  "energy_threshold": 0.98,
  "actual_energy_at_r": 0.9802268561571914,
  "timesteps": [
    0,
    1,
    2,
    3,
    4,
    5,
    6,
    7,
    8,
    9,
    10,
    11,
    12,
    13,
    14,
    15,
    16,
    17,
    18,
    19,
    20,
    21,
    22,
    23,
    24,
    25,
    26,
    27,
    28,
    29,
    30,
    31,
    32,
    33,
    34,
    35,
    36,
    37,
    38,
    39,
    40,
    41,
    42,
    43,
    44,
    45,
    46,
    47,
    48,
    49,
    50,
    51,
    52,
    53,
    54,
    55,
    56,
    57,
    58,
    59,
    60,
    61,
    62,
    63,
    64,
    65,
    66,
    67,
    68,
    69,
    70,
    71,
    72,
    73,
    74,
    75,
    76,
    77,
    78,
    79,
    80,
    81,
    82,
    83,
    84,
    85,
    86,
    87,
    88,
    89,
    90,
    91,
    92,
    93,
    94,
    95,
    96,
    97,
    98,
    99
  ],
  "subspace_dist": [
    0.0,
    0.016734592690085592,
    0.021661173492184438,
    0.022229755715633792,
    0.039837216066985315,
    0.017138429974508873,
    0.025067238101679656,
    0.017097624970589642,
    0.015421781363492038,
    0.010934672984725835,
    0.007601680418454659,
    0.007078913192205327,
    0.007741603284139975,
    0.004291510112097607,
    0.007662373830905955,
    0.005589750145680972,
    0.005737120500983406,
    0.0072980543707819034,
    0.006523139733049521,
    0.005972851193093542,
    0.006950808362040095,
    0.0043562665667560285,
    0.005026927434412909,
    0.006090613575000625,
    0.006402444713116906,
    0.007107177961366951,
    0.007050381048627208,
    0.005846274523131578,
    0.006928516851030575,
    0.005701940447796705,
    0.005461198555850699,
    0.0047384408572067604,
    0.006042961888496512,
    0.003180593208256699,
    0.003320239260466429,
    0.006144512248831946,
    0.0032999773271344957,
    0.004522327927948933,
    0.003475243874789591,
    0.003049486495870557,
    0.0025473488328785487,
    0.0033589776726523635,
    0.0025341147462448754,
    0.0023381398488804273,
    0.0026035508546559116,
    0.0021278823150852055,
    0.0016582523728893017,
    0.0016832296430818738,
    0.0020441703897972063,
    0.0031075664078906717,
    0.0016530980019704433,
    0.0013534735065448,
    0.0016701722844673084,
    0.0016374168431182445,
    0.0014816981801476503,
    0.0015836747911999183,
    0.0017137707165904015,
    0.0019007616876314248,
    0.0019004029299162228,
    0.002420124388234357,
    0.0025176818231029685,
    0.0020933007566839024,
    0.0021880938603738853,
    0.0024867812574931314,
    0.0013076800485984919,
    0.0027013712223702413,
    0.0018886495561137862,
    0.0013453138439005752,
    0.0015027417835151713,
    0.0012764612803642938,
    0.0015691325214198804,
    0.0012787104573838137,
    0.0019894839869699643,
    0.0012154985131407336,
    0.0014909206168103317,
    0.003156243360830646,
    0.0036964765015188306,
    0.00452986167662961,
    0.001990945499649066,
    0.0029855325043298686,
    0.0023325785896535223,
    0.0022182407672711735,
    0.0015973446702129968,
    0.0019423668378325543,
    0.00186256700041032,
    0.0016541904373483796,
    0.0013439466295632752,
    0.0015538682102913537,
    0.0017028287621719818,
    0.002464069184074713,
    0.0018500478644951635,
    0.0017181013694731462,
    0.0040256802363071165,
    0.0031479850141908905,
    0.0022203322298823824,
    0.0022447937953750108,
    0.004101851990030214,
    0.0064121925344924335,
    0.013477756562494725,
    0.05016010088775802
  ],
  "energy_ratio": {
    "k4": [
      0.7827267192144146,
      0.7587327416823135,
      0.7314420113694331,
      0.7167469604344453,
      0.6626104033650578,
      0.6499329467214272,
      0.6217145893474239,
      0.6125916878179746,
      0.6040222422265508,
      0.5994736113597784,
      0.5961173629237347,
      0.5900768681939029,
      0.5864686403455889,
      0.5822353897236523,
      0.5792704997340864,
      0.5757029945197389,
      0.5712927305262687,
      0.5669885097890045,
      0.5624097302994379,
      0.5584811687812584,
      0.5559639350421461,
      0.5509736058911395,
      0.5466202044999591,
      0.5430516788630451,
      0.5383266245618943,
      0.5337688459037243,
      0.5303176026095187,
      0.5257337909894804,
      0.5231944142849837,
      0.5217714726802521,
      0.5177849523117982,
      0.5155195066353085,
      0.5135152593494479,
      0.5105469506753362,
      0.5072620768518458,
      0.5051755013920711,
      0.5022582207581046,
      0.49935765969540674,
      0.4980730734521197,
      0.4940522749992726,
      0.49119627776558517,
      0.4891053201211827,
      0.4856074240557483,
      0.4821367964053784,
      0.47914715658308565,
      0.4763053261926557,
      0.4731670029758692,
      0.4707617722410068,
      0.46707636076446446,
      0.46455628938067367,
      0.46034074180356477,
      0.4578356379311636,
      0.45436559718925656,
      0.45210349989037313,
      0.44836005642991933,
      0.44514462221160295,
      0.4420763456857704,
      0.4385767902514105,
      0.4374755958351285,
      0.43323978393657453,
      0.43023731136925225,
      0.4274298926663794,
      0.4246191926140004,
      0.42042044122327554,
      0.4181834672888222,
      0.4159836408137795,
      0.4113152423258085,
      0.41002677463630904,
      0.4062107349554407,
      0.4029782452509234,
      0.4007692458456322,
      0.39758904748399015,
      0.39414889873810344,
      0.3922747326711659,
      0.38889788151757704,
      0.38544767460406115,
      0.3837309261739124,
      0.38029045040776416,
      0.3777428410515352,
      0.3753612997514277,
      0.37224113358561456,
      0.3689653373469957,
      0.3667965440776971,
      0.36285944861420455,
      0.36065236839128895,
      0.3567998953088225,
      0.35407872889537745,
      0.3504905797881137,
      0.34829015326556667,
      0.34497807749778947,
      0.3415297776651506,
      0.3376153944410046,
      0.3326681284809992,
      0.3286717766882942,
      0.32414352939800867,
      0.3195831878421729,
      0.31441612519183454,
      0.30796911267969984,
      0.30402507726860184,
      0.3370889511538753
    ],