{
  "block": "model_input_blocks_12",
  "target_block_name": "model.input_blocks.12",
  "T": 100,
  "C": 384,
  "N": 32,
  "H": 8,
  "W": 8,
  "rank_r": 315,
  "representative_t": 99,
  "energy_threshold": 0.98,
  "actual_energy_at_r": 0.9802723951329899,
  "timesteps": [
    0,
    1,
    2,
    3,
    4,
    5,
    6,
    7,
    8,
    9,
    10,
    11,
    12,
    13,
    14,
    15,
    16,
    17,
    18,
    19,
    20,
    21,
    22,
    23,
    24,
    25,
    26,
    27,
    28,
    29,
    30,
    31,
    32,
    33,
    34,
    35,
    36,
    37,
    38,
    39,
    40,
    41,
    42,
    43,
    44,
    45,
    46,
    47,
    48,
    49,
    50,
    51,
    52,
    53,
    54,
    55,
    56,
    57,
    58,
    59,
    60,
    61,
    62,
    63,
    64,
    65,
    66,
    67,
    68,
    69,
    70,
    71,
    72,
    73,
    74,
    75,
    76,
    77,
    78,
    79,
    80,
    81,
    82,
    83,
    84,
    85,
    86,
    87,
    88,
    89,
    90,
    91,
    92,
    93,
    94,
    95,
    96,
    97,
    98,
    99
  ],
  "subspace_dist": [
    0.0,
    0.013582865405189493,
    0.017602527272262858,
    0.016545957768173025,
    0.033825076871190185,
    0.013350760817738672,
    0.016444617599429723,
    0.009676018682280518,
    0.007799256610784955,
    0.005404055961255261,
    0.004726548961592747,
    0.003340305544137445,
    0.0038289421625229414,
    0.0036929216147193467,
    0.005206249104272032,
    0.00518088027960717,
    0.004140186117228772,
    0.0029142760458891193,
    0.0035925553011818545,
    0.004839653337275429,
    0.002442058509441125,
    0.0036229367464912787,
    0.003805864534546566,
    0.00542292751138429,
    0.0036561636033727307,
    0.002639218947145028,
    0.0029951209770676668,
    0.002884513245097642,
    0.00264492367059721,
    0.003189300010829732,
    0.0024205700644627237,
    0.0026165162636375694,
    0.0027330807528685996,
    0.0019785063638698697,
    0.0018047094877062797,
    0.0023094305991790964,
    0.0026134540490316827,
    0.002887783310983494,
    0.0024956850906431294,
    0.0025804506011520845,
    0.0019358204052858374,
    0.002265216538623327,
    0.0025151527308029387,
    0.0026692449674105,
    0.002082096084995877,
    0.002667817844561382,
    0.0028289528555577315,
    0.0015437373645521557,
    0.002019101399097667,
    0.0019672840710416306,
    0.003156416147251706,
    0.0014381035345134574,
    0.0020843765695087724,
    0.0019501234930984213,
    0.0027914625769495105,
    0.0016407099666825298,
    0.0023669237390845366,
    0.0015196092220873814,
    0.0017356824166019358,
    0.0016254493607422704,
    0.0028527682351866535,
    0.003124896516077058,
    0.002949668162786745,
    0.0016409121530821524,
    0.0024446568189461226,
    0.0013466427349354548,
    0.0016889968632139984,
    0.0018760163585468392,
    0.0014756824509585265,
    0.00142273751044808,
    0.0016787079176913133,
    0.0014329058615123458,
    0.0019252303870129772,
    0.0018774125989938772,
    0.0015868659274335117,
    0.0020860384994395575,
    0.004261717570328116,
    0.0036000684153190132,
    0.003765874710948358,
    0.0014858206711134692,
    0.0013372741102954944,
    0.0019345149641748494,
    0.0012791735579866792,
    0.0011957083767060173,
    0.0014926602702537428,
    0.0021357574325280293,
    0.0013274921092990555,
    0.0016894561708838962,
    0.002051972062750096,
    0.001737492636307847,
    0.001529572877902452,
    0.0017195438286264908,
    0.0020993514914827704,
    0.0027595092793027964,
    0.0024947499456569044,
    0.0026643161490372824,
    0.0043138409549566825,
    0.007772300221329909,
    0.011233327821976613,
    0.03980075832671104
  ],
  "energy_ratio": {
    "k4": [
      0.5181668081498544,
      0.4695717741217744,
      0.4187351978022096,
      0.3910795601783607,
      0.3120999611182035,
      0.2921691671707912,
      0.2648381825521428,
      0.2572929432933089,
      0.2522294018209747,
      0.2511497980779196,
      0.24910509897011296,
      0.2463656886413293,
      0.24530657621972907,
      0.24393162269955293,
      0.2429092413473875,
      0.24107154598080677,
      0.23866570148254357,
      0.23754414593166773,
      0.2346434252528109,
      0.23397801999226914,
      0.2324433720183088,
      0.2304248452938361,
      0.22765034488736566,
      0.22495250365747543,
      0.22280340634881116,
      0.2207810330378248,
      0.2185841149575274,
      0.21678128086926832,
      0.21528426796092381,
      0.21237902078199766,
      0.21104188487014433,
      0.2084957531774264,
      0.2063261285426808,
      0.20422448336884694,
      0.20270161355749133,
      0.20035266429009185,
      0.19881010461190923,
      0.1971548402555941,
      0.19643748755385876,
      0.19371699349179863,
      0.19184600954362677,
      0.19120901226516981,
      0.1884190574384808,
      0.18715169226190095,
      0.1864112039620383,
      0.1846984614833506,
      0.18401315830251078,
      0.18275316060206712,
      0.18057179787231498,
      0.18023394239475574,
      0.17841002976881742,
      0.1779605437660501,
      0.17628469657991366,
      0.1756998444555286,
      0.17415890835746148,
      0.1727860648998328,
      0.1719661524841571,
      0.17083721598047544,
      0.17120832770944736,
      0.17032730265161156,
      0.16864880202814367,
      0.168765236296017,
      0.16746251240530013,
      0.16616298037887173,
      0.16625136355569212,
      0.16623214967706848,
      0.16457157704179717,
      0.16488550081817335,
      0.16339067490003528,
      0.16251891515009276,
      0.16259212712624038,
      0.16194012855784462,
      0.16062772716688634,
      0.16098488867507527,
      0.16041004164972267,
      0.15897915014209169,
      0.1593224762392571,
      0.1585822906515896,
      0.1580118051765723,
      0.15766816567797995,
      0.15680783053897604,
      0.1563738593431269,
      0.1559705428014802,
      0.15517448620496366,
      0.15491445074810214,
      0.1537516811468659,
      0.1531676073523645,
      0.15224730596300612,
      0.1521392379768946,
      0.15171148451670424,
      0.15061712521583406,
      0.14957682953566673,
      0.14822174194951568,
      0.14736341132637165,
      0.14646466557344293,
      0.1453140186140795,
      0.14432786826145594,
      0.1425031362207359,
      0.14127613551237678,
      0.1588369664527544
    ],