{
  "block": "model_input_blocks_8",
  "target_block_name": "model.input_blocks.8",
  "T": 100,
  "C": 256,
  "N": 32,
  "H": 32,
  "W": 32,
  "rank_r": 193,
  "representative_t": 99,
  "energy_threshold": 0.98,
  "actual_energy_at_r": 0.9802831211593961,
  "timesteps": [
    0,
    1,
    2,
    3,
    4,
    5,
    6,
    7,
    8,
    9,
    10,
    11,
    12,
    13,
    14,
    15,
    16,
    17,
    18,
    19,
    20,
    21,
    22,
    23,
    24,
    25,
    26,
    27,
    28,
    29,
    30,
    31,
    32,
    33,
    34,
    35,
    36,
    37,
    38,
    39,
    40,
    41,
    42,
    43,
    44,
    45,
    46,
    47,
    48,
    49,
    50,
    51,
    52,
    53,
    54,
    55,
    56,
    57,
    58,
    59,
    60,
    61,
    62,
    63,
    64,
    65,
    66,
    67,
    68,
    69,
    70,
    71,
    72,
    73,
    74,
    75,
    76,
    77,
    78,
    79,
    80,
    81,
    82,
    83,
    84,
    85,
    86,
    87,
    88,
    89,
    90,
    91,
    92,
    93,
    94,
    95,
    96,
    97,
    98,
    99
  ],
  "subspace_dist": [
    0.0,
    0.009511025873780055,
    0.016498450081668503,
    0.023020920500271935,
    0.02775222223080187,
    0.020097474174598395,
    0.017987301153108648,
    0.010634631729094624,
    0.013047525298533813,
    0.013005368877406664,
    0.010877660857333216,
    0.005455681775583199,
    0.005959447450323618,
    0.005552341265739558,
    0.0055492669432958275,
    0.00795838587697928,
    0.007176620658700172,
    0.006225220840487711,
    0.008223921436062875,
    0.006358102894573392,
    0.0049204645140570324,
    0.0060494786071625395,
    0.004575031450805289,
    0.004369286955485996,
    0.004684208325463013,
    0.0030002199027379106,
    0.005551692982497691,
    0.004457087255870573,
    0.004048240869143349,
    0.004230268666204018,
    0.004289508545662346,
    0.006200161459165243,
    0.005631588504538487,
    0.005936208751481709,
    0.004831072172623463,
    0.005800197393951101,
    0.006363843976108452,
    0.002308660872317625,
    0.003412202106367168,
    0.003444411632930966,
    0.004050099828961984,
    0.0037026734385067206,
    0.0031634088514084224,
    0.0029940327959685487,
    0.001879402068138858,
    0.002430856492717348,
    0.003017047292149466,
    0.0014143594030096018,
    0.002310580949224872,
    0.0025391268082255447,
    0.0021928336248652203,
    0.0014187089725006263,
    0.0015513753106090045,
    0.0020737364334569852,
    0.0010285540414539662,
    0.0012308626491301933,
    0.0011277366227929742,
    0.0012312576956511334,
    0.0019317616170351215,
    0.0022024970442119374,
    0.0012619799283186683,
    0.0014730925476827972,
    0.0013156052080459668,
    0.0015421799393531277,
    0.0012659128540509768,
    0.0008385369243142371,
    0.0012475100709350428,
    0.0012118703994412616,
    0.0010094471569692676,
    0.0014220470931740614,
    0.0011050171910746975,
    0.000897087460758561,
    0.0014756684386725283,
    0.0014394351238512515,
    0.005372102296430703,
    0.0011766712473688656,
    0.0006675238771692849,
    0.0008625393698815653,
    0.0006596059859319547,
    0.0005869527829537313,
    0.0006849486416503625,
    0.0007118290791279236,
    0.0007186122941241768,
    0.0008293019867298135,
    0.0008381867328011161,
    0.0012861041797568307,
    0.0008214946910786169,
    0.0007315838689255783,
    0.000951384239443076,
    0.0007929713129658511,
    0.0010404278046308724,
    0.0021302593924618085,
    0.003510780952060699,
    0.0017105996807881274,
    0.0032868341973332216,
    0.002447265614294869,
    0.003516573367431164,
    0.00636332895595082,
    0.008844378973196565,
    0.03583324506694041
  ],
  "energy_ratio": {
    "k4": [
      0.8883779127014036,
      0.8863295399279033,
      0.8868535741792918,
      0.8887123760653322,
      0.8853665152915423,
      0.8891529819119993,
      0.8898938143672545,
      0.8916035193046359,
      0.8918350640329267,
      0.8911579970845492,
      0.8908264207874148,
      0.8894912442174758,
      0.8878990525229636,
      0.8870391022094333,
      0.8857687234849516,
      0.8857884486208237,
      0.8836529342405677,
      0.8820374891787982,
      0.8798016348988908,
      0.8790298439655698,
      0.8778356283630703,
      0.8759480608358626,
      0.8738199453458173,
      0.8725708007167388,
      0.8697192910960672,
      0.8678479148578919,
      0.8644554392720321,
      0.8615584150098248,
      0.8587271203950022,
      0.8568299944879259,
      0.8534721477608915,
      0.8495498638481969,
      0.8472114390798842,
      0.8439102118065929,
      0.8392538776251751,
      0.836311378879245,
      0.8318789727614541,
      0.8282914432951204,
      0.8236685511107373,
      0.8187224737451699,
      0.814023347295413,
      0.8117856063384712,
      0.8058315982157402,
      0.7995420773939002,
      0.7958553834064489,
      0.7910246114080868,
      0.7864681043928943,
      0.7824527540635452,
      0.7757831635056719,
      0.7700112733793602,
      0.7639672663429088,
      0.7592307499480232,
      0.7529138439978954,
      0.7483841826465211,
      0.7427413746057229,
      0.7353227085343377,
      0.7289143355280432,
      0.722188787041055,
      0.7195703582679012,
      0.7113931452838119,
      0.7049187653677096,
      0.6984190297599365,
      0.6912829974340611,
      0.6808865657033659,
      0.6770416634345168,
      0.6713009952827249,
      0.6597590128992306,
      0.656186858326566,
      0.6461825300212487,
      0.6371561167442836,
      0.6309326399371092,
      0.6238309540434565,
      0.6128926972764259,
      0.6079064043370648,
      0.5990557833399368,
      0.5881872118195388,
      0.5820817576214147,
      0.5718816805565942,
      0.5633976091130106,
      0.5552385219909037,
      0.545225979885745,
      0.5350267906925762,
      0.5261008307400051,
      0.513047857627134,
      0.5046872174900521,
      0.49146402546141676,
      0.47989145269201644,
      0.46724571677271814,
      0.457531424749346,
      0.44460191066677657,
      0.43138023946451276,
      0.415565278490334,
      0.3988988769863533,
      0.3823549729317625,
      0.3624909072022601,
      0.34350058665900013,
      0.31920353719439526,
      0.29090593831287526,
      0.25980683547356065,
      0.24770094221951308
    ],