{
  "block": "model_output_blocks_10",
  "target_block_name": "model.output_blocks.10",
  "T": 100,
  "C": 128,
  "N": 32,
  "H": 64,
  "W": 64,
  "rank_r": 68,
  "representative_t": 99,
  "energy_threshold": 0.98,
  "actual_energy_at_r": 0.9803475357578089,
  "timesteps": [
    0,
    1,
    2,
    3,
    4,
    5,
    6,
    7,
    8,
    9,
    10,
    11,
    12,
    13,
    14,
    15,
    16,
    17,
    18,
    19,
    20,
    21,
    22,
    23,
    24,
    25,
    26,
    27,
    28,
    29,
    30,
    31,
    32,
    33,
    34,
    35,
    36,
    37,
    38,
    39,
    40,
    41,
    42,
    43,
    44,
    45,
    46,
    47,
    48,
    49,
    50,
    51,
    52,
    53,
    54,
    55,
    56,
    57,
    58,
    59,
    60,
    61,
    62,
    63,
    64,
    65,
    66,
    67,
    68,
    69,
    70,
    71,
    72,
    73,
    74,
    75,
    76,
    77,
    78,
    79,
    80,
    81,
    82,
    83,
    84,
    85,
    86,
    87,
    88,
    89,
    90,
    91,
    92,
    93,
    94,
    95,
    96,
    97,
    98,
    99
  ],
  "subspace_dist": [
    0.0,
    0.0023877284982188884,
    0.0034651981594862047,
    0.005059843128492059,
    0.006014495060598368,
    0.0020267757021080746,
    0.0028326798824366284,
    0.001178749841294735,
    0.0017677166117948673,
    0.003935256009101384,
    0.0023536402878622242,
    0.0011582548239588153,
    0.000534061536488939,
    0.0006626530916988838,
    0.000729213132008022,
    0.0007386980975377933,
    0.0006194806293815525,
    0.0008425026144323056,
    0.002529702433544445,
    0.010126270761324219,
    0.00296534606426746,
    0.0028110890539264632,
    0.014128162138322575,
    0.0010829435239453344,
    0.0008465262933136097,
    0.0009045741603922464,
    0.00333823683570722,
    0.0013381768056892618,
    0.0015690261240528525,
    0.0006607882193722103,
    0.0015025962273457205,
    0.0006863882523312492,
    0.00042004558653896407,
    0.0010489689407987557,
    0.0008099712965309314,
    0.00040010253018585296,
    0.0006807080146069566,
    0.0007728638293249546,
    0.00038152529376678235,
    0.0003631207889569499,
    0.0003318641550356105,
    0.00022378714297843771,
    0.00034164959676730167,
    0.0006875968602741978,
    0.00022065525762759997,
    0.0005183184094967874,
    0.0002145004821805241,
    0.0001576798334845808,
    0.0008297246254275192,
    0.00021815212877362988,
    0.00022311179183232,
    0.00013669801691829075,
    0.00015600744215693574,
    0.0002441611298756863,
    0.00011696432462859896,
    0.0001642859042169098,
    0.0001439818639172863,
    0.00023702358799815304,
    0.0003435602992427622,
    0.0008749880628338147,
    0.0007673913814204569,
    0.0035492430999710667,
    0.0008033385726603504,
    0.0002306039522158576,
    0.00031873155577621937,
    0.00017754202780906336,
    0.00040571602126293627,
    0.00026975230140158235,
    0.00032447374762556436,
    0.00014093362625999806,
    0.00021175451189614503,
    0.0001419902601266232,
    0.00026339791275986624,
    0.00023525202040275417,
    0.00014724406808619417,
    0.00026979885842803863,
    0.0002389751898230763,
    0.00019436417488383206,
    0.0003238627987204312,
    0.00017575946431402922,
    0.00028275173056380165,
    0.0004152184236692058,
    0.000277298887451094,
    0.00034798142476455407,
    0.0009658465471715783,
    0.014150834509519483,
    0.0012644937103790665,
    0.0005383927614523998,
    0.0005491034798711381,
    0.00047747314558233,
    0.0004025715071120928,
    0.0005221576782244997,
    0.0006319547873228082,
    0.0007724662512775815,
    0.0013732110323964042,
    0.0019088924831820453,
    0.004268411077000378,
    0.00941020130523762,
    0.03126876887297225,
    0.06900964345818761
  ],
  "energy_ratio": {
    "k4": [
      0.9095355238794813,
      0.9039100411971364,
      0.8979042357848589,
      0.8914121504086234,
      0.883600493590386,
      0.8768800644362229,
      0.8699398279960552,
      0.8642127688386775,
      0.8562684267414256,
      0.8520887772177845,
      0.8464695501127676,
      0.8384483089013862,
      0.834090557623525,
      0.8289522280206293,
      0.8232169001966831,
      0.820140551205122,
      0.8135220684241947,
      0.8073263355107597,
      0.8025497059630226,
      0.7976974256984791,
      0.7938873963815226,
      0.7897466320727092,
      0.7859122144422075,
      0.7818225620860875,
      0.7791450961429653,
      0.7754064030308686,
      0.7722518162551945,
      0.7682941132837067,
      0.7661667040149825,
      0.7635941068392884,
      0.7601917573997844,
      0.7573160761931358,
      0.7556580694694465,
      0.7522782180985268,
      0.7491560213257781,
      0.7459332515871893,
      0.7446545087523883,
      0.7413982034239864,
      0.7386611745785591,
      0.7355991460388247,
      0.7326525664612787,
      0.729918530914151,
      0.725913295957084,
      0.7232060140198694,
      0.7198689325875958,
      0.715840588697684,
      0.7129055187072495,
      0.709579722667419,
      0.7056750762734451,
      0.7016428914635386,
      0.6977626776130994,
      0.6935163500094103,
      0.6899318093503841,
      0.6859081108907672,
      0.6817126043712247,
      0.6767885000635468,
      0.6722288534058141,
      0.6679294211300073,
      0.6632520071744261,
      0.658471382407047,
      0.6544350143803804,
      0.6485556839318098,
      0.6437047232905723,
      0.6385914992103938,
      0.6342777305273695,
      0.6289556666566068,
      0.6242458559359875,
      0.6197350504595298,
      0.6141787614297256,
      0.6100519816932402,
      0.6050902695802948,
      0.600535367752883,
      0.5961234300272165,
      0.5904016845598935,
      0.5858007826325271,
      0.5798913210042314,
      0.5758642069691091,
      0.5700791916531863,
      0.5648389755039268,
      0.5596854213001705,
      0.55483434226935,
      0.5492931466979785,
      0.5443550217565799,
      0.5376687775915185,
      0.5329479520639748,
      0.527237471017559,
      0.5213830445498552,
      0.5140888006021439,
      0.5085429271183903,
      0.5006302446865002,
      0.49435517161652287,
      0.48457964526910013,
      0.4771095413888359,
      0.46760440914847584,
      0.4565776585201823,
      0.4464826134616768,
      0.43780553188984245,
      0.4361244694898573,
      0.45005734346541526,
      0.6346734534755805
    ],