{
  "block": "model_input_blocks_5",
  "target_block_name": "model.input_blocks.5",
  "T": 100,
  "C": 128,
  "N": 32,
  "H": 64,
  "W": 64,
  "rank_r": 94,
  "representative_t": 99,
  "energy_threshold": 0.98,
  "actual_energy_at_r": 0.9804967083628912,
  "timesteps": [
    0,
    1,
    2,
    3,
    4,
    5,
    6,
    7,
    8,
    9,
    10,
    11,
    12,
    13,
    14,
    15,
    16,
    17,
    18,
    19,
    20,
    21,
    22,
    23,
    24,
    25,
    26,
    27,
    28,
    29,
    30,
    31,
    32,
    33,
    34,
    35,
    36,
    37,
    38,
    39,
    40,
    41,
    42,
    43,
    44,
    45,
    46,
    47,
    48,
    49,
    50,
    51,
    52,
    53,
    54,
    55,
    56,
    57,
    58,
    59,
    60,
    61,
    62,
    63,
    64,
    65,
    66,
    67,
    68,
    69,
    70,
    71,
    72,
    73,
    74,
    75,
    76,
    77,
    78,
    79,
    80,
    81,
    82,
    83,
    84,
    85,
    86,
    87,
    88,
    89,
    90,
    91,
    92,
    93,
    94,
    95,
    96,
    97,
    98,
    99
  ],
  "subspace_dist": [
    0.0,
    0.004343909774160992,
    0.003505847250238392,
    0.010604927414193499,
    0.013824520469286727,
    0.005107136159240078,
    0.01332342228881056,
    0.012206902103908512,
    0.010280706423385078,
    0.017650608271696844,
    0.01607193339131041,
    0.001111003483339701,
    0.0011667021848359438,
    0.0018307008216864595,
    0.0021159314428290665,
    0.0038167711179089014,
    0.004654557636834644,
    0.0038175783076601633,
    0.00556128311024362,
    0.002461062442435047,
    0.0025548900825953513,
    0.001428198582090645,
    0.0021785006138327345,
    0.002635840685814239,
    0.005982841332600852,
    0.001881970888281681,
    0.00413038544719313,
    0.0026575410710169,
    0.0022332466831751496,
    0.0024422269222842408,
    0.003148773127318427,
    0.002512295638456896,
    0.0008417443055952489,
    0.0009474633656263443,
    0.001718658740229806,
    0.0011364745904998141,
    0.0016727338558867322,
    0.0018854411132460669,
    0.0019081966941489892,
    0.005221955447000659,
    0.002408130421346355,
    0.0017361076920322516,
    0.004543974708394183,
    0.0033985675591778897,
    0.001054515595615091,
    0.0008942629095414212,
    0.001433739477042284,
    0.0005196044031733349,
    0.0014884640189862797,
    0.0012442458115136112,
    0.0008604678525236942,
    0.0006238059534011686,
    0.0010160818770832414,
    0.0008977070257127906,
    0.0007102443481664666,
    0.0014741395926667344,
    0.0009026906016127434,
    0.0020862938161089195,
    0.001934735953500799,
    0.0007794103873588476,
    0.0012015697886115229,
    0.0007033757798310392,
    0.0014240351577408106,
    0.0017520617699631202,
    0.0006313984347958712,
    0.0017361348955462486,
    0.00813640136526983,
    0.0011797052387089169,
    0.0013755606577242618,
    0.0010787503637157414,
    0.0047478221850676405,
    0.0027800775980650894,
    0.004130473972888571,
    0.001079100702556679,
    0.0005443952855808121,
    0.0009286481167519733,
    0.0005967541414741984,
    0.0007603343463170598,
    0.000473815979110892,
    0.0005034997241061268,
    0.0006657531351267343,
    0.0017797081623138755,
    0.0007399277890786093,
    0.0027749273157180454,
    0.0008327130981107267,
    0.002278712403375849,
    0.001563368838511714,
    0.001480052164611445,
    0.0006132746960005875,
    0.0008555006022255007,
    0.0006180584922788057,
    0.0010115496561698967,
    0.002572451706804979,
    0.004852223883235807,
    0.0021641552791812346,
    0.002498328529903393,
    0.003539286979015066,
    0.0051926161518009994,
    0.011024785964797834,
    0.05676665601506925
  ],
  "energy_ratio": {
    "k4": [
      0.9185053829427925,
      0.9184577111757506,
      0.9188487959409277,
      0.9153146704408437,
      0.9202146122455254,
      0.9189124539664492,
      0.9182715570326491,
      0.9198062747324581,
      0.9224153577715983,
      0.9205514014425936,
      0.92395100039322,
      0.9230625104261772,
      0.9242285782320478,
      0.9254717757771207,
      0.9261677857684476,
      0.9284393356003534,
      0.9271021723484144,
      0.9271683456010659,
      0.9275095731335572,
      0.9278387381905823,
      0.9276650045678915,
      0.9272525688786681,
      0.9271908847109865,
      0.9268857598223507,
      0.9252929017789165,
      0.9253817616623509,
      0.9234498538269448,
      0.9222229552587509,
      0.9203033939555625,
      0.9183888857281921,
      0.9173375463388403,
      0.9139711726550414,
      0.9131412863147623,
      0.9110749524770416,
      0.9081731863539175,
      0.905550836662411,
      0.9027274756310044,
      0.9007272837380442,
      0.8983752157872626,
      0.8944016455061172,
      0.8903833354920523,
      0.8890745393122773,
      0.8848801596446536,
      0.8803794861053225,
      0.8783263095311314,
      0.8743052151798499,
      0.8715979457895454,
      0.8691826200765042,
      0.864074211200172,
      0.8608549548275681,
      0.857049208947613,
      0.85437527244642,
      0.8509088498311007,
      0.8484841830235211,
      0.8454129781137563,
      0.8394840755294439,
      0.8351848257523444,
      0.8314981690163165,
      0.8331471688411993,
      0.8287341998800346,
      0.8241765049340847,
      0.8214239675691897,
      0.8168736911544964,
      0.8101009769929997,
      0.8098922474654047,
      0.8081629153771266,
      0.7976214479091858,
      0.799545709146123,
      0.7910157570515168,
      0.7860589637407166,
      0.7834114161489715,
      0.779739768597031,
      0.7706269640676018,
      0.7701194103256813,
      0.7639387799221067,
      0.7542140962653785,
      0.752432843308424,
      0.7433218237122982,
      0.738221944379768,
      0.7310714977580239,
      0.7229452703240922,
      0.7142497807154407,
      0.7078630434231334,
      0.6937558644005316,
      0.6894775380188475,
      0.6744975628680849,
      0.6619712065767462,
      0.6448503798335335,
      0.6370248545083581,
      0.6199635276104807,
      0.602465315943785,
      0.5797197173351093,
      0.5558585963941569,
      0.5328419065134747,
      0.5025686896785281,
      0.4719070682994257,
      0.4352064167351289,
      0.3923721216408059,
      0.3422878310360172,
      0.30271908793329516
    ],