{
  "block": "model_output_blocks_12",
  "target_block_name": "model.output_blocks.12",
  "T": 100,
  "C": 128,
  "N": 32,
  "H": 128,
  "W": 128,
  "rank_r": 47,
  "representative_t": 99,
  "energy_threshold": 0.98,
  "actual_energy_at_r": 0.9803691040200716,
  "timesteps": [
    0,
    1,
    2,
    3,
    4,
    5,
    6,
    7,
    8,
    9,
    10,
    11,
    12,
    13,
    14,
    15,
    16,
    17,
    18,
    19,
    20,
    21,
    22,
    23,
    24,
    25,
    26,
    27,
    28,
    29,
    30,
    31,
    32,
    33,
    34,
    35,
    36,
    37,
    38,
    39,
    40,
    41,
    42,
    43,
    44,
    45,
    46,
    47,
    48,
    49,
    50,
    51,
    52,
    53,
    54,
    55,
    56,
    57,
    58,
    59,
    60,
    61,
    62,
    63,
    64,
    65,
    66,
    67,
    68,
    69,
    70,
    71,
    72,
    73,
    74,
    75,
    76,
    77,
    78,
    79,
    80,
    81,
    82,
    83,
    84,
    85,
    86,
    87,
    88,
    89,
    90,
    91,
    92,
    93,
    94,
    95,
    96,
    97,
    98,
    99
  ],
  "subspace_dist": [
    0.0,
    0.003645347441564306,
    0.0014632474769673554,
    0.006708344057575366,
    0.007824285351645144,
    0.0017169247832314882,
    0.0019585034518863065,
    0.002586533067162944,
    0.0014821967063374242,
    0.005188508316053664,
    0.003480685259367622,
    0.0009169564077102788,
    0.0005387359425831351,
    0.0007622821625264953,
    0.0010687729997074236,
    0.0019804253434937413,
    0.0012262794575623737,
    0.0012281735255722515,
    0.0015970707763804937,
    0.0013917896539298313,
    0.0007983474219916964,
    0.0027479910816557984,
    0.0005327217026828146,
    0.0014021679069816662,
    0.0013210864227174435,
    0.0024236733578576475,
    0.0024655824490112943,
    0.0021076675777785825,
    0.0012832076704043516,
    0.0020121870713606382,
    0.002620524013849379,
    0.001730118618248233,
    0.002490820130952587,
    0.0019316986671649161,
    0.0011134574377134054,
    0.0006632364491406806,
    0.0012107614717213888,
    0.0009080978243724003,
    0.0012638844441020813,
    0.0007957786598229433,
    0.0007954654351733925,
    0.0007481700968653415,
    0.0005331528731494783,
    0.0005283414470640402,
    0.0005462381251239989,
    0.0006130592929358691,
    0.0007093448363547639,
    0.00040943486664823947,
    0.000811889172794733,
    0.00047443806606850547,
    0.0005281879330658601,
    0.0003588382543452395,
    0.0005358778809215758,
    0.0007661969424153092,
    0.0004480482405295749,
    0.0012111549169886437,
    0.002626819078304865,
    0.000933787834475508,
    0.000767166035601119,
    0.0009693198884803689,
    0.0006211738826475965,
    0.0006682368010142437,
    0.0005687446643121152,
    0.0004191213189210785,
    0.0004366174834801173,
    0.0004437048248074893,
    0.0005942889298352627,
    0.0008275970567469537,
    0.0007188134206147501,
    0.0005907470741879361,
    0.0009913836895629746,
    0.011874854397726287,
    0.0016734272382625814,
    0.0005856477204579935,
    0.0008109782217217143,
    0.00048648390361938354,
    0.000535311990113807,
    0.0004315574437270264,
    0.0004867384907167871,
    0.0005102034778808884,
    0.0016785796745498738,
    0.0009024479224863935,
    0.007030772780263983,
    0.0009242885513413013,
    0.0012905979168936765,
    0.0010256707871844073,
    0.0007551881718379505,
    0.0014650509245734966,
    0.010027646578020133,
    0.010179440815794139,
    0.0032828459687571643,
    0.003190724687708313,
    0.001726406439862438,
    0.001376437598323066,
    0.002016801979250915,
    0.005156244784938369,
    0.010572705537996163,
    0.02784137463127878,
    0.029291191855205456,
    0.12408362311479582
  ],
  "energy_ratio": {
    "k4": [
      0.9720616669889589,
      0.9714622165463513,
      0.9710593423754841,
      0.9701255484639366,
      0.96968835186502,
      0.9689304516536538,
      0.9680382071201504,
      0.9674884150879167,
      0.9669318282620896,
      0.9659664408375873,
      0.9654680837687986,
      0.9640594615175314,
      0.9632524162723084,
      0.9623176804877738,
      0.9610671566811472,
      0.960266914147595,
      0.9588132300803067,
      0.9569433970975935,
      0.9554774323582305,
      0.9535947316408014,
      0.952271858272478,
      0.9502315331921967,
      0.948804922655463,
      0.9469730180913056,
      0.9453323713233002,
      0.9431247584491254,
      0.9413432732239558,
      0.9390274445747624,
      0.9373394878293985,
      0.935806022200507,
      0.9331262474234362,
      0.9313999196608295,
      0.9296925525075775,
      0.9275419248966223,
      0.9254482674290886,
      0.9237429343284186,
      0.9224558043834713,
      0.9197393663083738,
      0.9178808902314158,
      0.9156747035679232,
      0.9135208250448507,
      0.9114130434924033,
      0.9093455471564911,
      0.9067301279011133,
      0.9043272699799887,
      0.9022153526384837,
      0.9004980484025616,
      0.8982443083261744,
      0.8958894037345313,
      0.8933432475735731,
      0.8905529969034846,
      0.8887925442958994,
      0.8864719824618991,
      0.8837932908111066,
      0.8809625742892789,
      0.8790622442354128,
      0.8762918030221946,
      0.8738642729836049,
      0.8704055580225445,
      0.8671931404136323,
      0.864339337014425,
      0.8608474936263667,
      0.8581558068068673,
      0.8548398611620073,
      0.8514839132883769,
      0.8480730920707882,
      0.845469178489146,
      0.8417617801111736,
      0.8374053294897151,
      0.8338989616117894,
      0.8295898904638886,
      0.8253475697991091,
      0.8218223796733809,
      0.8175418781122938,
      0.8132216264424156,
      0.808570194782022,
      0.8047061689065655,
      0.8003853725105843,
      0.7961540061159106,
      0.7917433240198222,
      0.7878799958253307,
      0.7836443808257939,
      0.7794523006991361,
      0.7749229335680976,
      0.7720472201825622,
      0.7666775444452615,
      0.7622470887488896,
      0.7570373514046187,
      0.7546555455845928,
      0.7513124005386804,
      0.7483866895478626,
      0.7444595370828085,
      0.741129764312563,
      0.7368866096235509,
      0.7348198159831699,
      0.7358815187943738,
      0.7376524790324799,
      0.7409727225834475,
      0.7440074646457958,
      0.7921855527026621
    ],