{
  "block": "model_output_blocks_5",
  "target_block_name": "model.output_blocks.5",
  "T": 100,
  "C": 384,
  "N": 32,
  "H": 32,
  "W": 32,
  "rank_r": 291,
  "representative_t": 99,
  "energy_threshold": 0.98,
  "actual_energy_at_r": 0.9800599842414995,
  "timesteps": [
    0,
    1,
    2,
    3,
    4,
    5,
    6,
    7,
    8,
    9,
    10,
    11,
    12,
    13,
    14,
    15,
    16,
    17,
    18,
    19,
    20,
    21,
    22,
    23,
    24,
    25,
    26,
    27,
    28,
    29,
    30,
    31,
    32,
    33,
    34,
    35,
    36,
    37,
    38,
    39,
    40,
    41,
    42,
    43,
    44,
    45,
    46,
    47,
    48,
    49,
    50,
    51,
    52,
    53,
    54,
    55,
    56,
    57,
    58,
    59,
    60,
    61,
    62,
    63,
    64,
    65,
    66,
    67,
    68,
    69,
    70,
    71,
    72,
    73,
    74,
    75,
    76,
    77,
    78,
    79,
    80,
    81,
    82,
    83,
    84,
    85,
    86,
    87,
    88,
    89,
    90,
    91,
    92,
    93,
    94,
    95,
    96,
    97,
    98,
    99
  ],
  "subspace_dist": [
    0.0,
    0.006601271368474326,
    0.01072374222537531,
    0.008753971524314341,
    0.018717187039554162,
    0.005276352510148685,
    0.008286483402228262,
    0.002821921848414455,
    0.002655460528318332,
    0.0014186709747544546,
    0.0012202440730837427,
    0.001094200390491129,
    0.0010944290922524358,
    0.0009171665944143204,
    0.0012211690254191332,
    0.001275985073171726,
    0.001825176256254335,
    0.002351182020654652,
    0.0014912616430994285,
    0.0027021467260189835,
    0.0012068088946033395,
    0.0013155727108656867,
    0.0015339314038144147,
    0.0019708353867381456,
    0.001397012620569571,
    0.0015305782725777428,
    0.0011945597737269553,
    0.001611456566797953,
    0.0015026198169550975,
    0.001250597243079743,
    0.0012600822097855735,
    0.0015562634621171245,
    0.0008695920283510183,
    0.0008805484949162556,
    0.0013862742794973348,
    0.001725420378417386,
    0.0013428796945998966,
    0.0010905400462227766,
    0.0011741454936429196,
    0.0008482269731550085,
    0.0008326261243033484,
    0.001555764866913778,
    0.0011227347780602415,
    0.000770798852925525,
    0.0007835163609103413,
    0.0011226884735499043,
    0.0008350866304588367,
    0.000666854358490454,
    0.0008004593405224192,
    0.0008243678876486138,
    0.0007085212502815352,
    0.000611505434827686,
    0.0006845473858784201,
    0.0008152177446305586,
    0.0006664611830685674,
    0.0006999847794443292,
    0.0007824529055032725,
    0.0010489266434821065,
    0.0009062283724556863,
    0.0008701631481281558,
    0.0009113074488615869,
    0.0009327904221408945,
    0.0026240090405267313,
    0.00207699451446941,
    0.003769216323747382,
    0.0014477937698199606,
    0.0021089628948186556,
    0.0012802067180648358,
    0.0008170868016924571,
    0.0008340478565660447,
    0.000863559797695812,
    0.00072425053948455,
    0.0008002391658344932,
    0.0008642170192071363,
    0.0008133636132043875,
    0.0010243082282609395,
    0.0009993160943565504,
    0.0006834055820925666,
    0.000831070428265468,
    0.001958848829269111,
    0.003335867996773323,
    0.00190846470573669,
    0.0007051205582514486,
    0.0011198859019678764,
    0.000526392344896931,
    0.000885701872852418,
    0.0006159277874443481,
    0.0008313087219048443,
    0.000623284160478188,
    0.000750661900934424,
    0.0008377265365598907,
    0.0009209541533532484,
    0.003420460802793235,
    0.001437136103005332,
    0.0020772883866150282,
    0.0021215792943796163,
    0.004682011070199721,
    0.004904735967650287,
    0.009748862829491167,
    0.03675209130557533
  ],
  "energy_ratio": {
    "k4": [
      0.5388722285196342,
      0.5120992843767692,
      0.4844492314255179,
      0.4683259815626484,
      0.4324562760974554,
      0.4212800178142415,
      0.4081926694871511,
      0.3980045670628383,
      0.3907047372115569,
      0.38540827227851243,
      0.3801348082971437,
      0.374979872928527,
      0.37117384546118676,
      0.36753775275744993,
      0.36271768847204905,
      0.35993475169446126,
      0.35507615988474306,
      0.35059850330892367,
      0.34581213952207185,
      0.34365319729250593,
      0.34024789674291794,
      0.33709726699271364,
      0.3334837503463784,
      0.32941506081232586,
      0.32611410386279327,
      0.3238434980475502,
      0.32040046662520344,
      0.31788879498533035,
      0.3149499644271285,
      0.31127246275028525,
      0.30962481259712843,
      0.3066859027288888,
      0.30365383287591646,
      0.30153904178071717,
      0.29943368530923015,
      0.2962934688575364,
      0.29434313087846536,
      0.29284113152891705,
      0.2905943860869662,
      0.2877196666489922,
      0.28562050577599457,
      0.2842114793131348,
      0.28088687297715176,
      0.2796740023049805,
      0.27830264084037354,
      0.2758050277367195,
      0.2747125064705868,
      0.2725280658166457,
      0.2701236855614491,
      0.2692980832562116,
      0.2672752937835824,
      0.26606925079728383,
      0.26431043422114475,
      0.26257885027766653,
      0.26087995243925877,
      0.25829721498185354,
      0.2572976243241543,
      0.2553029984502491,
      0.25452059312548725,
      0.25346692207325855,
      0.25110628698113346,
      0.250122893989056,
      0.24743092557299504,
      0.2465878482550564,
      0.24549924332312975,
      0.24444800927839577,
      0.2422811865715554,
      0.24148297234566984,
      0.23938878669952193,
      0.23812396046824386,
      0.23742873816921334,
      0.23579746492047687,
      0.23354855726459367,
      0.23300906219723067,
      0.23188506926974436,
      0.22996319682828434,
      0.22863256077306007,
      0.2275545307898089,
      0.22622100178192814,
      0.22449961248537512,
      0.22324354258403675,
      0.2222543676710531,
      0.22034066613439465,
      0.21896877373662463,
      0.21777260672501872,
      0.21586916966200084,
      0.21450242982568138,
      0.21256909703270715,
      0.21161704303428122,
      0.21024207446876836,
      0.20832410371683988,
      0.2071006554952948,
      0.20561746280506912,
      0.20428283684241452,
      0.20356672464655054,
      0.20302137014518226,
      0.20367752673077053,
      0.2064846492226808,
      0.21484397053379597,
      0.27529696242942997
    ],