{
  "meta": {
    "mode": "BASELINE",
    "T": 100
  },
  "by_t": {
    "0": {
      "count": 128,
      "l1": 0.0,
      "l2": 9.999999974752427e-07,
      "cosine": 1.0
    },
    "1": {
      "count": 128,
      "l1": 0.00225313997361809,
      "l2": 0.0029405660461634398,
      "cosine": 0.9999822825193405
    },
    "2": {
      "count": 128,
      "l1": 0.004415217787027359,
      "l2": 0.005870316876098514,
      "cosine": 0.999928817152977
    },
    "3": {
      "count": 128,
      "l1": 0.006369972252286971,
      "l2": 0.008575631538406014,
      "cosine": 0.9998475611209869
    },
    "4": {
      "count": 128,
      "l1": 0.008146378677338362,
      "l2": 0.011062031611800194,
      "cosine": 0.9997457563877106
    },
    "5": {
      "count": 128,
      "l1": 0.009814369725063443,
      "l2": 0.013412764994427562,
      "cosine": 0.999625638127327
    },
    "6": {
      "count": 128,
      "l1": 0.011380162555724382,
      "l2": 0.01562961027957499,
      "cosine": 0.9994909912347794
    },
    "7": {
      "count": 128,
      "l1": 0.012861445546150208,
      "l2": 0.017731953877955675,
      "cosine": 0.9993441104888916
    },
    "8": {
      "count": 128,
      "l1": 0.014264727709814906,
      "l2": 0.01973577030003071,
      "cosine": 0.999186784029007
    },
    "9": {
      "count": 128,
      "l1": 0.015623620711266994,
      "l2": 0.021674270275980234,
      "cosine": 0.9990183264017105
    },
    "10": {
      "count": 128,
      "l1": 0.016908650752156973,
      "l2": 0.02351729152724147,
      "cosine": 0.9988432675600052
    },
    "11": {
      "count": 128,
      "l1": 0.018161388114094734,
      "l2": 0.025319490116089582,
      "cosine": 0.9986578524112701
    },
    "12": {
      "count": 128,
      "l1": 0.019361847080290318,
      "l2": 0.027044396847486496,
      "cosine": 0.9984673410654068
    },
    "13": {
      "count": 128,
      "l1": 0.02051444072276354,
      "l2": 0.028714976273477077,
      "cosine": 0.9982706159353256
    },
    "14": {
      "count": 128,
      "l1": 0.021642233710736036,
      "l2": 0.030347345862537622,
      "cosine": 0.9980664551258087
    },
    "15": {
      "count": 128,
      "l1": 0.02273973962292075,
      "l2": 0.03194014262408018,
      "cosine": 0.9978563338518143
    },
    "16": {
      "count": 128,
      "l1": 0.02378944121301174,
      "l2": 0.03347261995077133,
      "cosine": 0.9976431578397751
    },
    "17": {
      "count": 128,
      "l1": 0.024845256470143795,
      "l2": 0.03501960448920727,
      "cosine": 0.9974178820848465
    },
    "18": {
      "count": 128,
      "l1": 0.025856294203549623,
      "l2": 0.03650377690792084,
      "cosine": 0.9971919059753418
    },
    "19": {
      "count": 128,
      "l1": 0.02684104023501277,
      "l2": 0.037954170256853104,
      "cosine": 0.9969618916511536
    },
    "20": {
      "count": 128,
      "l1": 0.02785047935321927,
      "l2": 0.03944282978773117,
      "cosine": 0.996715784072876
    },
    "21": {
      "count": 128,
      "l1": 0.02880431478843093,
      "l2": 0.04085562750697136,
      "cosine": 0.9964732229709625
    },
    "22": {
      "count": 128,
      "l1": 0.029777560383081436,
      "l2": 0.0422960389405489,
      "cosine": 0.9962173402309418
    },
    "23": {
      "count": 128,
      "l1": 0.030697906389832497,
      "l2": 0.04367032181471586,
      "cosine": 0.995964527130127
    },
    "24": {
      "count": 128,
      "l1": 0.03163560898974538,
      "l2": 0.045066921040415764,
      "cosine": 0.9956989139318466
    },
    "25": {
      "count": 128,
      "l1": 0.032564261462539434,
      "l2": 0.04646159056574106,
      "cosine": 0.9954241663217545
    },
    "26": {
      "count": 128,
      "l1": 0.03346353257074952,
      "l2": 0.04781875293701887,
      "cosine": 0.9951486438512802
    },
    "27": {
      "count": 128,
      "l1": 0.0343762980774045,
      "l2": 0.04918684437870979,
      "cosine": 0.9948628693819046
    },
    "28": {
      "count": 128,
      "l1": 0.0352441743016243,
      "l2": 0.050498257391154766,
      "cosine": 0.9945810437202454
    },
    "29": {
      "count": 128,
      "l1": 0.03611117135733366,
      "l2": 0.051813933067023754,
      "cosine": 0.9942899346351624
    },
    "30": {
      "count": 128,
      "l1": 0.037034270353615284,
      "l2": 0.05321185011416674,
      "cosine": 0.9939714968204498
    },
    "31": {
      "count": 128,
      "l1": 0.03789178468286991,
      "l2": 0.0545110497623682,
      "cosine": 0.9936667084693909
    },
    "32": {
      "count": 128,
      "l1": 0.038787150755524635,
      "l2": 0.055889963172376156,
      "cosine": 0.9933352023363113
    },
    "33": {
      "count": 128,
      "l1": 0.03966740798205137,
      "l2": 0.05724484659731388,
      "cosine": 0.9930000752210617
    },
    "34": {
      "count": 128,
      "l1": 0.040505548007786274,
      "l2": 0.05854007322341204,
      "cosine": 0.9926718920469284
    },
    "35": {
      "count": 128,
      "l1": 0.04146221745759249,
      "l2": 0.06000128947198391,
      "cosine": 0.9922917187213898
    },
    "36": {
      "count": 128,
      "l1": 0.042320115491747856,
      "l2": 0.061319456435739994,
      "cosine": 0.9919394105672836
    },
    "37": {
      "count": 128,
      "l1": 0.04316843766719103,
      "l2": 0.06265186425298452,
      "cosine": 0.9915758222341537
    },
    "38": {
      "count": 128,
      "l1": 0.0440506637096405,
      "l2": 0.06400902848690748,
      "cosine": 0.9911961406469345
    },
    "39": {
      "count": 128,
      "l1": 0.04491929151117802,
      "l2": 0.06537794787436724,
      "cosine": 0.990802600979805
    },
    "40": {
      "count": 128,
      "l1": 0.04581604152917862,
      "l2": 0.06678887270390987,
      "cosine": 0.9903864860534668
    },
    "41": {
      "count": 128,
      "l1": 0.04669955372810364,
      "l2": 0.06815883703529835,
      "cosine": 0.9899773299694061
    },
    "42": {
      "count": 128,
      "l1": 0.04757698159664869,
      "l2": 0.06955826282501221,
      "cosine": 0.9895483553409576
    },
    "43": {
      "count": 128,
      "l1": 0.04850505758076906,
      "l2": 0.07099523954093456,
      "cosine": 0.9890976101160049
    },
    "44": {
      "count": 128,
      "l1": 0.049394236877560616,
      "l2": 0.07239669375121593,
      "cosine": 0.9886492490768433
    },
    "45": {
      "count": 128,
      "l1": 0.050273128785192966,
      "l2": 0.07380721531808376,
      "cosine": 0.9881872981786728
    },
    "46": {
      "count": 128,
      "l1": 0.051170721650123596,
      "l2": 0.07520963065326214,
      "cosine": 0.9877189099788666
    },
    "47": {
      "count": 128,
      "l1": 0.05209832265973091,
      "l2": 0.0766775906085968,
      "cosine": 0.9872211217880249
    },
    "48": {
      "count": 128,
      "l1": 0.05298398993909359,
      "l2": 0.07808132842183113,
      "cosine": 0.9867348670959473
    },
    "49": {
      "count": 128,
      "l1": 0.05387437902390957,
      "l2": 0.07950328849256039,
      "cosine": 0.9862305819988251
    },
    "50": {
      "count": 128,
      "l1": 0.05480751395225525,
      "l2": 0.08098155818879604,
      "cosine": 0.9856970459222794
    },
    "51": {
      "count": 128,
      "l1": 0.055798509158194065,
      "l2": 0.08249440416693687,
      "cosine": 0.9851413071155548
    },
    "52": {
      "count": 128,
      "l1": 0.05675548315048218,
      "l2": 0.08401142247021198,
      "cosine": 0.9845714569091797
    },
    "53": {
      "count": 128,
      "l1": 0.057721092365682125,
      "l2": 0.0855128038674593,
      "cosine": 0.9839957058429718
    },
    "54": {
      "count": 128,
      "l1": 0.058664822950959206,
      "l2": 0.08698722906410694,
      "cosine": 0.9834187030792236
    },
    "55": {
      "count": 128,
      "l1": 0.05970184877514839,
      "l2": 0.08858385309576988,
      "cosine": 0.9827836602926254
    },
    "56": {
      "count": 128,
      "l1": 0.06053864769637585,
      "l2": 0.08991255052387714,