{
  "meta": {
    "mode": "BASELINE",
    "T": 100,
    "seed": 0,
    "num_images": 128,
    "hist_bins": 4096,
    "hist_min": -1.0,
    "hist_max": 1.0,
    "boundary_nan_policy": "first_step_or_last_step_has_no_adjacent_comparison",
    "nan_when_adjacent_count_zero": true,
    "note": "Adjacent delta compares pred_xstart at t with previous yielded timestep; the first yielded step per chunk has no neighbor.",
    "nan_explanation": "Timesteps with adjacent_count==0 have no valid adjacent comparison (boundary of the DDIM chain per chunk)."
  },
  "by_t": {
    "0": {
      "l1": 0.00225313997361809,
      "l2": 0.0029405660461634398,
      "cosine": 0.9999822825193405,
      "adjacent_count": 128
    },
    "1": {
      "l1": 0.002500402450095862,
      "l2": 0.0034059222089126706,
      "cosine": 0.9999759197235107,
      "adjacent_count": 128
    },
    "2": {
      "l1": 0.0022838172735646367,
      "l2": 0.003169710631482303,
      "cosine": 0.9999790787696838,
      "adjacent_count": 128
    },
    "3": {
      "l1": 0.002111409034114331,
      "l2": 0.002962811733596027,
      "cosine": 0.9999816864728928,
      "adjacent_count": 128
    },
    "4": {
      "l1": 0.0019964103121310472,
      "l2": 0.0028264172724448144,
      "cosine": 0.9999832808971405,
      "adjacent_count": 128
    },
    "5": {
      "l1": 0.0018984591297339648,
      "l2": 0.0027040080167353153,
      "cosine": 0.9999846369028091,
      "adjacent_count": 128
    },
    "6": {
      "l1": 0.0017974050424527377,
      "l2": 0.002577058330643922,
      "cosine": 0.9999860227108002,
      "adjacent_count": 128
    },
    "7": {
      "l1": 0.0017329798138234764,
      "l2": 0.002496709057595581,
      "cosine": 0.9999868720769882,
      "adjacent_count": 128
    },
    "8": {
      "l1": 0.0016617417568340898,
      "l2": 0.002402970567345619,
      "cosine": 0.9999878108501434,
      "adjacent_count": 128
    },
    "9": {
      "l1": 0.0015952512912917882,
      "l2": 0.0023219843860715628,
      "cosine": 0.9999885857105255,
      "adjacent_count": 128
    },
    "10": {
      "l1": 0.001568829466123134,
      "l2": 0.0022919057519175112,
      "cosine": 0.9999888390302658,
      "adjacent_count": 128
    },
    "11": {
      "l1": 0.0014997804537415504,
      "l2": 0.002196511020883918,
      "cosine": 0.9999897330999374,
      "adjacent_count": 128
    },
    "12": {
      "l1": 0.0014837489870842546,
      "l2": 0.0021857288666069508,
      "cosine": 0.999989777803421,
      "adjacent_count": 128
    },
    "13": {
      "l1": 0.0014355499879457057,
      "l2": 0.0021227821125648916,
      "cosine": 0.9999903291463852,
      "adjacent_count": 128
    },
    "14": {
      "l1": 0.0013981841912027448,
      "l2": 0.002077133976854384,
      "cosine": 0.999990776181221,
      "adjacent_count": 128
    },
    "15": {
      "l1": 0.0013796976418234408,
      "l2": 0.0020567546016536653,
      "cosine": 0.999990850687027,
      "adjacent_count": 128
    },
    "16": {
      "l1": 0.0013805294875055552,
      "l2": 0.0020686733187176287,
      "cosine": 0.9999907612800598,
      "adjacent_count": 128
    },
    "17": {
      "l1": 0.001335005508735776,
      "l2": 0.002002772322157398,
      "cosine": 0.999991312623024,
      "adjacent_count": 128
    },
    "18": {
      "l1": 0.001322853728197515,
      "l2": 0.0019915689481422305,
      "cosine": 0.9999914318323135,
      "adjacent_count": 128
    },
    "19": {
      "l1": 0.0013384634512476623,
      "l2": 0.0020209004869684577,
      "cosine": 0.9999911338090897,
      "adjacent_count": 128
    },
    "20": {
      "l1": 0.0012960018357262015,
      "l2": 0.001963443704880774,
      "cosine": 0.9999916255474091,
      "adjacent_count": 128
    },
    "21": {
      "l1": 0.001310182298766449,
      "l2": 0.00198708736570552,
      "cosine": 0.9999914169311523,
      "adjacent_count": 128
    },
    "22": {
      "l1": 0.0012948333460371941,
      "l2": 0.001971442106878385,
      "cosine": 0.9999915361404419,
      "adjacent_count": 128
    },
    "23": {
      "l1": 0.0012906684423796833,
      "l2": 0.0019694871734827757,
      "cosine": 0.9999915659427643,
      "adjacent_count": 128
    },
    "24": {
      "l1": 0.0013171048776712269,
      "l2": 0.0020152026845607907,
      "cosine": 0.9999910891056061,
      "adjacent_count": 128
    },
    "25": {
      "l1": 0.00128721515648067,
      "l2": 0.0019807937496807426,
      "cosine": 0.99999138712883,
      "adjacent_count": 128
    },
    "26": {
      "l1": 0.0012947159993927926,
      "l2": 0.001987111463677138,
      "cosine": 0.9999913275241852,
      "adjacent_count": 128
    },
    "27": {
      "l1": 0.001302822376601398,
      "l2": 0.0020035739289596677,
      "cosine": 0.9999912083148956,
      "adjacent_count": 128
    },
    "28": {
      "l1": 0.0013048929977230728,
      "l2": 0.0020172167278360575,
      "cosine": 0.9999909847974777,
      "adjacent_count": 128
    },
    "29": {
      "l1": 0.0013359351141843945,
      "l2": 0.0020737953018397093,
      "cosine": 0.9999904930591583,
      "adjacent_count": 128
    },
    "30": {
      "l1": 0.0012899868888780475,
      "l2": 0.0019992584420833737,
      "cosine": 0.9999910891056061,
      "adjacent_count": 128
    },
    "31": {
      "l1": 0.0013836108846589923,
      "l2": 0.002150884596630931,
      "cosine": 0.9999897330999374,
      "adjacent_count": 128
    },
    "32": {
      "l1": 0.0013682596036233008,
      "l2": 0.0021364784333854914,
      "cosine": 0.999989777803421,
      "adjacent_count": 128
    },
    "33": {
      "l1": 0.001356970431515947,
      "l2": 0.002116478164680302,
      "cosine": 0.9999900311231613,
      "adjacent_count": 128
    },
    "34": {
      "l1": 0.0014497387455776334,
      "l2": 0.002264498732984066,
      "cosine": 0.9999885261058807,
      "adjacent_count": 128
    },
    "35": {
      "l1": 0.0013694814406335354,
      "l2": 0.0021343102562241256,
      "cosine": 0.9999898076057434,
      "adjacent_count": 128
    },
    "36": {
      "l1": 0.0014867775898892432,
      "l2": 0.0023069672752171755,
      "cosine": 0.9999882131814957,
      "adjacent_count": 128
    },
    "37": {
      "l1": 0.0014352673897519708,
      "l2": 0.0022483073989860713,
      "cosine": 0.9999886453151703,
      "adjacent_count": 128
    },
    "38": {
      "l1": 0.0014792335277888924,
      "l2": 0.0023378474288620055,
      "cosine": 0.9999876469373703,
      "adjacent_count": 128
    },
    "39": {
      "l1": 0.001502514147432521,
      "l2": 0.002365955908317119,
      "cosine": 0.9999873042106628,
      "adjacent_count": 128
    },
    "40": {
      "l1": 0.0015263021341525018,
      "l2": 0.002388430351857096,
      "cosine": 0.999987319111824,
      "adjacent_count": 128
    },
    "41": {
      "l1": 0.0016211754409596324,
      "l2": 0.002535432984586805,
      "cosine": 0.9999856799840927,
      "adjacent_count": 128
    },
    "42": {
      "l1": 0.0016002663760446012,
      "l2": 0.0025126124382950366,
      "cosine": 0.9999857544898987,
      "adjacent_count": 128
    },
    "43": {
      "l1": 0.0016312400111928582,
      "l2": 0.002565927105024457,
      "cosine": 0.9999852180480957,
      "adjacent_count": 128
    },
    "44": {
      "l1": 0.0016546471160836518,
      "l2": 0.0026236623525619507,
      "cosine": 0.9999845027923584,
      "adjacent_count": 128
    },
    "45": {
      "l1": 0.0016633305640425533,
      "l2": 0.002613242424558848,
      "cosine": 0.999984622001648,
      "adjacent_count": 128
    },
    "46": {
      "l1": 0.0018202770443167537,
      "l2": 0.002849037991836667,
      "cosine": 0.9999819844961166,
      "adjacent_count": 128
    },
    "47": {
      "l1": 0.0018068835488520563,
      "l2": 0.002814586739987135,
      "cosine": 0.9999824464321136,
      "adjacent_count": 128
    },
    "48": {
      "l1": 0.001866245671408251,
      "l2": 0.002925096545368433,
      "cosine": 0.9999808818101883,