{
  "block": "model_input_blocks_13",
  "T_svd": 100,
  "interval_length_used": 99,
  "rank_r": 372,
  "x_axis_def": "interval-wise t_curr (left=noise side, right=clear side)",
  "correlation": {
    "L1_vs_SVD": {
      "pearson": 0.9700651168211702,
      "spearman": 0.5406144189641029,
      "pearson_pvalue": 1.9828037580246768e-61,
      "spearman_pvalue": 7.64282962804955e-09
    },
    "CosDist_vs_SVD": {
      "pearson": 0.9669853605763121,
      "spearman": 0.5400460647229599,
      "pearson_pvalue": 2.12977454486362e-59,
      "spearman_pvalue": 7.979104422100529e-09
    }
  },
  "t_curr_interval": [
    98,
    97,
    96,
    95,
    94,
    93,
    92,
    91,
    90,
    89,
    88,
    87,
    86,
    85,
    84,
    83,
    82,
    81,
    80,
    79,
    78,
    77,
    76,
    75,
    74,
    73,
    72,
    71,
    70,
    69,
    68,
    67,
    66,
    65,
    64,
    63,
    62,
    61,
    60,
    59,
    58,
    57,
    56,
    55,
    54,
    53,
    52,
    51,
    50,
    49,
    48,
    47,
    46,
    45,
    44,
    43,
    42,
    41,
    40,
    39,
    38,
    37,
    36,
    35,
    34,
    33,
    32,
    31,
    30,
    29,
    28,
    27,
    26,
    25,
    24,
    23,
    22,
    21,
    20,
    19,
    18,
    17,
    16,
    15,
    14,
    13,
    12,
    11,
    10,
    9,
    8,
    7,
    6,
    5,
    4,
    3,
    2,
    1,
    0
  ]
}