{
  "meta": {
    "T": 100
  },
  "by_t": {
    "0": {
      "count": 128,
      "l1": 0.02222037361934781,
      "l2": 0.039126066491007805,
      "cosine": 0.9965187907218933
    },
    "1": {
      "count": 128,
      "l1": 0.0222513135522604,
      "l2": 0.03917063865810633,
      "cosine": 0.9965098351240158
    },
    "2": {
      "count": 128,
      "l1": 0.022273956332355738,
      "l2": 0.039238542318344116,
      "cosine": 0.9964937120676041
    },
    "3": {
      "count": 128,
      "l1": 0.0223539718426764,
      "l2": 0.03934176545590162,
      "cosine": 0.996471717953682
    },
    "4": {
      "count": 128,
      "l1": 0.02234424790367484,
      "l2": 0.039396706968545914,
      "cosine": 0.9964562654495239
    },
    "5": {
      "count": 128,
      "l1": 0.022380000911653042,
      "l2": 0.03946037497371435,
      "cosine": 0.996439203619957
    },
    "6": {
      "count": 128,
      "l1": 0.02242182893678546,
      "l2": 0.03951978776603937,
      "cosine": 0.9964232295751572
    },
    "7": {
      "count": 128,
      "l1": 0.022451187949627638,
      "l2": 0.03955184668302536,
      "cosine": 0.9964120388031006
    },
    "8": {
      "count": 128,
      "l1": 0.022546526975929737,
      "l2": 0.03960340842604637,
      "cosine": 0.9963977932929993
    },
    "9": {
      "count": 128,
      "l1": 0.02255843672901392,
      "l2": 0.03959818836301565,
      "cosine": 0.9963929802179337
    },
    "10": {
      "count": 128,
      "l1": 0.022416514810174704,
      "l2": 0.03948934469372034,
      "cosine": 0.996403843164444
    },
    "11": {
      "count": 128,
      "l1": 0.02269550459459424,
      "l2": 0.03963412996381521,
      "cosine": 0.9963787198066711
    },
    "12": {
      "count": 128,
      "l1": 0.02231479762122035,
      "l2": 0.03937883209437132,
      "cosine": 0.9964097291231155
    },
    "13": {
      "count": 128,
      "l1": 0.022328180726617575,
      "l2": 0.03934900835156441,
      "cosine": 0.9964113235473633
    },
    "14": {
      "count": 128,
      "l1": 0.02220127871260047,
      "l2": 0.03921655472368002,
      "cosine": 0.9964264929294586
    },
    "15": {
      "count": 128,
      "l1": 0.022273871582001448,
      "l2": 0.0391648905351758,
      "cosine": 0.9964312613010406
    },
    "16": {
      "count": 128,
      "l1": 0.022396858781576157,
      "l2": 0.03918471094220877,
      "cosine": 0.9964266419410706
    },
    "17": {
      "count": 128,
      "l1": 0.022375411354005337,
      "l2": 0.039079765789210796,
      "cosine": 0.9964396953582764
    },
    "18": {
      "count": 128,
      "l1": 0.02228219760581851,
      "l2": 0.03895567264407873,
      "cosine": 0.9964542835950851
    },
    "19": {
      "count": 128,
      "l1": 0.022128727287054062,
      "l2": 0.03878477402031422,
      "cosine": 0.9964761584997177
    },
    "20": {
      "count": 128,
      "l1": 0.02220407174900174,
      "l2": 0.038704886101186275,
      "cosine": 0.9964884370565414
    },
    "21": {
      "count": 128,
      "l1": 0.022160794585943222,
      "l2": 0.03863621596246958,
      "cosine": 0.9964987635612488
    },
    "22": {
      "count": 128,
      "l1": 0.02231508819386363,
      "l2": 0.03865210618823767,
      "cosine": 0.9964977353811264
    },
    "23": {
      "count": 128,
      "l1": 0.0221861288882792,
      "l2": 0.03850509412586689,
      "cosine": 0.9965204149484634
    },
    "24": {
      "count": 128,
      "l1": 0.02220585197210312,
      "l2": 0.03843245469033718,
      "cosine": 0.9965315610170364
    },
    "25": {
      "count": 128,
      "l1": 0.022140065673738718,
      "l2": 0.03821650240570307,
      "cosine": 0.99656181037426
    },
    "26": {
      "count": 128,
      "l1": 0.022392011247575283,
      "l2": 0.038227335549890995,
      "cosine": 0.9965658783912659
    },
    "27": {
      "count": 128,
      "l1": 0.022130601108074188,
      "l2": 0.0380733348429203,
      "cosine": 0.9965857267379761
    },
    "28": {
      "count": 128,
      "l1": 0.021852183621376753,
      "l2": 0.037729013711214066,
      "cosine": 0.9966390430927277
    },
    "29": {
      "count": 128,
      "l1": 0.02215797919780016,
      "l2": 0.03782929852604866,
      "cosine": 0.9966285973787308
    },
    "30": {
      "count": 128,
      "l1": 0.021846138406544924,
      "l2": 0.037578074261546135,
      "cosine": 0.9966741800308228
    },
    "31": {
      "count": 128,
      "l1": 0.021848227363079786,
      "l2": 0.03740217816084623,
      "cosine": 0.9966928958892822
    },
    "32": {
      "count": 128,
      "l1": 0.02194909332320094,
      "l2": 0.037315680645406246,
      "cosine": 0.9967138022184372
    },
    "33": {
      "count": 128,
      "l1": 0.021976567339152098,
      "l2": 0.03724099788814783,
      "cosine": 0.996722549200058
    },
    "34": {
      "count": 128,
      "l1": 0.022227071225643158,
      "l2": 0.0372217008844018,
      "cosine": 0.9967356622219086
    },
    "35": {
      "count": 128,
      "l1": 0.021937404293566942,
      "l2": 0.036913877353072166,
      "cosine": 0.9967832714319229
    },
    "36": {
      "count": 128,
      "l1": 0.021932216826826334,
      "l2": 0.036862095817923546,
      "cosine": 0.9968026876449585
    },
    "37": {
      "count": 128,
      "l1": 0.022223026026040316,
      "l2": 0.0368263553828001,
      "cosine": 0.9968075603246689
    },
    "38": {
      "count": 128,
      "l1": 0.022320928052067757,
      "l2": 0.03675486892461777,
      "cosine": 0.9968213737010956
    },
    "39": {
      "count": 128,
      "l1": 0.022504339925944805,
      "l2": 0.03679932374507189,
      "cosine": 0.9968281239271164
    },
    "40": {
      "count": 128,
      "l1": 0.022079916670918465,
      "l2": 0.03632722422480583,
      "cosine": 0.9968979805707932
    },
    "41": {
      "count": 128,
      "l1": 0.022529668174684048,
      "l2": 0.03644309379160404,
      "cosine": 0.9969003796577454
    },
    "42": {
      "count": 128,
      "l1": 0.022807908710092306,
      "l2": 0.036823820322752,
      "cosine": 0.9968359470367432
    },
    "43": {
      "count": 128,
      "l1": 0.02243464905768633,
      "l2": 0.036359106190502644,
      "cosine": 0.9969025105237961
    },
    "44": {
      "count": 128,
      "l1": 0.02331510605290532,
      "l2": 0.03683868981897831,
      "cosine": 0.9968538731336594
    },
    "45": {
      "count": 128,
      "l1": 0.022938322275877,
      "l2": 0.036428745836019516,
      "cosine": 0.9969345331192017
    },
    "46": {
      "count": 128,
      "l1": 0.02297844085842371,
      "l2": 0.036307443864643574,
      "cosine": 0.9969427287578583
    },
    "47": {
      "count": 128,
      "l1": 0.02347544627264142,
      "l2": 0.03657472413033247,
      "cosine": 0.9969065934419632
    },
    "48": {
      "count": 128,
      "l1": 0.023555729538202286,
      "l2": 0.036443245597183704,
      "cosine": 0.9969276636838913
    },
    "49": {
      "count": 128,
      "l1": 0.02397724287584424,
      "l2": 0.036750284023582935,
      "cosine": 0.9968949407339096
    },
    "50": {
      "count": 128,
      "l1": 0.025187292601913214,
      "l2": 0.037624149583280087,
      "cosine": 0.9967702180147171
    },
    "51": {
      "count": 128,
      "l1": 0.024595162365585566,
      "l2": 0.03694480378180742,
      "cosine": 0.9968713968992233
    },
    "52": {
      "count": 128,
      "l1": 0.026243765838444233,
      "l2": 0.03838932979851961,
      "cosine": 0.9966498911380768
    },
    "53": {
      "count": 128,
      "l1": 0.02605066355317831,
      "l2": 0.038148450665175915,
      "cosine": 0.9966843873262405
    },
    "54": {
      "count": 128,
      "l1": 0.025924876797944307,
      "l2": 0.03778881952166557,
      "cosine": 0.9967459887266159
    },
    "55": {
      "count": 128,
      "l1": 0.027978026773780584,
      "l2": 0.03984844125807285,
      "cosine": 0.9964036047458649
    },
    "56": {
      "count": 128,
      "l1": 0.02501188311725855,