{
  "meta": {
    "mode": "BASELINE",
    "T": 100,
    "seed": 0,
    "num_images": 128,
    "hist_bins": 4096,
    "hist_min": -1.0,
    "hist_max": 1.0
  },
  "by_t": {
    "0": {
      "l1": 0.002253554994240403,
      "l2": 0.002941036829724908,
      "cosine": 0.9999822378158569,
      "count": 128
    },
    "1": {
      "l1": 0.0025000767782330513,
      "l2": 0.003405542578548193,
      "cosine": 0.999975860118866,
      "count": 128
    },
    "2": {
      "l1": 0.002286110073328018,
      "l2": 0.003172763856127858,
      "cosine": 0.9999790191650391,
      "count": 128
    },
    "3": {
      "l1": 0.0021130312234163284,
      "l2": 0.0029655294492840767,
      "cosine": 0.9999816417694092,
      "count": 128
    },
    "4": {
      "l1": 0.001995721133425832,
      "l2": 0.002825783099979162,
      "cosine": 0.9999833106994629,
      "count": 128
    },
    "5": {
      "l1": 0.0018980966415256262,
      "l2": 0.0027031663339585066,
      "cosine": 0.999984622001648,
      "count": 128
    },
    "6": {
      "l1": 0.0018002520082518458,
      "l2": 0.0025814527180045843,
      "cosine": 0.9999859929084778,
      "count": 128
    },
    "7": {
      "l1": 0.001726111862808466,
      "l2": 0.0024870370980352163,
      "cosine": 0.9999869465827942,
      "count": 128
    },
    "8": {
      "l1": 0.0016685482114553452,
      "l2": 0.002413250505924225,
      "cosine": 0.9999877214431763,
      "count": 128
    },
    "9": {
      "l1": 0.0015964896883815527,
      "l2": 0.0023223154712468386,
      "cosine": 0.9999885559082031,
      "count": 128
    },
    "10": {
      "l1": 0.0015668300911784172,
      "l2": 0.0022901277989149094,
      "cosine": 0.999988853931427,
      "count": 128
    },
    "11": {
      "l1": 0.001503665465861559,
      "l2": 0.0022036556620150805,
      "cosine": 0.9999896287918091,
      "count": 128
    },
    "12": {
      "l1": 0.0014844512334093451,
      "l2": 0.0021856864914298058,
      "cosine": 0.9999897480010986,
      "count": 128
    },
    "13": {
      "l1": 0.0014295729342848063,
      "l2": 0.0021155383437871933,
      "cosine": 0.9999903440475464,
      "count": 128
    },
    "14": {
      "l1": 0.0013951696455478668,
      "l2": 0.0020749694667756557,
      "cosine": 0.9999908208847046,
      "count": 128
    },
    "15": {
      "l1": 0.0013853691052645445,
      "l2": 0.002064608735963702,
      "cosine": 0.9999908208847046,
      "count": 128
    },
    "16": {
      "l1": 0.0013829952804371715,
      "l2": 0.002070971066132188,
      "cosine": 0.9999907612800598,
      "count": 128
    },
    "17": {
      "l1": 0.001328019890934229,
      "l2": 0.0019930002745240927,
      "cosine": 0.9999914169311523,
      "count": 128
    },
    "18": {
      "l1": 0.0013215596554800868,
      "l2": 0.0019901490304619074,
      "cosine": 0.9999914169311523,
      "count": 128
    },
    "19": {
      "l1": 0.0013467894168570638,
      "l2": 0.002035031793639064,
      "cosine": 0.9999910593032837,
      "count": 128
    },
    "20": {
      "l1": 0.0012938828440383077,
      "l2": 0.001960416091606021,
      "cosine": 0.9999916553497314,
      "count": 128
    },
    "21": {
      "l1": 0.0013124747201800346,
      "l2": 0.0019864714704453945,
      "cosine": 0.9999914169311523,
      "count": 128
    },
    "22": {
      "l1": 0.0012942361645400524,
      "l2": 0.00197193818166852,
      "cosine": 0.9999915361404419,
      "count": 128
    },
    "23": {
      "l1": 0.0012891998048871756,
      "l2": 0.0019665518775582314,
      "cosine": 0.9999915361404419,
      "count": 128
    },
    "24": {
      "l1": 0.0013144343392923474,
      "l2": 0.00200953078456223,
      "cosine": 0.9999911189079285,
      "count": 128
    },
    "25": {
      "l1": 0.0012912387028336525,
      "l2": 0.001983635127544403,
      "cosine": 0.9999912977218628,
      "count": 128
    },
    "26": {
      "l1": 0.0013000927865505219,
      "l2": 0.001996165607124567,
      "cosine": 0.999991238117218,
      "count": 128
    },
    "27": {
      "l1": 0.001294806832447648,
      "l2": 0.0019926284439861774,
      "cosine": 0.9999912977218628,
      "count": 128
    },
    "28": {
      "l1": 0.0013098753988742828,
      "l2": 0.0020249118097126484,
      "cosine": 0.9999909400939941,
      "count": 128
    },
    "29": {
      "l1": 0.0013416724978014827,
      "l2": 0.002083980944007635,
      "cosine": 0.9999903440475464,
      "count": 128
    },
    "30": {
      "l1": 0.0012894481187686324,
      "l2": 0.001999116037040949,
      "cosine": 0.9999910593032837,
      "count": 128
    },
    "31": {
      "l1": 0.0013586189597845078,
      "l2": 0.002117275260388851,
      "cosine": 0.9999899864196777,
      "count": 128
    },
    "32": {
      "l1": 0.0013901198981329799,
      "l2": 0.002160380594432354,
      "cosine": 0.9999896287918091,
      "count": 128
    },
    "33": {
      "l1": 0.0013480507768690586,
      "l2": 0.0021075215190649033,
      "cosine": 0.9999901056289673,
      "count": 128
    },
    "34": {
      "l1": 0.0014480981044471264,
      "l2": 0.002265902468934655,
      "cosine": 0.9999884963035583,
      "count": 128
    },
    "35": {
      "l1": 0.0013695652596652508,
      "l2": 0.002140996977686882,
      "cosine": 0.9999898076057434,
      "count": 128
    },
    "36": {
      "l1": 0.001456273952499032,
      "l2": 0.0022742319852113724,
      "cosine": 0.9999884366989136,
      "count": 128
    },
    "37": {
      "l1": 0.0014472390757873654,
      "l2": 0.0022639697417616844,
      "cosine": 0.9999885559082031,
      "count": 128
    },
    "38": {
      "l1": 0.0014800147619098425,
      "l2": 0.00233791908249259,
      "cosine": 0.9999876618385315,
      "count": 128
    },
    "39": {
      "l1": 0.0014998773112893105,
      "l2": 0.002364015905186534,
      "cosine": 0.9999873042106628,
      "count": 128
    },
    "40": {
      "l1": 0.001537771662697196,
      "l2": 0.002398034557700157,
      "cosine": 0.9999872446060181,
      "count": 128
    },
    "41": {
      "l1": 0.0015979927266016603,
      "l2": 0.0025138608179986477,
      "cosine": 0.9999858140945435,
      "count": 128
    },
    "42": {
      "l1": 0.0015914079267531633,
      "l2": 0.0025087660178542137,
      "cosine": 0.9999857544898987,
      "count": 128
    },
    "43": {
      "l1": 0.0016139792278409004,
      "l2": 0.002543988637626171,
      "cosine": 0.99998539686203,
      "count": 128
    },
    "44": {
      "l1": 0.0016509754350408912,
      "l2": 0.0026215706020593643,
      "cosine": 0.9999845027923584,
      "count": 128
    },
    "45": {
      "l1": 0.0017239667940884829,
      "l2": 0.0026775363367050886,
      "cosine": 0.9999843239784241,
      "count": 128
    },
    "46": {
      "l1": 0.00175274140201509,
      "l2": 0.0027703046798706055,
      "cosine": 0.9999825954437256,
      "count": 128
    },
    "47": {
      "l1": 0.001838603988289833,
      "l2": 0.0028473753482103348,
      "cosine": 0.9999821186065674,
      "count": 128
    },
    "48": {
      "l1": 0.0018564127385616302,
      "l2": 0.0029149805195629597,
      "cosine": 0.9999809265136719,
      "count": 128
    },
    "49": {
      "l1": 0.0018892706139013171,
      "l2": 0.002962153172120452,
      "cosine": 0.9999804496765137,
      "count": 128
    },
    "50": {
      "l1": 0.0019368414068594575,
      "l2": 0.003022924531251192,
      "cosine": 0.9999797344207764,
      "count": 128
    },
    "51": {
      "l1": 0.0020393836311995983,
      "l2": 0.003197843674570322,
      "cosine": 0.9999770522117615,
      "count": 128
    },
    "52": {
      "l1": 0.002082621678709984,
      "l2": 0.00322540570050478,
      "cosine": 0.9999772310256958,
      "count": 128
    },
    "53": {
      "l1": 0.00212401757016778,
      "l2": 0.003318261355161667,
      "cosine": 0.9999755620956421,
      "count": 128
    },
    "54": {
      "l1": 0.002228346886113286,
      "l2": 0.0034822439774870872,