{
  "meta": {
    "mode": "FF",
    "T": 100
  },
  "by_t": {
    "0": {
      "count": 128,
      "l1": 0.0,
      "l2": 9.999999974752427e-07,
      "cosine": 1.0
    },
    "1": {
      "count": 128,
      "l1": 0.0024651550920680165,
      "l2": 0.0031497215386480093,
      "cosine": 0.9999803602695465
    },
    "2": {
      "count": 128,
      "l1": 0.004724749946035445,
      "l2": 0.006211726577021182,
      "cosine": 0.999922975897789
    },
    "3": {
      "count": 128,
      "l1": 0.006765850353986025,
      "l2": 0.00907726539298892,
      "cosine": 0.999834731221199
    },
    "4": {
      "count": 128,
      "l1": 0.008581591304391623,
      "l2": 0.011665345868095756,
      "cosine": 0.9997262507677078
    },
    "5": {
      "count": 128,
      "l1": 0.010277315741404891,
      "l2": 0.014101112959906459,
      "cosine": 0.9995990842580795
    },
    "6": {
      "count": 128,
      "l1": 0.011848355643451214,
      "l2": 0.01636103494092822,
      "cosine": 0.999459519982338
    },
    "7": {
      "count": 128,
      "l1": 0.013287466252222657,
      "l2": 0.018437583465129137,
      "cosine": 0.9993125945329666
    },
    "8": {
      "count": 128,
      "l1": 0.014757932163774967,
      "l2": 0.020559346303343773,
      "cosine": 0.9991442561149597
    },
    "9": {
      "count": 128,
      "l1": 0.016103239730000496,
      "l2": 0.022516954690217972,
      "cosine": 0.99897201359272
    },
    "10": {
      "count": 128,
      "l1": 0.017381759360432625,
      "l2": 0.02439790964126587,
      "cosine": 0.9987913966178894
    },
    "11": {
      "count": 128,
      "l1": 0.01860437262803316,
      "l2": 0.026163142640143633,
      "cosine": 0.9986086338758469
    },
    "12": {
      "count": 128,
      "l1": 0.019784732721745968,
      "l2": 0.027891531120985746,
      "cosine": 0.9984168112277985
    },
    "13": {
      "count": 128,
      "l1": 0.02096138847991824,
      "l2": 0.029604201670736074,
      "cosine": 0.998214453458786
    },
    "14": {
      "count": 128,
      "l1": 0.022096469532698393,
      "l2": 0.03127142321318388,
      "cosine": 0.9980053901672363
    },
    "15": {
      "count": 128,
      "l1": 0.023198509588837624,
      "l2": 0.032867195550352335,
      "cosine": 0.9977952539920807
    },
    "16": {
      "count": 128,
      "l1": 0.024225992150604725,
      "l2": 0.03437553532421589,
      "cosine": 0.9975857436656952
    },
    "17": {
      "count": 128,
      "l1": 0.02531899232417345,
      "l2": 0.03598188795149326,
      "cosine": 0.9973523914813995
    },
    "18": {
      "count": 128,
      "l1": 0.026334842201322317,
      "l2": 0.03748208936303854,
      "cosine": 0.9971252679824829
    },
    "19": {
      "count": 128,
      "l1": 0.02730143489316106,
      "l2": 0.038917116820812225,
      "cosine": 0.9968987703323364
    },
    "20": {
      "count": 128,
      "l1": 0.028350515756756067,
      "l2": 0.0404707295820117,
      "cosine": 0.9966438859701157
    },
    "21": {
      "count": 128,
      "l1": 0.029329863842576742,
      "l2": 0.041948338970541954,
      "cosine": 0.9963911771774292
    },
    "22": {
      "count": 128,
      "l1": 0.030271807685494423,
      "l2": 0.04330550227314234,
      "cosine": 0.9961525797843933
    },
    "23": {
      "count": 128,
      "l1": 0.03134233318269253,
      "l2": 0.04496000520884991,
      "cosine": 0.9958471208810806
    },
    "24": {
      "count": 128,
      "l1": 0.03222292475402355,
      "l2": 0.046270277351140976,
      "cosine": 0.9956005066633224
    },
    "25": {
      "count": 128,
      "l1": 0.03320323396474123,
      "l2": 0.04769188165664673,
      "cosine": 0.9953298419713974
    },
    "26": {
      "count": 128,
      "l1": 0.03417349141091108,
      "l2": 0.0490235835313797,
      "cosine": 0.9950712025165558
    },
    "27": {
      "count": 128,
      "l1": 0.03505044523626566,
      "l2": 0.05047927517443895,
      "cosine": 0.9947589039802551
    },
    "28": {
      "count": 128,
      "l1": 0.036029293201863766,
      "l2": 0.05183708108961582,
      "cosine": 0.9944822937250137
    },
    "29": {
      "count": 128,
      "l1": 0.03704226762056351,
      "l2": 0.05321100540459156,
      "cosine": 0.9941930174827576
    },
    "30": {
      "count": 128,
      "l1": 0.03797463700175285,
      "l2": 0.05482454039156437,
      "cosine": 0.9938071519136429
    },
    "31": {
      "count": 128,
      "l1": 0.03889797907322645,
      "l2": 0.05600943323224783,
      "cosine": 0.99356409907341
    },
    "32": {
      "count": 128,
      "l1": 0.039934913627803326,
      "l2": 0.05749277863651514,
      "cosine": 0.9932294338941574
    },
    "33": {
      "count": 128,
      "l1": 0.04072724748402834,
      "l2": 0.05879627354443073,
      "cosine": 0.9928994476795197
    },
    "34": {
      "count": 128,
      "l1": 0.042056336998939514,
      "l2": 0.0604454567655921,
      "cosine": 0.9925291240215302
    },
    "35": {
      "count": 128,
      "l1": 0.04299831297248602,
      "l2": 0.06189629342406988,
      "cosine": 0.9921564161777496
    },
    "36": {
      "count": 128,
      "l1": 0.0436878427863121,
      "l2": 0.06320235040038824,
      "cosine": 0.9917818158864975
    },
    "37": {
      "count": 128,
      "l1": 0.04490445647388697,
      "l2": 0.06475096940994263,
      "cosine": 0.9914027750492096
    },
    "38": {
      "count": 128,
      "l1": 0.046107709407806396,
      "l2": 0.06623778492212296,
      "cosine": 0.9910445362329483
    },
    "39": {
      "count": 128,
      "l1": 0.04699728824198246,
      "l2": 0.06777462735772133,
      "cosine": 0.9905796200037003
    },
    "40": {
      "count": 128,
      "l1": 0.04838224779814482,
      "l2": 0.06931443884968758,
      "cosine": 0.9902248829603195
    },
    "41": {
      "count": 128,
      "l1": 0.04941460955888033,
      "l2": 0.0708110649138689,
      "cosine": 0.9897782355546951
    },
    "42": {
      "count": 128,
      "l1": 0.050014544278383255,
      "l2": 0.07215583510696888,
      "cosine": 0.9893357753753662
    },
    "43": {
      "count": 128,
      "l1": 0.0508623355999589,
      "l2": 0.0735430084168911,
      "cosine": 0.9888887852430344
    },
    "44": {
      "count": 128,
      "l1": 0.052046735771000385,
      "l2": 0.0751438494771719,
      "cosine": 0.9883953332901001
    },
    "45": {
      "count": 128,
      "l1": 0.053180042654275894,
      "l2": 0.07670233212411404,
      "cosine": 0.9879053086042404
    },
    "46": {
      "count": 128,
      "l1": 0.0540557075291872,
      "l2": 0.07806854695081711,
      "cosine": 0.9874252676963806
    },
    "47": {
      "count": 128,
      "l1": 0.055618638172745705,
      "l2": 0.07998351752758026,
      "cosine": 0.9868944883346558
    },
    "48": {
      "count": 128,
      "l1": 0.056872980669140816,
      "l2": 0.08164054714143276,
      "cosine": 0.9863480627536774
    },
    "49": {
      "count": 128,
      "l1": 0.05734176002442837,
      "l2": 0.08272628299891949,
      "cosine": 0.9858727157115936
    },
    "50": {
      "count": 128,
      "l1": 0.059221054427325726,
      "l2": 0.08474836498498917,
      "cosine": 0.9852738529443741
    },
    "51": {
      "count": 128,
      "l1": 0.05952791031450033,
      "l2": 0.08590607158839703,
      "cosine": 0.9847296923398972
    },
    "52": {
      "count": 128,
      "l1": 0.06113125290721655,
      "l2": 0.08778532594442368,
      "cosine": 0.9840993732213974
    },
    "53": {
      "count": 128,
      "l1": 0.0616976460441947,
      "l2": 0.0889830980449915,
      "cosine": 0.983550414443016
    },
    "54": {
      "count": 128,
      "l1": 0.06373777613043785,
      "l2": 0.09121188893914223,
      "cosine": 0.9827590435743332
    },
    "55": {
      "count": 128,
      "l1": 0.06382736843079329,
      "l2": 0.0921813752502203,
      "cosine": 0.9822463244199753
    },
    "56": {
      "count": 128,
      "l1": 0.06397860776633024,
      "l2": 0.09317101165652275,