{
  "meta": {
    "mode": "FF",
    "T": 100,
    "seed": 0,
    "num_images": 128,
    "hist_bins": 4096,
    "hist_min": -1.0,
    "hist_max": 1.0,
    "boundary_nan_policy": "first_step_or_last_step_has_no_adjacent_comparison",
    "nan_when_adjacent_count_zero": true,
    "note": "Adjacent delta compares pred_xstart at t with previous yielded timestep; the first yielded step per chunk has no neighbor.",
    "nan_explanation": "Timesteps with adjacent_count==0 have no valid adjacent comparison (boundary of the DDIM chain per chunk)."
  },
  "by_t": {
    "0": {
      "l1": 0.0024651550920680165,
      "l2": 0.0031497215386480093,
      "cosine": 0.9999803602695465,
      "adjacent_count": 128
    },
    "1": {
      "l1": 0.0026655298424884677,
      "l2": 0.0036362659302540123,
      "cosine": 0.9999734312295914,
      "adjacent_count": 128
    },
    "2": {
      "l1": 0.002421751501969993,
      "l2": 0.003402854665182531,
      "cosine": 0.9999766051769257,
      "adjacent_count": 128
    },
    "3": {
      "l1": 0.0021782523836009204,
      "l2": 0.003112047095783055,
      "cosine": 0.9999803602695465,
      "adjacent_count": 128
    },
    "4": {
      "l1": 0.0020762666827067733,
      "l2": 0.002989047614391893,
      "cosine": 0.9999818354845047,
      "adjacent_count": 128
    },
    "5": {
      "l1": 0.0019875818688888103,
      "l2": 0.0028595002368092537,
      "cosine": 0.99998340010643,
      "adjacent_count": 128
    },
    "6": {
      "l1": 0.0017570863419678062,
      "l2": 0.002564725000411272,
      "cosine": 0.9999865591526031,
      "adjacent_count": 128
    },
    "7": {
      "l1": 0.0020051781903021038,
      "l2": 0.0028514161822386086,
      "cosine": 0.9999834448099136,
      "adjacent_count": 128
    },
    "8": {
      "l1": 0.0016679094987921417,
      "l2": 0.002451551437843591,
      "cosine": 0.9999876022338867,
      "adjacent_count": 128
    },
    "9": {
      "l1": 0.0016521538200322539,
      "l2": 0.0023762218188494444,
      "cosine": 0.9999884068965912,
      "adjacent_count": 128
    },
    "10": {
      "l1": 0.0016122765373438597,
      "l2": 0.0023561945999972522,
      "cosine": 0.9999885261058807,
      "adjacent_count": 128
    },
    "11": {
      "l1": 0.0015391976048704237,
      "l2": 0.002210373117122799,
      "cosine": 0.999989926815033,
      "adjacent_count": 128
    },
    "12": {
      "l1": 0.0018741033563856035,
      "l2": 0.0026321334298700094,
      "cosine": 0.9999857544898987,
      "adjacent_count": 128
    },
    "13": {
      "l1": 0.0014652686950284988,
      "l2": 0.00215303705772385,
      "cosine": 0.9999903738498688,
      "adjacent_count": 128
    },
    "14": {
      "l1": 0.0019780646834988147,
      "l2": 0.002712306915782392,
      "cosine": 0.9999855905771255,
      "adjacent_count": 128
    },
    "15": {
      "l1": 0.0013601455430034548,
      "l2": 0.002013438381254673,
      "cosine": 0.9999915510416031,
      "adjacent_count": 128
    },
    "16": {
      "l1": 0.0014842309465166181,
      "l2": 0.0022184763220138848,
      "cosine": 0.9999896883964539,
      "adjacent_count": 128
    },
    "17": {
      "l1": 0.0013925570237915963,
      "l2": 0.0020764193614013493,
      "cosine": 0.999991238117218,
      "adjacent_count": 128
    },
    "18": {
      "l1": 0.0013021575869061053,
      "l2": 0.0019552140147425234,
      "cosine": 0.9999920427799225,
      "adjacent_count": 128
    },
    "19": {
      "l1": 0.0014713399577885866,
      "l2": 0.0021921475999988616,
      "cosine": 0.9999901056289673,
      "adjacent_count": 128
    },
    "20": {
      "l1": 0.001423879701178521,
      "l2": 0.002068770118057728,
      "cosine": 0.9999910742044449,
      "adjacent_count": 128
    },
    "21": {
      "l1": 0.0015329416492022574,
      "l2": 0.002206138160545379,
      "cosine": 0.9999900460243225,
      "adjacent_count": 128
    },
    "22": {
      "l1": 0.00204244174528867,
      "l2": 0.002716520451940596,
      "cosine": 0.9999850541353226,
      "adjacent_count": 128
    },
    "23": {
      "l1": 0.0013469888071995229,
      "l2": 0.002008930576266721,
      "cosine": 0.9999921023845673,
      "adjacent_count": 128
    },
    "24": {
      "l1": 0.0021146805956959724,
      "l2": 0.002829332370311022,
      "cosine": 0.9999862909317017,
      "adjacent_count": 128
    },
    "25": {
      "l1": 0.001973403093870729,
      "l2": 0.0026603490696288645,
      "cosine": 0.9999868124723434,
      "adjacent_count": 128
    },
    "26": {
      "l1": 0.002357922086957842,
      "l2": 0.003064793418161571,
      "cosine": 0.9999820590019226,
      "adjacent_count": 128
    },
    "27": {
      "l1": 0.002091537695378065,
      "l2": 0.00278581609018147,
      "cosine": 0.9999870210886002,
      "adjacent_count": 128
    },
    "28": {
      "l1": 0.002230029786005616,
      "l2": 0.00299499201355502,
      "cosine": 0.9999827295541763,
      "adjacent_count": 128
    },
    "29": {
      "l1": 0.003317138587590307,
      "l2": 0.004214839311316609,
      "cosine": 0.9999669939279556,
      "adjacent_count": 128
    },
    "30": {
      "l1": 0.0031305490410886705,
      "l2": 0.003969410667195916,
      "cosine": 0.999978095293045,
      "adjacent_count": 128
    },
    "31": {
      "l1": 0.001802744169253856,
      "l2": 0.00252087990520522,
      "cosine": 0.9999886751174927,
      "adjacent_count": 128
    },
    "32": {
      "l1": 0.0018152233678847551,
      "l2": 0.0025146276457235217,
      "cosine": 0.9999870955944061,
      "adjacent_count": 128
    },
    "33": {
      "l1": 0.003359627036843449,
      "l2": 0.004347764304839075,
      "cosine": 0.9999671876430511,
      "adjacent_count": 128
    },
    "34": {
      "l1": 0.0015847395407035947,
      "l2": 0.0023498550290241838,
      "cosine": 0.9999882280826569,
      "adjacent_count": 128
    },
    "35": {
      "l1": 0.002803877170663327,
      "l2": 0.003626107529271394,
      "cosine": 0.9999742805957794,
      "adjacent_count": 128
    },
    "36": {
      "l1": 0.003158836276270449,
      "l2": 0.004115161602385342,
      "cosine": 0.9999693632125854,
      "adjacent_count": 128
    },
    "37": {
      "l1": 0.0024450281052850187,
      "l2": 0.0032141837873496115,
      "cosine": 0.9999839216470718,
      "adjacent_count": 128
    },
    "38": {
      "l1": 0.0019575127807911485,
      "l2": 0.002799199428409338,
      "cosine": 0.9999838471412659,
      "adjacent_count": 128
    },
    "39": {
      "l1": 0.0033442708081565797,
      "l2": 0.004257389344274998,
      "cosine": 0.9999744296073914,
      "adjacent_count": 128
    },
    "40": {
      "l1": 0.001688343530986458,
      "l2": 0.002509035461116582,
      "cosine": 0.9999862611293793,
      "adjacent_count": 128
    },
    "41": {
      "l1": 0.003248079912737012,
      "l2": 0.004296132130548358,
      "cosine": 0.9999613761901855,
      "adjacent_count": 128
    },
    "42": {
      "l1": 0.0018208088295068592,
      "l2": 0.002631742332596332,
      "cosine": 0.9999849498271942,
      "adjacent_count": 128
    },
    "43": {
      "l1": 0.0025438765878789127,
      "l2": 0.0035074270563200116,
      "cosine": 0.9999740123748779,
      "adjacent_count": 128
    },
    "44": {
      "l1": 0.002206084842327982,
      "l2": 0.003154063015244901,
      "cosine": 0.99997878074646,
      "adjacent_count": 128
    },
    "45": {
      "l1": 0.0019608992151916027,
      "l2": 0.0028232145123183727,
      "cosine": 0.9999839514493942,
      "adjacent_count": 128
    },
    "46": {
      "l1": 0.0034997775219380856,
      "l2": 0.004453945672139525,
      "cosine": 0.9999781250953674,
      "adjacent_count": 128
    },
    "47": {
      "l1": 0.002375812386162579,
      "l2": 0.0033705265377648175,
      "cosine": 0.999975860118866,
      "adjacent_count": 128
    },
    "48": {
      "l1": 0.0024888801854103804,
      "l2": 0.003303988021798432,
      "cosine": 0.9999841600656509,
      "adjacent_count": 128
    },