{
  "_note": "Normalized overall stats.  Per-channel absmax (_compute_a_w) applied before flatten, so values are scale-invariant across layers/channels.",
  "numel": 96092160,
  "w_lora_norm": {
    "mean": -0.00471348175778985,
    "std": 0.23131488263607025,
    "abs_max": 1.0,
    "q001": -0.886385875761509,
    "q01": -0.6109429734945298,
    "q99": 0.5865237957239149,
    "q999": 0.8611376786828044
  },
  "residual_norm": {
    "mean": 8.313987365227149e-08,
    "std": 0.0022730568889528513,
    "abs_max": 0.003937065601348877,
    "q001": -0.003929169700480998,
    "q01": -0.0038584470748901367,
    "q99": 0.0038584917783737183,
    "q999": 0.0039291419088840485,
    "MAE": 0.001968099270015955,
    "RMSE": 0.0022730568889528513,
    "rel_L2": 0.009827644132247073
  }
}