{
  "config": {
    "eval_samples": 1000
  },
  "results": {
    "T20": {
      "baseline_fid": 2.3819894790649414,
      "k3": {
        "encoder_layer_0": {
          "fid": 64.16018676757812,
          "delta": 61.778197288513184
        },
        "encoder_layer_1": {
          "fid": 4.80020809173584,
          "delta": 2.4182186126708984
        },
        "encoder_layer_2": {
          "fid": 4.624630451202393,
          "delta": 2.242640972137451
        },
        "encoder_layer_3": {
          "fid": 1.9367879629135132,
          "delta": -0.4452015161514282
        },
        "encoder_layer_4": {
          "fid": 2.4822216033935547,
          "delta": 0.10023212432861328
        },
        "encoder_layer_5": {
          "fid": 2.663083076477051,
          "delta": 0.2810935974121094
        },
        "encoder_layer_6": {
          "fid": 2.375454902648926,
          "delta": -0.006534576416015625
        },
        "encoder_layer_7": {
          "fid": 2.2951574325561523,
          "delta": -0.08683204650878906
        },
        "encoder_layer_8": {
          "fid": 2.428875684738159,
          "delta": 0.04688620567321777
        },
        "encoder_layer_9": {
          "fid": 2.545498847961426,
          "delta": 0.16350936889648438
        },
        "encoder_layer_10": {
          "fid": 2.522392749786377,
          "delta": 0.14040327072143555
        },
        "encoder_layer_11": {
          "fid": 2.3665578365325928,
          "delta": -0.015431642532348633
        },
        "encoder_layer_12": {
          "fid": 2.3588879108428955,
          "delta": -0.0231015682220459
        },
        "encoder_layer_13": {
          "fid": 2.2349977493286133,
          "delta": -0.14699172973632812
        },
        "encoder_layer_14": {
          "fid": 2.2608113288879395,
          "delta": -0.12117815017700195
        },
        "middle_layer": {
          "fid": 2.318997621536255,
          "delta": -0.06299185752868652
        },
        "decoder_layer_0": {
          "fid": 2.4475202560424805,
          "delta": 0.06553077697753906
        },
        "decoder_layer_1": {
          "fid": 2.5064120292663574,
          "delta": 0.12442255020141602
        },
        "decoder_layer_2": {
          "fid": 2.4263274669647217,
          "delta": 0.04433798789978027
        },
        "decoder_layer_3": {
          "fid": 2.5815746784210205,
          "delta": 0.1995851993560791
        },
        "decoder_layer_4": {
          "fid": 2.442485809326172,
          "delta": 0.06049633026123047
        },
        "decoder_layer_5": {
          "fid": 2.501769542694092,
          "delta": 0.11978006362915039
        },
        "decoder_layer_6": {
          "fid": 2.720463752746582,
          "delta": 0.3384742736816406
        },
        "decoder_layer_7": {
          "fid": 2.577550172805786,
          "delta": 0.19556069374084473
        },
        "decoder_layer_8": {
          "fid": 2.5226340293884277,
          "delta": 0.14064455032348633
        },
        "decoder_layer_9": {
          "fid": 3.2117464542388916,
          "delta": 0.8297569751739502
        },
        "decoder_layer_10": {
          "fid": 2.817492961883545,
          "delta": 0.4355034828186035
        },
        "decoder_layer_11": {
          "fid": 2.7200636863708496,
          "delta": 0.3380742073059082
        }
      }
    },
    "T100": {
      "baseline_fid": 1
    }
  },
  "last_updated": "2026-03-28 20:18:36"
}