{
  "config": {
    "eval_samples": 1000
  },
  "results": {
    "T20": {
      "baseline_fid": 2.0888614654541016,
      "k3": {
        "encoder_layer_0": {
          "fid": 64.41251373291016,
          "delta": 62.323652267456055
        },
        "encoder_layer_1": {
          "fid": 4.58723783493042,
          "delta": 2.4983763694763184
        },
        "encoder_layer_2": {
          "fid": 4.301083087921143,
          "delta": 2.212221622467041
        },
        "encoder_layer_3": {
          "fid": 1.8546262979507446,
          "delta": -0.23423516750335693
        },
        "encoder_layer_4": {
          "fid": 2.215420961380005,
          "delta": 0.12655949592590332
        },
        "encoder_layer_5": {
          "fid": 2.0234553813934326,
          "delta": -0.06540608406066895
        },
        "encoder_layer_6": {
          "fid": 1.963789701461792,
          "delta": -0.12507176399230957
        },
        "encoder_layer_7": {
          "fid": 2.1030354499816895,
          "delta": 0.01417398452758789
        },
        "encoder_layer_8": {
          "fid": 2.2588272094726562,
          "delta": 0.1699657440185547
        },
        "encoder_layer_9": {
          "fid": 2.1533870697021484,
          "delta": 0.06452560424804688
        },
        "encoder_layer_10": {
          "fid": 2.1247458457946777,
          "delta": 0.03588438034057617
        },
        "encoder_layer_11": {
          "fid": 2.229402780532837,
          "delta": 0.14054131507873535
        },
        "encoder_layer_12": {
          "fid": 2.2733564376831055,
          "delta": 0.1844949722290039
        },
        "encoder_layer_13": {
          "fid": 2.12501859664917,
          "delta": 0.03615713119506836
        },
        "encoder_layer_14": {
          "fid": 2.0073447227478027,
          "delta": -0.08151674270629883
        },
        "middle_layer": {
          "fid": 2.0341832637786865,
          "delta": -0.05467820167541504
        },
        "decoder_layer_0": {
          "fid": 1.9381788969039917,
          "delta": -0.15068256855010986
        },
        "decoder_layer_1": {
          "fid": 1.993054986000061,
          "delta": -0.09580647945404053
        },
        "decoder_layer_2": {
          "fid": 2.040938138961792,
          "delta": -0.04792332649230957
        },
        "decoder_layer_3": {
          "fid": 2.1764602661132812,
          "delta": 0.08759880065917969
        },
        "decoder_layer_4": {
          "fid": 2.2774150371551514,
          "delta": 0.1885535717010498
        },
        "decoder_layer_5": {
          "fid": 2.2806787490844727,
          "delta": 0.1918172836303711
        },
        "decoder_layer_6": {
          "fid": 2.4217753410339355,
          "delta": 0.332913875579834
        },
        "decoder_layer_7": {
          "fid": 2.4639008045196533,
          "delta": 0.37503933906555176
        },
        "decoder_layer_8": {
          "fid": 2.644643545150757,
          "delta": 0.5557820796966553
        },
        "decoder_layer_9": {
          "fid": 3.026211738586426,
          "delta": 0.9373502731323242
        },
        "decoder_layer_10": {
          "fid": 2.7897801399230957,
          "delta": 0.7009186744689941
        },
        "decoder_layer_11": {
          "fid": 2.252094268798828,
          "delta": 0.16323280334472656
        },
        "decoder_layer_12": {
          "fid": 6.482671737670898,
          "delta": 4.393810272216797
        },
        "decoder_layer_13": {
          "fid": 3.469313859939575,
          "delta": 1.3804523944854736
        },
        "decoder_layer_14": {
          "fid": 6.845928192138672,
          "delta": 4.75706672668457
        }
      },
      "k4": {
        "encoder_layer_0": {
          "fid": 108.47685241699219,
          "delta": 106.38799095153809
        },
        "encoder_layer_1": {
          "fid": 15.47749137878418,
          "delta": 13.388629913330078
        },
        "encoder_layer_2": {
          "fid": 5.410867214202881,
          "delta": 3.3220057487487793
        },
        "encoder_layer_3": {
          "fid": 1.701597809791565,
          "delta": -0.3872636556625366
        },
        "encoder_layer_4": {
          "fid": 2.250243902206421,
          "delta": 0.16138243675231934
        },
        "encoder_layer_5": {
          "fid": 2.407630205154419,
          "delta": 0.3187687397003174
        },
        "encoder_layer_6": {
          "fid": 2.1552019119262695,
          "delta": 0.06634044647216797
        },
        "encoder_layer_7": {
          "fid": 2.038341522216797,
          "delta": -0.05051994323730469
        },
        "encoder_layer_8": {
          "fid": 2.186551809310913,
          "delta": 0.09769034385681152
        },
        "encoder_layer_9": {
          "fid": 2.362090587615967,
          "delta": 0.27322912216186523
        },
        "encoder_layer_10": {
          "fid": 2.266784906387329,
          "delta": 0.17792344093322754
        },
        "encoder_layer_11": {
          "fid": 2.0890953540802,
          "delta": 0.0002338886260986328
        },
        "encoder_layer_12": {
          "fid": 2.0613088607788086,
          "delta": -0.02755260467529297
        },
        "encoder_layer_13": {
          "fid": 1.9291163682937622,
          "delta": -0.15974509716033936
        },
        "encoder_layer_14": {
          "fid": 1.9738487005233765,
          "delta": -0.1150127649307251
        },
        "middle_layer": {
          "fid": 1.9954816102981567,
          "delta": -0.09337985515594482
        },
        "decoder_layer_0": {
          "fid": 2.0959291458129883,
          "delta": 0.007067680358886719
        },
        "decoder_layer_1": {
          "fid": 2.1879239082336426,
          "delta": 0.09906244277954102
        },
        "decoder_layer_2": {
          "fid": 2.1394059658050537,
          "delta": 0.05054450035095215
        },
        "decoder_layer_3": {
          "fid": 2.269404172897339,
          "delta": 0.1805427074432373
        },
        "decoder_layer_4": {
          "fid": 2.1977221965789795,
          "delta": 0.10886073112487793
        },
        "decoder_layer_5": {
          "fid": 2.3286380767822266,
          "delta": 0.239776611328125
        },
        "decoder_layer_6": {
          "fid": 2.524195671081543,
          "delta": 0.4353342056274414
        },
        "decoder_layer_7": {
          "fid": 2.424710750579834,
          "delta": 0.3358492851257324
        },
        "decoder_layer_8": {
          "fid": 2.4732306003570557,
          "delta": 0.3843691349029541
        },
        "decoder_layer_9": {
          "fid": 3.298266887664795,
          "delta": 1.2094054222106934
        },
        "decoder_layer_10": {
          "fid": 2.872314691543579,
          "delta": 0.7834532260894775
        },
        "decoder_layer_11": {
          "fid": 2.841522455215454,
          "delta": 0.7526609897613525
        },
        "decoder_layer_12": {
          "fid": 7.8702497482299805,
          "delta": 5.781388282775879
        },
        "decoder_layer_13": {
          "fid": 11.46205997467041,
          "delta": 9.373198509216309
        },
        "decoder_layer_14": {
          "fid": 7.1873650550842285,
          "delta": 5.098503589630127
        }
      },
      "k5": {
        "encoder_layer_0": {
          "fid": 148.77978515625,
          "delta": 146.6909236907959
        },
        "encoder_layer_1": {
          "fid": 26.98649787902832,
          "delta": 24.89763641357422
        },
        "encoder_layer_2": {
          "fid": 6.405458450317383,
          "delta": 4.316596984863281
        },
        "encoder_layer_3": {
          "fid": 1.8169153928756714,
          "delta": -0.2719460725784302
        },
        "encoder_layer_4": {
          "fid": 2.4179906845092773,
          "delta": 0.3291292190551758
        },
        "encoder_layer_5": {
          "fid": 2.550053834915161,