{
  "_note": "Raw overall stats \u2014 exploratory only.  Values are dominated by large-scale layers; use overall_normalized/ for cross-layer comparisons.",
  "numel": 96092160,
  "w_lora": {
    "mean": -0.0017993986839428544,
    "std": 0.08185308426618576,
    "min": -3.5195372104644775,
    "max": 2.6332597732543945,
    "abs_max": 3.5195372104644775,
    "q001": -0.3297828261256218,
    "q01": -0.209697193056345,
    "q99": 0.19790444388985629,
    "q999": 0.3043201518356802
  },
  "residual": {
    "mean": 7.523757261651554e-08,
    "std": 0.0009706552373245358,
    "abs_max": 0.013853704556822777,
    "q001": -0.003476664423942566,
    "q01": -0.002211257815361023,
    "q99": 0.002211898015812036,
    "q999": 0.003474708054214737,
    "MAE": 0.0007789154769852757,
    "RMSE": 0.0009706552955321968,
    "rel_L2": 0.011857382118380872
  }
}