{
  "block": "model_input_blocks_6",
  "T": 99,
  "rank_r": 89,
  "correlation": {
    "L1_vs_SVD": {
      "pearson": 0.5389614801654339,
      "spearman": 0.7561867419335584,
      "pearson_pvalue": 1.0332396209415502e-08,
      "spearman_pvalue": 2.217840774227478e-19
    },
    "L2_vs_SVD": {
      "pearson": 0.5056018810328146,
      "spearman": 0.7286376895087662,
      "pearson_pvalue": 1.0953681427183648e-07,
      "spearman_pvalue": 1.834413822133525e-17
    },
    "CosDist_vs_SVD": {
      "pearson": 0.2916068294738804,
      "spearman": 0.7099840284969796,
      "pearson_pvalue": 0.0035760829177311246,
      "spearman_pvalue": 2.7166745917532644e-16
    }
  }
}