{
  "block": "model_output_blocks_6",
  "T": 99,
  "rank_r": 186,
  "correlation": {
    "L1_vs_SVD": {
      "pearson": 0.48081962227258535,
      "spearman": 0.6653468884337739,
      "pearson_pvalue": 5.412457103796777e-07,
      "spearman_pvalue": 7.834135935653365e-14
    },
    "L2_vs_SVD": {
      "pearson": 0.47249655705559557,
      "spearman": 0.6591071386379389,
      "pearson_pvalue": 9.003881644477675e-07,
      "spearman_pvalue": 1.6023465958005572e-13
    },
    "CosDist_vs_SVD": {
      "pearson": 0.3002074948539567,
      "spearman": 0.6346056063846223,
      "pearson_pvalue": 0.002670069362482021,
      "spearman_pvalue": 2.2762373412491078e-12
    }
  }
}