{
  "block": "model_input_blocks_4",
  "T": 99,
  "rank_r": 80,
  "correlation": {
    "L1_vs_SVD": {
      "pearson": 0.4205658940318021,
      "spearman": 0.46637466058031796,
      "pearson_pvalue": 1.6200738445454616e-05,
      "spearman_pvalue": 1.2981651317237282e-06
    },
    "L2_vs_SVD": {
      "pearson": 0.3940015226682086,
      "spearman": 0.381440275555202,
      "pearson_pvalue": 5.9698253563356655e-05,
      "spearman_pvalue": 0.00010653755382060511
    },
    "CosDist_vs_SVD": {
      "pearson": 0.2378362471979774,
      "spearman": 0.43566943447851647,
      "pearson_pvalue": 0.018364054649985258,
      "spearman_pvalue": 7.336891165993159e-06
    }
  }
}