{
  "block": "model_output_blocks_11",
  "T": 99,
  "rank_r": 69,
  "correlation": {
    "L1_vs_SVD": {
      "pearson": 0.7665615885818998,
      "spearman": 0.2801463886316306,
      "pearson_pvalue": 3.601819095116921e-20,
      "spearman_pvalue": 0.0052076393021759804
    },
    "L2_vs_SVD": {
      "pearson": 0.7622795297407279,
      "spearman": 0.21186492040511692,
      "pearson_pvalue": 7.712688548925897e-20,
      "spearman_pvalue": 0.03623482148544153
    },
    "CosDist_vs_SVD": {
      "pearson": 0.7180797637320888,
      "spearman": 0.20727575606497375,
      "pearson_pvalue": 8.661054354510802e-17,
      "spearman_pvalue": 0.04057026967670446
    }
  }
}