{
  "block": "model_input_blocks_2",
  "T": 99,
  "rank_r": 53,
  "correlation": {
    "L1_vs_SVD": {
      "pearson": 0.4902402598065384,
      "spearman": 0.32756658539249583,
      "pearson_pvalue": 2.992732425130794e-07,
      "spearman_pvalue": 0.000993108848216411
    },
    "L2_vs_SVD": {
      "pearson": 0.4854472134598912,
      "spearman": 0.3067364582333075,
      "pearson_pvalue": 4.054644044069283e-07,
      "spearman_pvalue": 0.0021263838304568846
    },
    "CosDist_vs_SVD": {
      "pearson": 0.4037815928916052,
      "spearman": 0.3793190834179974,
      "pearson_pvalue": 3.7409397243337265e-05,
      "spearman_pvalue": 0.00011721562669118066
    }
  }
}