{
  "block": "model_input_blocks_14",
  "T": 99,
  "rank_r": 408,
  "correlation": {
    "L1_vs_SVD": {
      "pearson": 0.5322617180188447,
      "spearman": 0.7375897378394213,
      "pearson_pvalue": 1.6946941405042533e-08,
      "spearman_pvalue": 4.6426487852956036e-18
    },
    "L2_vs_SVD": {
      "pearson": 0.53389645642255,
      "spearman": 0.7380940998737424,
      "pearson_pvalue": 1.5034495563211404e-08,
      "spearman_pvalue": 4.289672174742484e-18
    },
    "CosDist_vs_SVD": {
      "pearson": 0.39013970764308353,
      "spearman": 0.7944653770623756,
      "pearson_pvalue": 7.15118976596253e-05,
      "spearman_pvalue": 1.638359284248626e-22
    }
  }
}