{
  "block": "model_output_blocks_13",
  "T": 99,
  "rank_r": 61,
  "correlation": {
    "L1_vs_SVD": {
      "pearson": 0.508178658554292,
      "spearman": -0.1363043720873948,
      "pearson_pvalue": 9.209168147161731e-08,
      "spearman_pvalue": 0.18080296449568656
    },
    "L2_vs_SVD": {
      "pearson": 0.5118719903615497,
      "spearman": -0.14997959808526792,
      "pearson_pvalue": 7.163830018615933e-08,
      "spearman_pvalue": 0.1404752268503617
    },
    "CosDist_vs_SVD": {
      "pearson": 0.5529876710300576,
      "spearman": -0.08279939798013941,
      "pearson_pvalue": 3.53844696542288e-09,
      "spearman_pvalue": 0.41762503019650987
    }
  }
}