{
  "block": "model_output_blocks_7",
  "T": 99,
  "rank_r": 173,
  "correlation": {
    "L1_vs_SVD": {
      "pearson": 0.5108620763447645,
      "spearman": 0.7006193995196548,
      "pearson_pvalue": 7.675371231409698e-08,
      "spearman_pvalue": 9.718195952216042e-16
    },
    "L2_vs_SVD": {
      "pearson": 0.5020542287847586,
      "spearman": 0.7002072111684441,
      "pearson_pvalue": 1.387637175632734e-07,
      "spearman_pvalue": 1.0267369843014411e-15
    },
    "CosDist_vs_SVD": {
      "pearson": 0.3111078022650423,
      "spearman": 0.7044870635456718,
      "pearson_pvalue": 0.0018204764954414308,
      "spearman_pvalue": 5.775388866720344e-16
    }
  }
}