{
  "block": "model_input_blocks_8",
  "T": 99,
  "rank_r": 192,
  "correlation": {
    "L1_vs_SVD": {
      "pearson": 0.47490209691619073,
      "spearman": 0.7777221679508008,
      "pearson_pvalue": 7.782941424370503e-07,
      "spearman_pvalue": 4.575952246808087e-21
    },
    "L2_vs_SVD": {
      "pearson": 0.39788155496476885,
      "spearman": 0.6965979802242974,
      "pearson_pvalue": 4.9681188681682746e-05,
      "spearman_pvalue": 1.6549479743901503e-15
    },
    "CosDist_vs_SVD": {
      "pearson": 0.1850129379299794,
      "spearman": 0.6686141454117991,
      "pearson_pvalue": 0.06818014042665976,
      "spearman_pvalue": 5.349221417725365e-14
    }
  }
}