{
  "block": "model_output_blocks_2",
  "T": 99,
  "rank_r": 396,
  "correlation": {
    "L1_vs_SVD": {
      "pearson": 0.48574959181414273,
      "spearman": 0.6682563724118588,
      "pearson_pvalue": 3.978247024892733e-07,
      "spearman_pvalue": 5.57874803088067e-14
    },
    "L2_vs_SVD": {
      "pearson": 0.4870004027982499,
      "spearman": 0.6739350123434705,
      "pearson_pvalue": 3.676504832999608e-07,
      "spearman_pvalue": 2.8440238806516456e-14
    },
    "CosDist_vs_SVD": {
      "pearson": 0.3972225571472751,
      "spearman": 0.664324528122256,
      "pearson_pvalue": 5.1263734944499194e-05,
      "spearman_pvalue": 8.81893261003672e-14
    }
  }
}