{
  "block": "model_output_blocks_12",
  "T": 99,
  "rank_r": 47,
  "correlation": {
    "L1_vs_SVD": {
      "pearson": 0.4993157215315591,
      "spearman": 0.0289582489923394,
      "pearson_pvalue": 1.6625413678216843e-07,
      "spearman_pvalue": 0.7771360312396636
    },
    "L2_vs_SVD": {
      "pearson": 0.49689805068948417,
      "spearman": -0.007720899985963718,
      "pearson_pvalue": 1.947623353936286e-07,
      "spearman_pvalue": 0.9398539383134717
    },
    "CosDist_vs_SVD": {
      "pearson": 0.45211717415217356,
      "spearman": 0.2567580443635547,
      "pearson_pvalue": 2.9626770793486214e-06,
      "spearman_pvalue": 0.010707588759031378
    }
  }
}