{
  "block": "model_output_blocks_14",
  "T": 99,
  "rank_r": 48,
  "correlation": {
    "L1_vs_SVD": {
      "pearson": 0.7758079740174387,
      "spearman": 0.33107106539280795,
      "pearson_pvalue": 6.5737103175986964e-21,
      "spearman_pvalue": 0.0008690479800813975
    },
    "L2_vs_SVD": {
      "pearson": 0.7692795851934946,
      "spearman": 0.3328392228271876,
      "pearson_pvalue": 2.2026363996420082e-20,
      "spearman_pvalue": 0.0008119785838028251
    },
    "CosDist_vs_SVD": {
      "pearson": 0.7868377948969963,
      "spearman": 0.5029281376685348,
      "pearson_pvalue": 7.749586605215979e-22,
      "spearman_pvalue": 1.309427461949821e-07
    }
  }
}