{
  "block": "model_output_blocks_3",
  "T": 99,
  "rank_r": 307,
  "correlation": {
    "L1_vs_SVD": {
      "pearson": 0.44075383235875054,
      "spearman": 0.45487873323973166,
      "pearson_pvalue": 5.571222063099423e-06,
      "spearman_pvalue": 2.53238451971963e-06
    },
    "L2_vs_SVD": {
      "pearson": 0.4360045382217572,
      "spearman": 0.45020610030337294,
      "pearson_pvalue": 7.205946758060495e-06,
      "spearman_pvalue": 3.2999096184689974e-06
    },
    "CosDist_vs_SVD": {
      "pearson": 0.3432729924843505,
      "spearman": 0.42492665975032295,
      "pearson_pvalue": 0.0005393676118913799,
      "spearman_pvalue": 1.2938741028671233e-05
    }
  }
}