{
  "block": "model_output_blocks_5",
  "T": 99,
  "rank_r": 292,
  "correlation": {
    "L1_vs_SVD": {
      "pearson": 0.4796391563813698,
      "spearman": 0.5820786565948063,
      "pearson_pvalue": 5.822373158615765e-07,
      "spearman_pvalue": 3.250236081828266e-10
    },
    "L2_vs_SVD": {
      "pearson": 0.4732178668740078,
      "spearman": 0.5771557909365186,
      "pearson_pvalue": 8.619931685584635e-07,
      "spearman_pvalue": 4.949394449016317e-10
    },
    "CosDist_vs_SVD": {
      "pearson": 0.33616030785605416,
      "spearman": 0.6006264625311677,
      "pearson_pvalue": 0.0007139429414515288,
      "spearman_pvalue": 6.246858570859757e-11
    }
  }
}