{
  "block": "model_output_blocks_8",
  "T": 99,
  "rank_r": 178,
  "correlation": {
    "L1_vs_SVD": {
      "pearson": 0.6360452637559062,
      "spearman": 0.8112366072917371,
      "pearson_pvalue": 1.9603587044087555e-12,
      "spearman_pvalue": 4.2180808634059746e-24
    },
    "L2_vs_SVD": {
      "pearson": 0.6364857254753183,
      "spearman": 0.809767761347001,
      "pearson_pvalue": 1.8724795396559766e-12,
      "spearman_pvalue": 5.895903148857743e-24
    },
    "CosDist_vs_SVD": {
      "pearson": 0.4851961864950469,
      "spearman": 0.8035086501329294,
      "pearson_pvalue": 4.119123144629353e-07,
      "spearman_pvalue": 2.3792652852471215e-23
    }
  }
}