{
  "block": "model_output_blocks_0",
  "T": 99,
  "rank_r": 415,
  "correlation": {
    "L1_vs_SVD": {
      "pearson": 0.3889498253793969,
      "spearman": 0.6323816331007203,
      "pearson_pvalue": 7.556914717456746e-05,
      "spearman_pvalue": 2.8627516434328215e-12
    },
    "L2_vs_SVD": {
      "pearson": 0.3908539225545322,
      "spearman": 0.6348647719305217,
      "pearson_pvalue": 6.917494176933683e-05,
      "spearman_pvalue": 2.2159633094680847e-12
    },
    "CosDist_vs_SVD": {
      "pearson": 0.287649755904369,
      "spearman": 0.635906049098609,
      "pearson_pvalue": 0.004078650469473147,
      "spearman_pvalue": 1.9889526783345656e-12
    }
  }
}