{
  "block": "model_input_blocks_7",
  "T": 99,
  "rank_r": 141,
  "correlation": {
    "L1_vs_SVD": {
      "pearson": 0.5170255189344906,
      "spearman": 0.8016908306428021,
      "pearson_pvalue": 5.020773387478385e-08,
      "spearman_pvalue": 3.534624372398904e-23
    },
    "L2_vs_SVD": {
      "pearson": 0.4680861345673883,
      "spearman": 0.7388568334195286,
      "pearson_pvalue": 1.1727797719458927e-06,
      "spearman_pvalue": 3.8048721330317384e-18
    },
    "CosDist_vs_SVD": {
      "pearson": 0.24677925595901484,
      "spearman": 0.6925996075884413,
      "pearson_pvalue": 0.014299167159358347,
      "spearman_pvalue": 2.7856294428052915e-15
    }
  }
}