{
  "block": "model_input_blocks_6",
  "target_block_name": "model.input_blocks.6",
  "T": 100,
  "C": 128,
  "N": 32,
  "H": 32,
  "W": 32,
  "rank_r": 89,
  "representative_t": 99,
  "energy_threshold": 0.98,
  "actual_energy_at_r": 0.9804261376243795,
  "timesteps": [
    0,
    1,
    2,
    3,
    4,
    5,
    6,
    7,
    8,
    9,
    10,
    11,
    12,
    13,
    14,
    15,
    16,
    17,
    18,
    19,
    20,
    21,
    22,
    23,
    24,
    25,
    26,
    27,
    28,
    29,
    30,
    31,
    32,
    33,
    34,
    35,
    36,
    37,
    38,
    39,
    40,
    41,
    42,
    43,
    44,
    45,
    46,
    47,
    48,
    49,
    50,
    51,
    52,
    53,
    54,
    55,
    56,
    57,
    58,
    59,
    60,
    61,
    62,
    63,
    64,
    65,
    66,
    67,
    68,
    69,
    70,
    71,
    72,
    73,
    74,
    75,
    76,
    77,
    78,
    79,
    80,
    81,
    82,
    83,
    84,
    85,
    86,
    87,
    88,
    89,
    90,
    91,
    92,
    93,
    94,
    95,
    96,
    97,
    98,
    99
  ],
  "subspace_dist": [
    0.0,
    0.007243806552247545,
    0.004069413609872563,
    0.020065566465190754,
    0.01039064782907173,
    0.03597037508681078,
    0.029551068391598267,
    0.007585420531582399,
    0.021286887545850175,
    0.005201968113226374,
    0.021174561038788897,
    0.014131581107599267,
    0.041427363369560766,
    0.03529730185955815,
    0.028337152489339323,
    0.016842651760756167,
    0.017561795330226615,
    0.032007306083226994,
    0.022422829959625634,
    0.04878987655061062,
    0.030716951744004906,
    0.005073370169903613,
    0.0063118999027871325,
    0.002869643344196815,
    0.021059702227541388,
    0.0025957681684896095,
    0.0019075596027970931,
    0.004381218138240883,
    0.002699482583813251,
    0.006068852992375362,
    0.008288380403440931,
    0.006191996456074822,
    0.006700829482942594,
    0.0055000259662252304,
    0.0045464121394713786,
    0.004429389519911675,
    0.0021265181767805563,
    0.0022147502483457204,
    0.004499996978742149,
    0.002151123676081945,
    0.0034214091384836554,
    0.0030539247647307644,
    0.004463391469474387,
    0.003449375386929132,
    0.0028216465772653576,
    0.001326048769976551,
    0.0013841725147046846,
    0.0036642808492939327,
    0.0010896116599051764,
    0.000836840165440278,
    0.0016504408770576795,
    0.0011863698084521035,
    0.0013076586732176931,
    0.0008332556404975211,
    0.0013916715833037774,
    0.0013244206280025317,
    0.0012633961403684113,
    0.0008980052057545596,
    0.0014876055033676838,
    0.0013148007332604017,
    0.0032735264752598026,
    0.0009916179755053989,
    0.006275543917352411,
    0.0012040198882521391,
    0.0008427937103575589,
    0.001267054556985947,
    0.001336940309905832,
    0.001305568710486149,
    0.0012799506619882717,
    0.0006492163889562086,
    0.0007100186297663846,
    0.0010851576724552059,
    0.0011772847748134918,
    0.0020644404648456627,
    0.0025541630826160233,
    0.0036378472756992686,
    0.001346752286965014,
    0.0007679072031465672,
    0.0019088979470014422,
    0.003019805763398331,
    0.003420859752676697,
    0.0009138168553124437,
    0.0005648959973512113,
    0.0009067863768738027,
    0.0014042994944877263,
    0.0014110305387720068,
    0.001107404287443603,
    0.0012404879866398932,
    0.0011803680053517063,
    0.001010311431065114,
    0.001790094225154748,
    0.002023846613892988,
    0.012172473544044493,
    0.0026988924339292897,
    0.0016592251999549834,
    0.0030261305045382603,
    0.008443463010372798,
    0.008377755517882557,
    0.01717333367480378,
    0.06241145495874423
  ],
  "energy_ratio": {
    "k4": [
      0.9022610183140211,
      0.9069817796102728,
      0.907009726325848,
      0.9159318983486983,
      0.9107467808645479,
      0.9221753912869536,
      0.9138686072865027,
      0.9139787408152544,
      0.9191640951474569,
      0.9223042628463869,
      0.9193503340142224,
      0.9233401922108437,
      0.9217530264917821,
      0.9123143849184902,
      0.9123682444162244,
      0.9154521305756658,
      0.9195887494115694,
      0.9034279506344453,
      0.9081331999729718,
      0.9193127985100229,
      0.9138524535335223,
      0.9132106433167295,
      0.9137101271710696,
      0.9123984070009791,
      0.9137326563943615,
      0.9118512908223599,
      0.9089118254140651,
      0.9072414206933661,
      0.9056492450060954,
      0.9039609963914882,
      0.9015276131488373,
      0.8982687029455204,
      0.8963724881080484,
      0.8937477498738942,
      0.8868111254783363,
      0.8872876110553606,
      0.8835548202666514,
      0.8796773103038664,
      0.8751967821918997,
      0.8727858711766291,
      0.8682671681873757,
      0.8639506598369117,
      0.8638801240096644,
      0.8592507372219157,
      0.8552015867373649,
      0.8511644136012055,
      0.8474985400671445,
      0.8413636945568486,
      0.8374991650440764,
      0.8335009563009356,
      0.8297059113295395,
      0.8241417394890737,
      0.819323650361904,
      0.8159763334828622,
      0.8119512416940436,
      0.8071942323721653,
      0.8010724871589536,
      0.7965120189578435,
      0.7921283532217799,
      0.7899909851470693,
      0.7830071548538567,
      0.778351960496434,
      0.7739423582622567,
      0.7679286584785505,
      0.7638639638583372,
      0.7599668430299064,
      0.7522047922051667,
      0.7481347078144067,
      0.7423109113841591,
      0.7373440659073834,
      0.7317545317174026,
      0.7256022693579722,
      0.7196110040380499,
      0.7140361628481837,
      0.7075549617950119,
      0.6988903754133483,
      0.692655923875543,
      0.6854303767023423,
      0.6799273393261013,
      0.6704603271188848,
      0.6596246711234354,
      0.6536175644051833,
      0.6455562977844487,
      0.6334931162555155,
      0.6218352220825852,
      0.6121866615636886,
      0.6014249358370911,
      0.5876380330376397,
      0.5731371083281328,
      0.5588736673370948,
      0.5439948233445608,
      0.5279803912113795,
      0.5082157027638948,
      0.4874725713210688,
      0.46575802468527944,
      0.439397023684413,
      0.41246093746360796,
      0.38472976446865104,
      0.35788098376773453,
      0.36134069644434835
    ],