{
  "block": "model_output_blocks_10",
  "target_block_name": "model.output_blocks.10",
  "T": 100,
  "C": 128,
  "N": 32,
  "H": 64,
  "W": 64,
  "rank_r": 68,
  "representative_t": 99,
  "energy_threshold": 0.98,
  "actual_energy_at_r": 0.9800978727759495,
  "timesteps": [
    0,
    1,
    2,
    3,
    4,
    5,
    6,
    7,
    8,
    9,
    10,
    11,
    12,
    13,
    14,
    15,
    16,
    17,
    18,
    19,
    20,
    21,
    22,
    23,
    24,
    25,
    26,
    27,
    28,
    29,
    30,
    31,
    32,
    33,
    34,
    35,
    36,
    37,
    38,
    39,
    40,
    41,
    42,
    43,
    44,
    45,
    46,
    47,
    48,
    49,
    50,
    51,
    52,
    53,
    54,
    55,
    56,
    57,
    58,
    59,
    60,
    61,
    62,
    63,
    64,
    65,
    66,
    67,
    68,
    69,
    70,
    71,
    72,
    73,
    74,
    75,
    76,
    77,
    78,
    79,
    80,
    81,
    82,
    83,
    84,
    85,
    86,
    87,
    88,
    89,
    90,
    91,
    92,
    93,
    94,
    95,
    96,
    97,
    98,
    99
  ],
  "subspace_dist": [
    0.0,
    0.022215598096640865,
    0.005385061485305931,
    0.020782196258392394,
    0.007034545728184627,
    0.011630354163955525,
    0.00916778246417993,
    0.001586689026030319,
    0.0039452905421387685,
    0.0029912730044017177,
    0.005362706843848208,
    0.0036484240274344826,
    0.01570652504717507,
    0.00975490518313904,
    0.004486523563475009,
    0.0024087190148056603,
    0.00306520708932867,
    0.0036361224575349738,
    0.002868910626135146,
    0.008672746304191792,
    0.0046062725944295835,
    0.0014327959443082294,
    0.003316860275026756,
    0.0008468896445267271,
    0.0017995548380004278,
    0.00033714280270802366,
    0.0004892190767273874,
    0.0004191469752165,
    0.0004938002970374944,
    0.00044895013261248007,
    0.0008239636242495241,
    0.0006789562848678043,
    0.0008453091442300886,
    0.0003295968140487604,
    0.001022530440804803,
    0.0005709231533326253,
    0.0007456108560423003,
    0.0003464986690531191,
    0.00047802945344321834,
    0.00044360668410547976,
    0.00024518377706517214,
    0.0003474346408340878,
    0.0003537691497685902,
    0.0008059293072025797,
    0.0006011542293431482,
    0.00021986209032998083,
    0.0003100584887780755,
    0.00020970338484571638,
    0.0002852094576377695,
    0.00019220623230042921,
    0.0011593819441541031,
    0.0005147783817399665,
    0.0003161372988782496,
    0.0004886175245630842,
    0.0002329907776532636,
    0.000674360348935199,
    0.00030211953903813704,
    0.00017864212369855803,
    0.00035451004750863824,
    0.00028099858084917884,
    0.00015182880855368897,
    0.00037121065559164723,
    0.00014294607189124786,
    0.00011825257282627177,
    0.0001960464812237328,
    0.00011810498369824174,
    0.00013543554839401395,
    0.00013143203376508872,
    0.0001438069403074671,
    0.00012693524058793315,
    0.00013686900664233725,
    0.0001510840752855236,
    0.0002098245515536057,
    0.00023762614551869898,
    0.00015641230372032133,
    0.0002507070881007101,
    0.0001529316984348883,
    0.00042383464689310646,
    0.00023344211922282643,
    0.00035886277080265927,
    0.0001838737902960519,
    0.0002363959826148232,
    0.00013473989764423155,
    0.0001740617771398556,
    0.00026909463555480073,
    0.0001742071902119946,
    0.00021449106584892075,
    0.00036504871385079074,
    0.0003010100557875317,
    0.0031838194053593893,
    0.003885966522680695,
    0.0009027316273808594,
    0.0005039341161676703,
    0.0008049075406458828,
    0.0009561036479293072,
    0.0016125777314721645,
    0.0032767127090842507,
    0.02040703322059567,
    0.026283778762888677,
    0.07190384919396398
  ],
  "energy_ratio": {
    "k4": [
      0.9067591811690194,
      0.9026311616766927,
      0.8941019125727554,
      0.8902811000440167,
      0.8857723777536172,
      0.8784092967289634,
      0.8713099697822744,
      0.868060132123939,
      0.8594751957108144,
      0.8588079098303424,
      0.8497876722904657,
      0.8454136996395614,
      0.8412686669023389,
      0.8360892163375284,
      0.8261109703221164,
      0.8204796299456565,
      0.8214153300366295,
      0.8103582290947765,
      0.8068818009270058,
      0.8029244783618228,
      0.7950278497564388,
      0.7899068688119164,
      0.7838878976539497,
      0.7819835835594328,
      0.7771649730463357,
      0.7746881673523426,
      0.7722883511630403,
      0.7702322369410315,
      0.7655683165768522,
      0.7640565631565133,
      0.7589040915609687,
      0.7575884770941904,
      0.7543379947367755,
      0.7527297693687579,
      0.7489904789552616,
      0.7458150382469756,
      0.7421770573044467,
      0.7401766449767907,
      0.7372389324347671,
      0.7347131849050375,
      0.7317210434716942,
      0.7279158896071175,
      0.725391707499629,
      0.7218194790187282,
      0.7178490892430001,
      0.7146408256356074,
      0.7114540531189449,
      0.707740423715069,
      0.7034903071626627,
      0.7004821410582892,
      0.6963508927927348,
      0.6919213054337637,
      0.6872103094234557,
      0.6831534342642988,
      0.6787282934612368,
      0.6744067912111472,
      0.6685556296772124,
      0.6641964370733929,
      0.65889426259559,
      0.6546590009135553,
      0.6494451342080383,
      0.6442636989063539,
      0.6399244136113895,
      0.6341516131281307,
      0.6300287165157176,
      0.6246899141523219,
      0.6190085356917235,
      0.6145591962190026,
      0.6092587234033998,
      0.6042365992511186,
      0.5997308884077382,
      0.5943041957194048,
      0.5898335792341854,
      0.5847745851654352,
      0.5801758463042527,
      0.5744195906080518,
      0.5694076631925942,
      0.5650032631159361,
      0.5590276246389272,
      0.5537572218645164,
      0.548856219772798,
      0.5437664565645888,
      0.5389093899736525,
      0.5342194964025687,
      0.5272255253598089,
      0.5222548819477593,
      0.5171186436800763,
      0.511050129652127,
      0.5036667222860971,
      0.4972147368333147,
      0.4895415694346919,
      0.4824114623627844,
      0.47451975871939084,
      0.4643560273572006,
      0.4557711785984998,
      0.445686784308657,
      0.4390008267270196,
      0.43812225002139743,
      0.44987291590205825,
      0.6338048731706856
    ],