{
  "block": "model_output_blocks_3",
  "target_block_name": "model.output_blocks.3",
  "T": 100,
  "C": 384,
  "N": 32,
  "H": 16,
  "W": 16,
  "rank_r": 307,
  "representative_t": 99,
  "energy_threshold": 0.98,
  "actual_energy_at_r": 0.9802969065993389,
  "timesteps": [
    0,
    1,
    2,
    3,
    4,
    5,
    6,
    7,
    8,
    9,
    10,
    11,
    12,
    13,
    14,
    15,
    16,
    17,
    18,
    19,
    20,
    21,
    22,
    23,
    24,
    25,
    26,
    27,
    28,
    29,
    30,
    31,
    32,
    33,
    34,
    35,
    36,
    37,
    38,
    39,
    40,
    41,
    42,
    43,
    44,
    45,
    46,
    47,
    48,
    49,
    50,
    51,
    52,
    53,
    54,
    55,
    56,
    57,
    58,
    59,
    60,
    61,
    62,
    63,
    64,
    65,
    66,
    67,
    68,
    69,
    70,
    71,
    72,
    73,
    74,
    75,
    76,
    77,
    78,
    79,
    80,
    81,
    82,
    83,
    84,
    85,
    86,
    87,
    88,
    89,
    90,
    91,
    92,
    93,
    94,
    95,
    96,
    97,
    98,
    99
  ],
  "subspace_dist": [
    0.0,
    0.008252917632350143,
    0.0061759365667061195,
    0.004633350769343458,
    0.004718053565516356,
    0.005894064007903266,
    0.004863255081519635,
    0.003292038564501998,
    0.003353086561544427,
    0.0029734335796791633,
    0.0024555780990140885,
    0.0035326938088279247,
    0.0039190193389490036,
    0.004403076944807127,
    0.0037412086714894155,
    0.0032516566761742194,
    0.003133931978743676,
    0.00334015100134466,
    0.002833721783301657,
    0.0031957505783762885,
    0.003913292247517242,
    0.002716329293212638,
    0.0031196250735618936,
    0.002548677483926287,
    0.002722558001627684,
    0.00489562991121939,
    0.003878131751105518,
    0.003349440911030843,
    0.004659558630874638,
    0.0021565392395270777,
    0.004516248481334917,
    0.0022593790503540045,
    0.002261677945759377,
    0.003141346481486784,
    0.0019554569836397473,
    0.004493639435467767,
    0.003495700182969519,
    0.001903869915628964,
    0.0025600616609350313,
    0.0024024305897081266,
    0.002034207700751578,
    0.0020868111164933367,
    0.0018071898351482707,
    0.0020987450681001496,
    0.0026130707132299147,
    0.0024550932093383437,
    0.002266840628694422,
    0.0018387233384695723,
    0.0019257673465234992,
    0.0012868133573358254,
    0.002348366572663796,
    0.0020098535694548225,
    0.0024076849625532804,
    0.0029770291560409223,
    0.002544562531271888,
    0.004702187804704883,
    0.0030700240870414897,
    0.0018255026402768104,
    0.0018295095382965254,
    0.0027265774779502427,
    0.003035679002615921,
    0.0026920840251045686,
    0.0018783550671608307,
    0.0037124402995490913,
    0.004425517432230741,
    0.003384864348672467,
    0.0028138381682887292,
    0.0033548238267885333,
    0.004590947420070157,
    0.003995235112936424,
    0.0037481469059634787,
    0.00279697222524089,
    0.002226617099884143,
    0.0018536363507267728,
    0.0022362164033117304,
    0.002246392043741108,
    0.00230828624385937,
    0.0028899328206501984,
    0.003338584724552063,
    0.003334176856741422,
    0.0033229439918969206,
    0.0036471954565920894,
    0.0019536050815015527,
    0.002866905343190229,
    0.0017726692992086068,
    0.0017261461098433406,
    0.0021126217883528087,
    0.0021639804372652893,
    0.004195695739662497,
    0.0015341523748896302,
    0.0018009452490403977,
    0.00192834168197753,
    0.0018501441415855746,
    0.0020793584458538295,
    0.001388290811185966,
    0.0023013158756457486,
    0.002945139210232872,
    0.005289430444181176,
    0.005892061536491577,
    0.02804822089437231
  ],
  "energy_ratio": {
    "k4": [
      0.31958328111209144,
      0.3159750886659394,
      0.3126538712569764,
      0.31119656361612025,
      0.31174438755928097,
      0.3110460701710931,
      0.3089841489929414,
      0.3077867387096855,
      0.3074944530626253,
      0.30679428383421825,
      0.30515171442229366,
      0.30203506257856166,
      0.30245032156848084,
      0.30130135594666907,
      0.2982629915942473,
      0.2941147328598591,
      0.2951931301680376,
      0.29386545698820377,
      0.2922269078224998,
      0.2890629816188609,
      0.28812107115418106,
      0.2857260921137779,
      0.2828865473907053,
      0.28103757900776655,
      0.27868824745249543,
      0.27556318063077817,
      0.272400872937131,
      0.27150228461936626,
      0.2682890147036874,
      0.2647725877323521,
      0.2633388809624044,
      0.26095456277804957,
      0.25869751533891666,
      0.25569255557478243,
      0.25258343827518775,
      0.2516029817185639,
      0.2496920681724077,
      0.2462203697715704,
      0.24416024424178806,
      0.24206657688622746,
      0.23992623740572255,
      0.2382864379988263,
      0.2360936312017529,
      0.23511726303265562,
      0.23289254294714945,
      0.23142308712967877,
      0.22877737325684036,
      0.22763736137637505,
      0.22513703964903686,
      0.22324722343859513,
      0.22225926078697236,
      0.21997776207518843,
      0.21771918808510424,
      0.21618959703005466,
      0.2149981264935385,
      0.21529586508746634,
      0.2111562737256347,
      0.20968109161381016,
      0.2086246957840599,
      0.20715539703790367,
      0.2058953928380748,
      0.20452658720625977,
      0.20371358886949303,
      0.20210926480143965,
      0.20045768808852024,
      0.19984669702845922,
      0.19834274549754954,
      0.19779680721287043,
      0.19580209790559217,
      0.19527723437919906,
      0.19397214690226858,
      0.1938003979301305,
      0.19177468187450633,
      0.1934091486388878,
      0.19178257746584593,
      0.18873509258550872,
      0.18852916783394266,
      0.18957713652465855,
      0.18672192044822092,
      0.18570720841231836,
      0.18491945655017375,
      0.18406144205613756,
      0.18329713971878026,
      0.18409734844705655,
      0.18153117140615482,
      0.18277067735716718,
      0.1804024161411418,
      0.17960494830249868,
      0.17919676804898713,
      0.17822146469526023,
      0.17775490640389688,
      0.1770443246547198,
      0.17666973105105357,
      0.1755796958866547,
      0.1748524975607491,
      0.17447542219380974,
      0.1735117155492478,
      0.17302495724537117,
      0.17308210730769052,
      0.19839473691867168
    ],