{
  "block": "model_input_blocks_11",
  "target_block_name": "model.input_blocks.11",
  "T": 100,
  "C": 384,
  "N": 32,
  "H": 16,
  "W": 16,
  "rank_r": 314,
  "representative_t": 99,
  "energy_threshold": 0.98,
  "actual_energy_at_r": 0.9803145679170009,
  "timesteps": [
    0,
    1,
    2,
    3,
    4,
    5,
    6,
    7,
    8,
    9,
    10,
    11,
    12,
    13,
    14,
    15,
    16,
    17,
    18,
    19,
    20,
    21,
    22,
    23,
    24,
    25,
    26,
    27,
    28,
    29,
    30,
    31,
    32,
    33,
    34,
    35,
    36,
    37,
    38,
    39,
    40,
    41,
    42,
    43,
    44,
    45,
    46,
    47,
    48,
    49,
    50,
    51,
    52,
    53,
    54,
    55,
    56,
    57,
    58,
    59,
    60,
    61,
    62,
    63,
    64,
    65,
    66,
    67,
    68,
    69,
    70,
    71,
    72,
    73,
    74,
    75,
    76,
    77,
    78,
    79,
    80,
    81,
    82,
    83,
    84,
    85,
    86,
    87,
    88,
    89,
    90,
    91,
    92,
    93,
    94,
    95,
    96,
    97,
    98,
    99
  ],
  "subspace_dist": [
    0.0,
    0.012504707310807106,
    0.012575558081359905,
    0.010089461298612212,
    0.009321428086748407,
    0.012486209318188335,
    0.01146703898838286,
    0.0063047226371558684,
    0.006748173445837002,
    0.003875646385323006,
    0.005875670399239086,
    0.0059511052648155705,
    0.011000116217026124,
    0.011217935211483177,
    0.008736922253430368,
    0.005890046078454225,
    0.005263668672581656,
    0.005320252947341841,
    0.005975872448513497,
    0.00934918395377149,
    0.006289411672112277,
    0.005216820731332894,
    0.002592203661571868,
    0.0030591161042290427,
    0.004239004583116546,
    0.0030356322716430517,
    0.0021891078703408784,
    0.0031600120086524575,
    0.0017863902707184742,
    0.002194856014687163,
    0.0022230211192355576,
    0.003486114983734856,
    0.002319512905655352,
    0.002191432047353503,
    0.003802705546606,
    0.0035024254579330005,
    0.0028131867379790343,
    0.0022214869854518815,
    0.002740048464423439,
    0.001581055593951941,
    0.001758774414886921,
    0.0023371314031059853,
    0.0013733720909621105,
    0.004593637503787273,
    0.00211635980765279,
    0.0015481306828794006,
    0.0013567921175969833,
    0.002349718513676491,
    0.0035005619976965496,
    0.0025986276693739097,
    0.004034530388595359,
    0.002374316094508444,
    0.002013459640733517,
    0.003552052450212728,
    0.0022818522457473955,
    0.003946358043382392,
    0.0014567619085090744,
    0.001285734049776388,
    0.0010938919321552554,
    0.001710527827314512,
    0.0012240037830970607,
    0.0014877314804550013,
    0.0014025203827947585,
    0.0012104231467332527,
    0.001184605866158761,
    0.0011944371117380559,
    0.0019643864801325295,
    0.0012503614761311121,
    0.001700696626537379,
    0.0033242643238297065,
    0.001339881465755255,
    0.0010913950690479846,
    0.0011104531742290868,
    0.0008929839251807792,
    0.0011156546207022888,
    0.001077633376206255,
    0.0008183446138142481,
    0.0009710295924560963,
    0.0014384711008849083,
    0.0018880895412173304,
    0.0010108405575696144,
    0.003507891494026638,
    0.003635250829530423,
    0.0038000227364891614,
    0.0024761542886214682,
    0.0011516986331172596,
    0.0012469493613022076,
    0.000860756042920352,
    0.000876085627667833,
    0.000765473388684268,
    0.00092462822518391,
    0.0011164079778526181,
    0.0016629715871039341,
    0.001585264132019426,
    0.003292232499989556,
    0.001660702581279594,
    0.004036855157272146,
    0.005972272574955584,
    0.007994438617243582,
    0.029624767657746576
  ],
  "energy_ratio": {
    "k4": [
      0.43108026715143377,
      0.42345693555272185,
      0.40642304882509384,
      0.40187164459354835,
      0.4013448096909638,
      0.39595526714455986,
      0.3912088346884681,
      0.39295239163742574,
      0.38636085044008806,
      0.38357223716320105,
      0.38336031337741405,
      0.3794750142178686,
      0.3813339802927161,
      0.37881538155847977,
      0.3753963959499335,
      0.37065318254178686,
      0.3689078503404299,
      0.36612703552663994,
      0.3662504571453511,
      0.3584271648327345,
      0.35569077630654283,
      0.3548127720256944,
      0.35001007605880136,
      0.34808399707813253,
      0.34321516007735736,
      0.3397631867526522,
      0.33937229638974425,
      0.33524078677733127,
      0.3335185275398989,
      0.33182129976497676,
      0.32869133146859125,
      0.32483657205533123,
      0.32453308541360054,
      0.32163090106931835,
      0.31919078303611714,
      0.3165204680566463,
      0.3138105097776072,
      0.3110328388399306,
      0.30887993702592975,
      0.30749573171412514,
      0.305333499336593,
      0.30248635597938217,
      0.30064387236727275,
      0.29869190166644505,
      0.29651947450391236,
      0.29421721938535544,
      0.29277309887126657,
      0.2901689924139229,
      0.28754341813260426,
      0.28560278593457544,
      0.28334660122944527,
      0.2802325526315186,
      0.27796391894451605,
      0.27620312717956863,
      0.27347426032084104,
      0.27148435559612194,
      0.26879712248475185,
      0.26640218806096305,
      0.2644459842633603,
      0.2633133264971717,
      0.2607180765165806,
      0.2581931843559693,
      0.25620746163399327,
      0.2536148022330025,
      0.2523814509406474,
      0.2503408429282752,
      0.24755890530438945,
      0.24620660178044462,
      0.2441547304314227,
      0.24205184692358467,
      0.24029119794196543,
      0.2384683180826431,
      0.23606448117657589,
      0.2344988862973165,
      0.23294019062395702,
      0.23082543739865277,
      0.22862837068749894,
      0.22812296706728083,
      0.22588876501358965,
      0.22415604781957396,
      0.22197477881477184,
      0.22066821692994631,
      0.2191689896968978,
      0.2171718825730447,
      0.21529402407301904,
      0.2136522997708664,
      0.2122062218512143,
      0.21015978795983148,
      0.20817726647633816,
      0.20629278947737437,
      0.20421672730352386,
      0.2020912440279029,
      0.19887621630258584,
      0.19610769439709777,
      0.19324099085597574,
      0.1895624513718134,
      0.18511083836437456,
      0.17990870138179937,
      0.17430657268200567,
      0.18742937790238545
    ],