{
  "block": "model_input_blocks_0",
  "target_block_name": "model.input_blocks.0",
  "T": 100,
  "C": 128,
  "N": 32,
  "H": 128,
  "W": 128,
  "rank_r": 6,
  "representative_t": 99,
  "energy_threshold": 0.98,
  "actual_energy_at_r": 0.9906173584232038,
  "timesteps": [
    0,
    1,
    2,
    3,
    4,
    5,
    6,
    7,
    8,
    9,
    10,
    11,
    12,
    13,
    14,
    15,
    16,
    17,
    18,
    19,
    20,
    21,
    22,
    23,
    24,
    25,
    26,
    27,
    28,
    29,
    30,
    31,
    32,
    33,
    34,
    35,
    36,
    37,
    38,
    39,
    40,
    41,
    42,
    43,
    44,
    45,
    46,
    47,
    48,
    49,
    50,
    51,
    52,
    53,
    54,
    55,
    56,
    57,
    58,
    59,
    60,
    61,
    62,
    63,
    64,
    65,
    66,
    67,
    68,
    69,
    70,
    71,
    72,
    73,
    74,
    75,
    76,
    77,
    78,
    79,
    80,
    81,
    82,
    83,
    84,
    85,
    86,
    87,
    88,
    89,
    90,
    91,
    92,
    93,
    94,
    95,
    96,
    97,
    98,
    99
  ],
  "subspace_dist": [
    0.0,
    1.0594240696937263e-06,
    1.0820782480047697e-06,
    6.890554608007804e-07,
    1.0159535276388354e-06,
    1.0002581435353264e-06,
    3.626757708596884e-07,
    1.1039702094706172e-06,
    9.578475141935883e-07,
    1.3162508837316622e-06,
    6.005927181140791e-07,
    7.045228733737474e-07,
    1.0767463759497886e-06,
    9.560011346998465e-07,
    1.800272838914374e-06,
    1.5357793751169524e-06,
    1.3432476401176174e-06,
    2.1184961113140943e-06,
    2.0130240926397036e-06,
    6.000874067879636e-06,
    4.4885915381209784e-06,
    4.214744747099708e-06,
    7.504344677666808e-06,
    6.464183139764934e-06,
    1.0731677427933128e-05,
    1.4632233781952664e-05,
    2.008071400128042e-05,
    3.269449351084308e-05,
    4.3814900389960165e-05,
    6.215984090729432e-05,
    7.296867999240231e-05,
    0.00011937328981048712,
    0.00014789618687149897,
    0.0002161312388001546,
    0.00028491407922182077,
    0.00038092246936438645,
    0.0005270691916464676,
    0.0005900908825684503,
    0.0007350267392083332,
    0.0007418771023783854,
    0.0007390879011645035,
    0.000701487538656731,
    0.0006430586990595621,
    0.0005600482539346308,
    0.00048196586328053126,
    0.00040699106872699176,
    0.0003386177208405394,
    0.00028821193406525225,
    0.00026497866680363913,
    0.0002486538205097588,
    0.00024701283078043534,
    0.0002575367288365493,
    0.00028015654472657303,
    0.00031379418778465507,
    0.00035763118421616724,
    0.0004174745271621205,
    0.0004907116739462092,
    0.0005724208355614158,
    0.0006549614927472414,
    0.0007400197153982768,
    0.0008014474483469813,
    0.0008676600207162544,
    0.000992157301063834,
    0.0015527188402356673,
    0.019812371487154645,
    0.09885406314922418,
    0.0023981175961664825,
    0.00028557848852683865,
    0.00010981565896051038,
    6.698605889143838e-05,
    4.962629486715553e-05,
    3.976182986809018e-05,
    3.34602283378338e-05,
    2.9397541877806965e-05,
    2.6872171980385495e-05,
    2.5705480928173152e-05,
    2.5982604718088886e-05,
    2.80919140768221e-05,
    3.164763131857651e-05,
    3.7784181961542096e-05,
    4.818454120092408e-05,
    6.376030104993102e-05,
    8.791679755582038e-05,
    0.00012509889745704328,
    0.00018566710317091673,
    0.0002849769020957238,
    0.00046185892445915755,
    0.0007954899267054172,
    0.0016746658732764708,
    0.008520821917487709,
    0.08534565714998654,
    0.024509009119850433,
    0.006750978333062485,
    0.003532047831039109,
    0.0027726474839958604,
    0.00253065712810685,
    0.0020645338778561007,
    0.0013287146521218096,
    0.0006207962279143331,
    0.00017636858593850224
  ],
  "energy_ratio": {
    "k4": [
      0.4954986607777996,
      0.4955044782471376,
      0.49550964526338304,
      0.4955127049643051,
      0.495517569965023,
      0.4955223543933411,
      0.4955245818795206,
      0.49552836258317184,
      0.4955299612932864,
      0.495532947412778,
      0.49552990456585033,
      0.49552942561927427,
      0.4955227887207189,
      0.49552204929154686,
      0.49551079239932366,
      0.4954974179056318,
      0.4954919309541472,
      0.4954827617135663,
      0.49547172090283853,
      0.4954518684182976,
      0.49543121089383724,
      0.495410952192581,
      0.4953831321918716,
      0.4953571001955534,
      0.49532229706300135,
      0.49528030711321314,
      0.4952337800465032,
      0.4951761889829773,
      0.4951084343047886,
      0.4950309385276541,
      0.49494617470207203,
      0.4948466648115678,
      0.4947379011621991,
      0.4946124407303816,
      0.49447400530299657,
      0.4943159139745466,
      0.4941353330182865,
      0.4939374844710623,
      0.4937125859585678,
      0.4934659527863792,
      0.4931957845051564,
      0.49289300779463396,
      0.4925572806366201,
      0.49218705621289965,
      0.4917737764030646,
      0.4913179783807549,
      0.49081944636311026,
      0.4902795782211029,
      0.4896842929839377,
      0.4890373806443549,
      0.48833313598633277,
      0.48757199331176454,
      0.486742900515661,
      0.48584917394490645,
      0.4848946406219598,
      0.48387519510264027,
      0.482794229042084,
      0.4816553573177419,
      0.4804703049373853,
      0.47924558814498885,
      0.478015336660655,
      0.4768282361561792,
      0.47592566116069773,
      0.4765796191522913,
      0.4780285584235665,
      0.4797840314782749,
      0.48183007695621605,
      0.4841938965244515,
      0.4868919493237161,
      0.4899584714749744,
      0.49345240304873483,
      0.4974286011918003,
      0.501949261986741,
      0.5071059423290439,
      0.5130021983521297,
      0.5197330928469017,
      0.5274283393085873,
      0.536223493101465,
      0.5461479572545452,
      0.5572838585579641,
      0.5696931661542326,
      0.5833597726326653,
      0.5982687798040873,
      0.6144007470860918,
      0.6317992537312721,
      0.6507010040867259,
      0.6713049417910195,
      0.6931179972696627,
      0.7159332806235598,
      0.739749457833952,
      0.7642710919031326,
      0.7894212957701625,
      0.8168522490696873,
      0.8442866385534396,
      0.87024491381378,
      0.893885386279801,
      0.9142912105620753,
      0.9307086180067362,
      0.9423803438487897,
      0.94899043523009
    ],