{
  "block": "model_input_blocks_7",
  "target_block_name": "model.input_blocks.7",
  "T": 100,
  "C": 256,
  "N": 32,
  "H": 32,
  "W": 32,
  "rank_r": 141,
  "representative_t": 99,
  "energy_threshold": 0.98,
  "actual_energy_at_r": 0.9801738469570425,
  "timesteps": [
    0,
    1,
    2,
    3,
    4,
    5,
    6,
    7,
    8,
    9,
    10,
    11,
    12,
    13,
    14,
    15,
    16,
    17,
    18,
    19,
    20,
    21,
    22,
    23,
    24,
    25,
    26,
    27,
    28,
    29,
    30,
    31,
    32,
    33,
    34,
    35,
    36,
    37,
    38,
    39,
    40,
    41,
    42,
    43,
    44,
    45,
    46,
    47,
    48,
    49,
    50,
    51,
    52,
    53,
    54,
    55,
    56,
    57,
    58,
    59,
    60,
    61,
    62,
    63,
    64,
    65,
    66,
    67,
    68,
    69,
    70,
    71,
    72,
    73,
    74,
    75,
    76,
    77,
    78,
    79,
    80,
    81,
    82,
    83,
    84,
    85,
    86,
    87,
    88,
    89,
    90,
    91,
    92,
    93,
    94,
    95,
    96,
    97,
    98,
    99
  ],
  "subspace_dist": [
    0.0,
    0.021093656810974748,
    0.013188998364408344,
    0.028702323627738502,
    0.021816866785992595,
    0.048309761698271836,
    0.03903592038308756,
    0.011701750862942562,
    0.021442924457530044,
    0.008510679676475452,
    0.020425172643284584,
    0.017529565823118598,
    0.0460804155199358,
    0.03914273891096709,
    0.03665667191128641,
    0.02075027974721988,
    0.0176814929885597,
    0.02896876657076153,
    0.017420803855453193,
    0.0530192973206568,
    0.03586293283002662,
    0.007596096677659037,
    0.009147764672337688,
    0.008196239992275145,
    0.01905298285892454,
    0.0041640073672188915,
    0.005875889419108327,
    0.009079278632721954,
    0.004267022845028112,
    0.008568143491217817,
    0.008448541603244708,
    0.008770649460655089,
    0.005387542442795601,
    0.008687693946202835,
    0.0049394150823934835,
    0.004620455000971302,
    0.004882367714707403,
    0.004535987459179158,
    0.00885538696182453,
    0.006613289233907582,
    0.0028544666558542042,
    0.00897477704416616,
    0.0037657941161785002,
    0.0038296629703881147,
    0.0031658206757712026,
    0.0018675588882264282,
    0.0015901124885759899,
    0.00246990228061017,
    0.0025906987312031005,
    0.004328409758935892,
    0.001606236543426065,
    0.0021561183321807675,
    0.0023288407736058447,
    0.001935628496530395,
    0.004939678262584679,
    0.0019223495734733698,
    0.0018705170260543413,
    0.0011753723752885303,
    0.0015085413435307338,
    0.001381413361103423,
    0.0019178838433043799,
    0.004637870833258617,
    0.0016979176672103913,
    0.0013905770295637998,
    0.002938168432725319,
    0.001658877728703323,
    0.0010202816886503152,
    0.001262225458505184,
    0.001180202832176458,
    0.0006240288358839718,
    0.0007910360685818851,
    0.0010191294927864858,
    0.0005626951960741033,
    0.000590960539926022,
    0.0007287554322881196,
    0.0005461410082138185,
    0.0010592428938841492,
    0.0009069309965463734,
    0.0011193670729653382,
    0.000674235258148137,
    0.0011218287699794605,
    0.0007107296550918907,
    0.000840864719657719,
    0.0013769764962823228,
    0.001346669221793828,
    0.00340764471354682,
    0.001007209567035039,
    0.0017229803338452143,
    0.0012098483768206991,
    0.0012061413932413778,
    0.001251759996146462,
    0.001397512861237571,
    0.0015140997465061812,
    0.002467224140868307,
    0.0038124491332209853,
    0.004910455009724313,
    0.010712735880383906,
    0.007875144827505176,
    0.017085013994103115,
    0.05939898110712216
  ],
  "energy_ratio": {
    "k4": [
      0.9192163390939005,
      0.9282762246409849,
      0.930618959737985,
      0.9348635827728768,
      0.933761659253954,
      0.9425207398073937,
      0.9361264456362469,
      0.9359605788903325,
      0.9397928338164133,
      0.9412941171867774,
      0.9397583754880381,
      0.9415366706789984,
      0.9393639232013903,
      0.9364038617156988,
      0.9357499165442739,
      0.9356443298542974,
      0.9383876202271875,
      0.93041056555563,
      0.9325009486378653,
      0.9339260672182368,
      0.9340470238961612,
      0.9334833776762407,
      0.9319390330329225,
      0.9300229624755203,
      0.9286556761416274,
      0.9271180403572171,
      0.9243993706690273,
      0.9230395606573921,
      0.9211249838930475,
      0.9182985023021364,
      0.916352493796747,
      0.9123707689309554,
      0.9104366733627727,
      0.9071283112088614,
      0.9022005966508864,
      0.9011160272612605,
      0.8972400831463272,
      0.8943093184475913,
      0.8889154861360233,
      0.8868358266358735,
      0.8838227599421656,
      0.878017419120155,
      0.8767592047791495,
      0.8705696250893339,
      0.8672313909768354,
      0.8625937065272937,
      0.8589786303965026,
      0.8539854257314854,
      0.8482506099313414,
      0.8439995188104175,
      0.8392611562406045,
      0.8344084315265454,
      0.8291391109509447,
      0.8245268464915444,
      0.8202999885842024,
      0.8144816108971983,
      0.8081888782791368,
      0.802668642076867,
      0.7971483351871216,
      0.795503613879753,
      0.7877671730085164,
      0.7818658289581462,
      0.7759561257289579,
      0.7699299888715826,
      0.76625930159457,
      0.7588521990673385,
      0.7528063253912746,
      0.7470776160276595,
      0.7392001471336762,
      0.7340246222399713,
      0.7277564659059397,
      0.7213106696033248,
      0.7149819949030597,
      0.7079202043048707,
      0.701228097737439,
      0.6932508764377344,
      0.6860185426240342,
      0.6798611742640706,
      0.6739587550618243,
      0.6652163452557508,
      0.6561374623736861,
      0.6504444882155456,
      0.6438732147332907,
      0.6331723278750512,
      0.6237545537410846,
      0.6156322669984454,
      0.6059365757095789,
      0.594005442880891,
      0.5827646972170998,
      0.5699277158277587,
      0.5572693812159728,
      0.5430978885996817,
      0.5254610432069762,
      0.5074254464790872,
      0.48727768620833734,
      0.46340736818772715,
      0.435855440321996,
      0.40366858833518077,
      0.3687342715977,
      0.3517689500368355
    ],