{
  "block": "model_input_blocks_1",
  "target_block_name": "model.input_blocks.1",
  "T": 100,
  "C": 128,
  "N": 32,
  "H": 128,
  "W": 128,
  "rank_r": 13,
  "representative_t": 99,
  "energy_threshold": 0.98,
  "actual_energy_at_r": 0.9805189679558022,
  "timesteps": [
    0,
    1,
    2,
    3,
    4,
    5,
    6,
    7,
    8,
    9,
    10,
    11,
    12,
    13,
    14,
    15,
    16,
    17,
    18,
    19,
    20,
    21,
    22,
    23,
    24,
    25,
    26,
    27,
    28,
    29,
    30,
    31,
    32,
    33,
    34,
    35,
    36,
    37,
    38,
    39,
    40,
    41,
    42,
    43,
    44,
    45,
    46,
    47,
    48,
    49,
    50,
    51,
    52,
    53,
    54,
    55,
    56,
    57,
    58,
    59,
    60,
    61,
    62,
    63,
    64,
    65,
    66,
    67,
    68,
    69,
    70,
    71,
    72,
    73,
    74,
    75,
    76,
    77,
    78,
    79,
    80,
    81,
    82,
    83,
    84,
    85,
    86,
    87,
    88,
    89,
    90,
    91,
    92,
    93,
    94,
    95,
    96,
    97,
    98,
    99
  ],
  "subspace_dist": [
    0.0,
    1.3646232321806728e-05,
    2.8959930544081303e-05,
    0.0001095215734270294,
    4.978432835378577e-05,
    0.0016596292106670907,
    0.002044918287918529,
    9.809393531012844e-06,
    8.850696881823605e-05,
    0.0007675393688393317,
    0.00027227326443979294,
    1.598556186976907e-05,
    0.001614895650996262,
    0.0014647877086323424,
    0.00027799977132414444,
    2.0333973686614826e-05,
    0.0022952165760580234,
    0.001968569894587935,
    0.00013703357646632774,
    0.00015368700747986352,
    8.058311819381103e-05,
    2.0689358629755183e-05,
    0.00012766760639038033,
    7.245674554490211e-05,
    2.259718958197432e-05,
    1.572800564852983e-05,
    0.00010142911087973605,
    3.163747691814489e-05,
    9.23905840241046e-05,
    0.0004518041799688177,
    5.500737539665401e-05,
    6.364182124307671e-05,
    3.796709916714658e-05,
    8.300580464171148e-05,
    4.749595558828368e-05,
    0.0002583520028019981,
    0.0003088110194660043,
    0.00018229422757198854,
    8.624858640837729e-05,
    9.308153144482745e-05,
    7.148348133168003e-05,
    6.0383722547685537e-05,
    0.00014201562342486262,
    6.114439829218998e-05,
    9.634716621853556e-05,
    7.435934026100988e-05,
    0.00029097854883552987,
    0.0002668111449162236,
    0.00027580598805221346,
    0.00026759550856092496,
    0.000303044935923813,
    0.00020990817488864,
    0.00042431001263587564,
    0.00035286789145549946,
    0.0010853634510415988,
    0.0003113305032146352,
    0.00041996315490977487,
    0.00033447794086316485,
    0.0005061965853945249,
    0.0002402860657902961,
    0.00035232674260565755,
    0.00020642395879155728,
    0.0001987134502745569,
    0.00020008996795961576,
    0.000295772691662477,
    0.00020798420849810206,
    0.000377869053152069,
    0.00026705847000674243,
    0.0003118365749580354,
    0.00032367253520426686,
    0.000330664759348398,
    0.0003727567575518842,
    0.0005387228291815482,
    0.0009331309593455517,
    0.0014489431282905807,
    0.00215140784054646,
    0.0052541503375554965,
    0.0037769489778539667,
    0.002203738573184344,
    0.007032476592973458,
    0.027451972347855458,
    0.008044366022861515,
    0.004395114055589788,
    0.002260531956767897,
    0.0020231318692273126,
    0.06267722726952185,
    0.006568623037444654,
    0.0020122589956768078,
    0.0020017056270410505,
    0.0017333324451340726,
    0.002198881264746433,
    0.0031116054131908877,
    0.004344484417594385,
    0.007151331360622071,
    0.011054264969339811,
    0.024020757243119806,
    0.011554463706137663,
    0.08311705435675831,
    0.049071214785243567,
    0.0973903882365117
  ],
  "energy_ratio": {
    "k4": [
      0.8480235360073655,
      0.8480668657112229,
      0.8479970054488589,
      0.8491784144880256,
      0.8501658232037728,
      0.8578435874089451,
      0.8499272526697602,
      0.8495852731002786,
      0.8502181506229776,
      0.8540567953208743,
      0.851974717201644,
      0.8516742942791886,
      0.8602627548272266,
      0.8535597740853847,
      0.8569232508013614,
      0.8555934122942247,
      0.8645488957022465,
      0.8553694300341331,
      0.8578059335232292,
      0.8596385379170337,
      0.8598289412734224,
      0.8609655530980262,
      0.861275512561045,
      0.8613497475377632,
      0.8642989342388682,
      0.8645814204256507,
      0.865885877064338,
      0.8669688054351381,
      0.868036593595632,
      0.8678592419547604,
      0.8700787443785464,
      0.8706445340067758,
      0.8715840163545309,
      0.8733233377998887,
      0.8734423375316304,
      0.8762695188563764,
      0.8755537286481792,
      0.8775255834755422,
      0.8769354749631953,
      0.8787167929914274,
      0.8794107090986485,
      0.8796517787838138,
      0.8822789549106766,
      0.8816649308351178,
      0.88136053446062,
      0.8817735126116208,
      0.883544311507741,
      0.8830627257449724,
      0.8836310276159374,
      0.8843684256773233,
      0.8849363267504983,
      0.8835279991798224,
      0.8839953229446627,
      0.8839039110118596,
      0.8843696562741263,
      0.8841215111100782,
      0.8833516751811322,
      0.8831007939616002,
      0.8830627780619552,
      0.8825493638257819,
      0.8823255562925295,
      0.8808221618375558,
      0.8806824215219479,
      0.8790687399564406,
      0.8784093524999547,
      0.8771267717413704,
      0.8753360870980585,
      0.8753793418116042,
      0.8729510520166875,
      0.8718409940908671,
      0.8705073877640469,
      0.8684768511736358,
      0.8669765457447126,
      0.8653495603044041,
      0.8631287293391199,
      0.8612038339268488,
      0.8604984206269763,
      0.8613992870017155,
      0.8642535482599506,
      0.8648149830612392,
      0.8659402065264704,
      0.8685432188123042,
      0.8706682863174365,
      0.8714675643269001,
      0.8735402432178335,
      0.8750419715491526,
      0.8768661523954681,
      0.8773272076892794,
      0.8787382861695534,
      0.8805387740775638,
      0.8829693461776245,
      0.8853930438333063,
      0.8878121920750287,
      0.8899834684521151,
      0.8944487889810608,
      0.8986810431400112,
      0.9012609536291308,
      0.902187127213249,
      0.8988577219816245,
      0.8939804165485241
    ],