{
  "block": "model_output_blocks_1",
  "target_block_name": "model.output_blocks.1",
  "T": 100,
  "C": 512,
  "N": 32,
  "H": 8,
  "W": 8,
  "rank_r": 404,
  "representative_t": 99,
  "energy_threshold": 0.98,
  "actual_energy_at_r": 0.9800020827629397,
  "timesteps": [
    0,
    1,
    2,
    3,
    4,
    5,
    6,
    7,
    8,
    9,
    10,
    11,
    12,
    13,
    14,
    15,
    16,
    17,
    18,
    19,
    20,
    21,
    22,
    23,
    24,
    25,
    26,
    27,
    28,
    29,
    30,
    31,
    32,
    33,
    34,
    35,
    36,
    37,
    38,
    39,
    40,
    41,
    42,
    43,
    44,
    45,
    46,
    47,
    48,
    49,
    50,
    51,
    52,
    53,
    54,
    55,
    56,
    57,
    58,
    59,
    60,
    61,
    62,
    63,
    64,
    65,
    66,
    67,
    68,
    69,
    70,
    71,
    72,
    73,
    74,
    75,
    76,
    77,
    78,
    79,
    80,
    81,
    82,
    83,
    84,
    85,
    86,
    87,
    88,
    89,
    90,
    91,
    92,
    93,
    94,
    95,
    96,
    97,
    98,
    99
  ],
  "subspace_dist": [
    0.0,
    0.012875636587965866,
    0.012385889060414379,
    0.010124039850798905,
    0.010272602372649042,
    0.010168338267581345,
    0.010360380838957406,
    0.00816818850278489,
    0.007448420408931122,
    0.005684941352833928,
    0.007204024862972003,
    0.007276393323126129,
    0.009644289643069515,
    0.009332627746640343,
    0.008840944600941092,
    0.0075825007485363916,
    0.008192276254512687,
    0.008202259498354403,
    0.008161038990592062,
    0.008405963974962405,
    0.008710247667856885,
    0.007853356540126977,
    0.009011941448015426,
    0.006632755434187287,
    0.007922394860341964,
    0.008989469397775562,
    0.00833512327591912,
    0.009224758151119561,
    0.0069292329843684275,
    0.007905074039800009,
    0.008371949167825243,
    0.007449934027011218,
    0.007106457043954406,
    0.008575623796370446,
    0.006708732275904072,
    0.005885864347918712,
    0.006991426256329536,
    0.006146699594458238,
    0.008900780433409583,
    0.007893008995092488,
    0.007411277339579692,
    0.008250601693971182,
    0.006708688605171043,
    0.004688815672644786,
    0.004588075411976922,
    0.004164284888337533,
    0.0038826813206123134,
    0.008235585094648057,
    0.0077361304733089,
    0.0048077259798952054,
    0.005891122342820521,
    0.005009636322358402,
    0.005034395071180975,
    0.005439494289758207,
    0.004022466678393899,
    0.003316526113376961,
    0.003375954543036519,
    0.003338159754155412,
    0.004652632674319923,
    0.0038865776237946292,
    0.004677196826491925,
    0.005734835598696031,
    0.005707648937686827,
    0.004373804790093416,
    0.004206832559622953,
    0.0032480652036693813,
    0.0041561341989020395,
    0.005683383394827768,
    0.005857288459913734,
    0.005010897757195987,
    0.00528314263486096,
    0.0046667651232504825,
    0.006248837608566649,
    0.00440708165029613,
    0.004889465840004603,
    0.0039340484813891186,
    0.005922810459159988,
    0.005230186506377299,
    0.007509332896879717,
    0.005265687154267673,
    0.004759683462240094,
    0.004668083209141138,
    0.005607304007535063,
    0.005826207128489247,
    0.004902686941737122,
    0.003946769052110666,
    0.0032038929113336057,
    0.00447397042007136,
    0.003799946246488828,
    0.004008824887801743,
    0.003909747803482189,
    0.003826144638655604,
    0.004290874051273819,
    0.005090622507162634,
    0.005292249091850221,
    0.006032481457786565,
    0.007891780830682538,
    0.007709709034747436,
    0.011402080825863248,
    0.04108150275850042
  ],
  "energy_ratio": {
    "k4": [
      0.19840332860297655,
      0.1948059568094437,
      0.19281749671124232,
      0.19412116665541948,
      0.19553084614505514,
      0.19841086995217075,
      0.19746139469425383,
      0.19592696436918147,
      0.19620253507542776,
      0.19718318133908347,
      0.19746020884896195,
      0.19864396373978355,
      0.1957428332398626,
      0.19965002455026773,
      0.1987557883487931,
      0.19955112491649085,
      0.19444408828672807,
      0.19885670035913186,
      0.19463595230731834,
      0.19387995354267867,
      0.19710892618576636,
      0.1944005561030194,
      0.19626718445031513,
      0.19662793864888245,
      0.1900244229172587,
      0.19430636340700042,
      0.1890352602629006,
      0.19301976835684365,
      0.19067486141926868,
      0.18577212337437396,
      0.1871242202200112,
      0.1839738478717453,
      0.18296541420955853,
      0.18381486494812802,
      0.18490962507304934,
      0.18357030524319215,
      0.18218868780914285,
      0.1807339176443327,
      0.17786016841222,
      0.17912785095087733,
      0.17375350222713937,
      0.17823339136717625,
      0.17678913451545786,
      0.17549533025662295,
      0.17443627869839487,
      0.17355598974689757,
      0.17241742001279392,
      0.16863187103672342,
      0.1705624677118605,
      0.16968587223408685,
      0.16734325291600863,
      0.168852687785418,
      0.16746043976358116,
      0.16651376487669703,
      0.16615449902279467,
      0.16558015725342437,
      0.1653825839780946,
      0.16456671859988767,
      0.1641858859252971,
      0.16371940233195553,
      0.16031033441297335,
      0.16281698093053595,
      0.16291265629270282,
      0.15994523664469193,
      0.16179109899321648,
      0.1612938645005143,
      0.16097271965229107,
      0.1583746157564578,
      0.15837954463681111,
      0.1575644466294095,
      0.15799813533216775,
      0.15764412000356662,
      0.15849460535570248,
      0.15840092581126405,
      0.15863097575980853,
      0.15677166324928393,
      0.15751088974926533,
      0.15560043422639,
      0.1578016512749372,
      0.15590522238725835,
      0.15761373301469261,
      0.15714314110304514,
      0.156298469442157,
      0.15547385498898134,
      0.1563220252503288,
      0.15618223018646515,
      0.1563524728534478,
      0.1559048549259278,
      0.15607742173373176,
      0.15573597371402328,
      0.1557622169572014,
      0.15547717557226937,
      0.15550158543156556,
      0.15502776181830813,
      0.15491694244807164,
      0.15479210190670734,
      0.15516033922754938,
      0.15529374973421275,
      0.15819540938316737,
      0.18003601231203054
    ],