{
  "block": "model_output_blocks_0",
  "target_block_name": "model.output_blocks.0",
  "T": 100,
  "C": 512,
  "N": 32,
  "H": 8,
  "W": 8,
  "rank_r": 415,
  "representative_t": 99,
  "energy_threshold": 0.98,
  "actual_energy_at_r": 0.9802537776382882,
  "timesteps": [
    0,
    1,
    2,
    3,
    4,
    5,
    6,
    7,
    8,
    9,
    10,
    11,
    12,
    13,
    14,
    15,
    16,
    17,
    18,
    19,
    20,
    21,
    22,
    23,
    24,
    25,
    26,
    27,
    28,
    29,
    30,
    31,
    32,
    33,
    34,
    35,
    36,
    37,
    38,
    39,
    40,
    41,
    42,
    43,
    44,
    45,
    46,
    47,
    48,
    49,
    50,
    51,
    52,
    53,
    54,
    55,
    56,
    57,
    58,
    59,
    60,
    61,
    62,
    63,
    64,
    65,
    66,
    67,
    68,
    69,
    70,
    71,
    72,
    73,
    74,
    75,
    76,
    77,
    78,
    79,
    80,
    81,
    82,
    83,
    84,
    85,
    86,
    87,
    88,
    89,
    90,
    91,
    92,
    93,
    94,
    95,
    96,
    97,
    98,
    99
  ],
  "subspace_dist": [
    0.0,
    0.013707509214510472,
    0.010337076157573288,
    0.008400346554072402,
    0.008003575906949445,
    0.008494344195368986,
    0.0078031558786215705,
    0.007096299807942907,
    0.007586786924136946,
    0.006847101706006553,
    0.0048546759159371344,
    0.006194046777516116,
    0.008592832056771416,
    0.00872649084571453,
    0.0076258440862334576,
    0.0061834803353330026,
    0.007530439282831702,
    0.00803282078278178,
    0.0061376707111587825,
    0.00762537026321275,
    0.008727990635012506,
    0.00672197797281493,
    0.005571485686371447,
    0.0051657199168978485,
    0.007589393963771562,
    0.00810476370247959,
    0.007365151850018514,
    0.00564721177289107,
    0.007022766552606252,
    0.006525244486853654,
    0.007195593463936167,
    0.0072530836626972794,
    0.006976064215698963,
    0.006798008889181251,
    0.005959900557946263,
    0.006393869431905563,
    0.004911719675318227,
    0.0066113802542230315,
    0.007564259721413835,
    0.006462590430158066,
    0.006365270330215611,
    0.005691677748952295,
    0.004643283258626063,
    0.004419283764511173,
    0.004293870841404868,
    0.004695067651654394,
    0.0033638602227531456,
    0.005924835866511491,
    0.005967011757814666,
    0.003903240857030088,
    0.004503113914875567,
    0.004260824375519334,
    0.0052966189993584045,
    0.004859457378003418,
    0.005503362815100443,
    0.0048665184209356616,
    0.004128492818659346,
    0.005138460919826393,
    0.004893231600100911,
    0.005035224251840886,
    0.005186479566651525,
    0.007068738169749511,
    0.005457818168928208,
    0.005067820702696957,
    0.003978916151637701,
    0.004248833693437981,
    0.005290765313254786,
    0.006644995853277713,
    0.007038754998163865,
    0.006090280333596709,
    0.005694475641439545,
    0.003924939933866334,
    0.006602171803277934,
    0.005381442674890158,
    0.006491731923660704,
    0.0032957474417549815,
    0.00544884610400076,
    0.0056698419054170834,
    0.00628116169715065,
    0.004212143154611159,
    0.004745131994070784,
    0.0029312117033557517,
    0.006045673765247672,
    0.0061860672938688355,
    0.004575207021631944,
    0.004747083450520773,
    0.004620465557869435,
    0.0040371834009395036,
    0.003961783380375117,
    0.003582183149537843,
    0.002897711778584222,
    0.0040455367611665904,
    0.00538832628242103,
    0.003758856600610594,
    0.004155015200238421,
    0.00525395667587758,
    0.007045868944204781,
    0.005786934166472246,
    0.008377033855092253,
    0.038140715527043234
  ],
  "energy_ratio": {
    "k4": [
      0.159097045650201,
      0.15469942465634842,
      0.1507621042649014,
      0.15387086777218087,
      0.15254187256130938,
      0.15257046177293715,
      0.15377571517133554,
      0.1535588179554604,
      0.1530316334087188,
      0.15345716456558156,
      0.15385447779570127,
      0.1547401435083154,
      0.15246304788439882,
      0.15630092491975855,
      0.15387081142432996,
      0.15470552825173142,
      0.1514132272946648,
      0.15463537464277374,
      0.1521684083094756,
      0.15133580801430557,
      0.15392794518972197,
      0.15339161213751956,
      0.1515651439758194,
      0.1513353194603153,
      0.14674488378912257,
      0.15044907820411832,
      0.14634536524463707,
      0.14543173874846888,
      0.14777026947536914,
      0.14410486017692292,
      0.14641641888122386,
      0.14164412491149786,
      0.14131091035273977,
      0.1431003770747944,
      0.14179373880325774,
      0.14086953346774397,
      0.13943911683764665,
      0.13615690841387487,
      0.13802673046911998,
      0.13656713765089573,
      0.13220353095428747,
      0.1346518172548308,
      0.13370415984165598,
      0.1324818142583771,
      0.13193923851754477,
      0.13082398125210526,
      0.1296807568577421,
      0.1264832277853825,
      0.12790905733969796,
      0.1268234287464313,
      0.1267885169988219,
      0.12547687103931862,
      0.12464601724688613,
      0.12382648695755967,
      0.12307698984883836,
      0.12245548008210706,
      0.1224177518009951,
      0.12142775709171838,
      0.12108170567438206,
      0.12036140815015087,
      0.11778629678083834,
      0.11945970070036735,
      0.11884077505502369,
      0.118658168483448,
      0.11790904715024478,
      0.11718146531810365,
      0.1174294136056336,
      0.11512071323401026,
      0.11655653761433284,
      0.11423561152894025,
      0.11553568975408303,
      0.11514082644763406,
      0.11301172417926902,
      0.1127481593620337,
      0.11435885459235295,
      0.11412965340462086,
      0.11204815866549395,
      0.1117851848862536,
      0.11260067035156486,
      0.11248761908643108,
      0.11215633378305803,
      0.11209412940057722,
      0.11034272027076111,
      0.11132918320885808,
      0.11068927861593933,
      0.11038732518529173,
      0.11029779333573789,
      0.10953314213305529,
      0.10975172035886795,
      0.10947449597752525,
      0.10940511417714721,
      0.10912177488371781,
      0.10880993365034197,
      0.10875039616468091,
      0.10812272977603168,
      0.1079967204911294,
      0.1074644402960655,
      0.10765228665443448,
      0.10840633214543044,
      0.12867122940088146
    ],