{
  "block": "model_output_blocks_12",
  "target_block_name": "model.output_blocks.12",
  "T": 100,
  "C": 128,
  "N": 64,
  "H": 128,
  "W": 128,
  "rank_r": 47,
  "representative_t": 99,
  "energy_threshold": 0.98,
  "actual_energy_at_r": 0.9805425436227299,
  "timesteps": [
    0,
    1,
    2,
    3,
    4,
    5,
    6,
    7,
    8,
    9,
    10,
    11,
    12,
    13,
    14,
    15,
    16,
    17,
    18,
    19,
    20,
    21,
    22,
    23,
    24,
    25,
    26,
    27,
    28,
    29,
    30,
    31,
    32,
    33,
    34,
    35,
    36,
    37,
    38,
    39,
    40,
    41,
    42,
    43,
    44,
    45,
    46,
    47,
    48,
    49,
    50,
    51,
    52,
    53,
    54,
    55,
    56,
    57,
    58,
    59,
    60,
    61,
    62,
    63,
    64,
    65,
    66,
    67,
    68,
    69,
    70,
    71,
    72,
    73,
    74,
    75,
    76,
    77,
    78,
    79,
    80,
    81,
    82,
    83,
    84,
    85,
    86,
    87,
    88,
    89,
    90,
    91,
    92,
    93,
    94,
    95,
    96,
    97,
    98,
    99
  ],
  "subspace_dist": [
    0.0,
    0.011029977496791243,
    0.004773067080865334,
    0.027990542926020878,
    0.009762020378037861,
    0.01377250413020148,
    0.008271624351142592,
    0.005235683156342041,
    0.005283498865642611,
    0.006933000435598857,
    0.002190775097409947,
    0.01208948139421162,
    0.023846087663928373,
    0.02355806218991152,
    0.0021292211868499944,
    0.008234040300976075,
    0.020547787975597198,
    0.026447559013826893,
    0.006484337114679661,
    0.008158265846575197,
    0.002094108197278177,
    0.0020191077914162303,
    0.0008109064595279714,
    0.0010515471108830665,
    0.001588124742823549,
    0.0072078885048787456,
    0.0007807074803344305,
    0.009700924693437196,
    0.0010165032694097187,
    0.0010916561520736279,
    0.0005662047213343957,
    0.000944240425384324,
    0.0020918645471660335,
    0.0005241624760160546,
    0.0007380840346002948,
    0.0008401825981323441,
    0.0010037014154780088,
    0.0009768294888796714,
    0.0010673954882187697,
    0.0009778856622330023,
    0.0006350493980901151,
    0.0009444711945234552,
    0.0009022688183180083,
    0.0006783565872484631,
    0.0008685864788398057,
    0.0006350791896146957,
    0.0008251430863428499,
    0.0007064833269739834,
    0.0005418519603993532,
    0.0007952505383642672,
    0.0007312182282207536,
    0.0007058282820053829,
    0.0007213192165883564,
    0.00043104953754680153,
    0.0005410713786504484,
    0.0009542258569530393,
    0.002285046772387833,
    0.0007712404761225367,
    0.0007329298951018748,
    0.000388247591137203,
    0.0007487054302330876,
    0.00040793274450556805,
    0.00045181295230878327,
    0.0003397569754171048,
    0.0002965287510720005,
    0.00036637750125079194,
    0.00028184814939902214,
    0.00037995620541153574,
    0.00026795664971746014,
    0.0005714095127883345,
    0.00024584132911409373,
    0.0006490973372750286,
    0.00025148649328665673,
    0.0005180586179478475,
    0.000269811004486864,
    0.0006721469910005995,
    0.0003673899830709537,
    0.0008160203865781313,
    0.0013174862371996277,
    0.010991011702267017,
    0.0017059833996815321,
    0.0004757729134159394,
    0.000575927809730481,
    0.0005839750351382955,
    0.0014158199035957386,
    0.0021540969613159655,
    0.001610641901360732,
    0.002363116797057141,
    0.0010279200330860494,
    0.0007735637230051884,
    0.0017719508330633627,
    0.0019594569147438623,
    0.0022631921243299047,
    0.0014621560800412992,
    0.0018140547651224193,
    0.005268487819229395,
    0.011181467551388713,
    0.03301222010096161,
    0.030724846612306456,
    0.13284214846307374
  ],
  "energy_ratio": {
    "k4": [
      0.9636608384267128,
      0.9624176749850283,
      0.9618474033386266,
      0.960753621194153,
      0.9602505347173674,
      0.9600901215463923,
      0.9588475428579589,
      0.9592206801971908,
      0.9577746301034163,
      0.9582103796617203,
      0.9569888773666088,
      0.9551456914809263,
      0.9561000896801723,
      0.9538765917004193,
      0.9522653461463835,
      0.9509948465593916,
      0.9517149700581985,
      0.948577833973878,
      0.9478016491237671,
      0.9453163329700026,
      0.9434847977451588,
      0.9412273670598763,
      0.9395138294918918,
      0.9378576879944177,
      0.9357067222648369,
      0.9346557452609927,
      0.9327926784103338,
      0.9312505459329541,
      0.9293146245579235,
      0.9277326499551353,
      0.9260776551557567,
      0.9245366224256757,
      0.9222413935693353,
      0.9211673281895016,
      0.9190875128991505,
      0.9167840717986575,
      0.9144785723834025,
      0.9132112976032012,
      0.911115119190803,
      0.9097474337350865,
      0.907743846662832,
      0.9055654763559748,
      0.9035138670128036,
      0.9010343665504315,
      0.8987491906264975,
      0.8969917995867313,
      0.8951041235139857,
      0.8926473574404361,
      0.8907697849294757,
      0.8887240703877501,
      0.8865469592818614,
      0.884769005966454,
      0.8825756392132178,
      0.8805073195434059,
      0.8778397371399554,
      0.8755363809916616,
      0.8728686915269415,
      0.8705469862259739,
      0.8679373560348485,
      0.8656271043484707,
      0.8622594217524564,
      0.8596206116966142,
      0.8569227810850797,
      0.8534725104380559,
      0.8507907917997419,
      0.8478350052986131,
      0.8441852591279704,
      0.8408739649171155,
      0.8374881386292952,
      0.8333603305004519,
      0.8299467144471017,
      0.8257854611949397,
      0.822334070868392,
      0.8185016685135889,
      0.8145502795927904,
      0.8103549791303812,
      0.8062287070028977,
      0.8033088041506702,
      0.7994567058774459,
      0.7961251500528895,
      0.7922341433096255,
      0.789480254854739,
      0.7860182360013568,
      0.7819020682128293,
      0.7770396049951015,
      0.7728720096599139,
      0.7685889567084953,
      0.7636383904492272,
      0.7582599999366418,
      0.7545508847597667,
      0.751280907090896,
      0.7491762284442592,
      0.7459417988614935,
      0.7415086806979527,
      0.7425619323987617,
      0.7437876761128732,
      0.7453491593079081,
      0.7474441355647914,
      0.751199315337354,
      0.7910438677585822
    ],