{
  "block": "model_output_blocks_11",
  "target_block_name": "model.output_blocks.11",
  "T": 100,
  "C": 128,
  "N": 32,
  "H": 128,
  "W": 128,
  "rank_r": 69,
  "representative_t": 99,
  "energy_threshold": 0.98,
  "actual_energy_at_r": 0.9803851454242087,
  "timesteps": [
    0,
    1,
    2,
    3,
    4,
    5,
    6,
    7,
    8,
    9,
    10,
    11,
    12,
    13,
    14,
    15,
    16,
    17,
    18,
    19,
    20,
    21,
    22,
    23,
    24,
    25,
    26,
    27,
    28,
    29,
    30,
    31,
    32,
    33,
    34,
    35,
    36,
    37,
    38,
    39,
    40,
    41,
    42,
    43,
    44,
    45,
    46,
    47,
    48,
    49,
    50,
    51,
    52,
    53,
    54,
    55,
    56,
    57,
    58,
    59,
    60,
    61,
    62,
    63,
    64,
    65,
    66,
    67,
    68,
    69,
    70,
    71,
    72,
    73,
    74,
    75,
    76,
    77,
    78,
    79,
    80,
    81,
    82,
    83,
    84,
    85,
    86,
    87,
    88,
    89,
    90,
    91,
    92,
    93,
    94,
    95,
    96,
    97,
    98,
    99
  ],
  "subspace_dist": [
    0.0,
    0.019572023708302244,
    0.002939535139324656,
    0.011487809958317441,
    0.00420906713828284,
    0.0111261539206855,
    0.010362466304117857,
    0.004394572104541972,
    0.005469480885721856,
    0.005610542854506351,
    0.004379307760245865,
    0.005894001638429458,
    0.015478893966677343,
    0.010674399264725465,
    0.011288421197001908,
    0.003971118134481033,
    0.011240385677922626,
    0.009701872566107661,
    0.00745055939853867,
    0.0049138020108659974,
    0.003523086395723185,
    0.00215264281938643,
    0.0024684568523407613,
    0.001394461343483866,
    0.0013904653052270177,
    0.0010998241062618597,
    0.0026010957804613044,
    0.004809053923497064,
    0.0008663926188767768,
    0.001179560047543271,
    0.0009421597948409133,
    0.0040649888694169745,
    0.0024642340629246196,
    0.0038520546101814546,
    0.0032493792184340453,
    0.0009413565702395266,
    0.0011660918976253987,
    0.0017583925991091487,
    0.0009622145746250865,
    0.0011712011722512239,
    0.0005211298859169045,
    0.0006330354634536128,
    0.00115550994892899,
    0.000791247026572961,
    0.0008791575937328044,
    0.0006070273651741509,
    0.0021322436117601207,
    0.0008257822300451467,
    0.001097006777109888,
    0.00043400010884853124,
    0.0006748227877062529,
    0.0004348707313257538,
    0.0006905326147789159,
    0.0003959235520767379,
    0.0005821047308515181,
    0.000720465001411319,
    0.0003759839791840358,
    0.00035539845260779135,
    0.00040446186710207943,
    0.0004273127315009839,
    0.0013017740588103788,
    0.0006499483899508052,
    0.000863477743197949,
    0.00037438869991468504,
    0.0004965419001650151,
    0.0009349101846793939,
    0.0005022358576453057,
    0.0005546201385240312,
    0.000529010708080313,
    0.001012724718494007,
    0.00043890752408271005,
    0.0010617866097075712,
    0.0004913620705881971,
    0.0008720470799181701,
    0.0001955942539011435,
    0.0010759248041356528,
    0.0001602754930194461,
    0.0006120852289515089,
    0.0004722644133128284,
    0.0003500498374032768,
    0.00022745766945875268,
    0.00037965465144229604,
    0.00019017709143787087,
    0.00032812835236362137,
    0.000994032534587963,
    0.000713508879048419,
    0.00030725298667400036,
    0.0006203131867822398,
    0.0005666368556876966,
    0.0005245686508553726,
    0.0007454660269103908,
    0.0008066292433096534,
    0.003066548209157749,
    0.005077670615204144,
    0.001880196883287888,
    0.002329756071088207,
    0.007359230479010326,
    0.024836229457688597,
    0.038447085051655394,
    0.11891493318657598
  ],
  "energy_ratio": {
    "k4": [
      0.9589690540711535,
      0.9560545585435257,
      0.9530773350724018,
      0.9511621142990918,
      0.9490896588272011,
      0.947909169703841,
      0.9441661270946403,
      0.9440525892637246,
      0.9401047237162389,
      0.9399930127493771,
      0.9367484376818837,
      0.9327745806280692,
      0.9327207107958488,
      0.9282023734928188,
      0.9236112858990986,
      0.9199093708056191,
      0.9198519285740377,
      0.9124176121094209,
      0.9102645601927426,
      0.905312379819723,
      0.9012558649058504,
      0.8964390238354086,
      0.8934025795939906,
      0.8896577990828838,
      0.8857102097058409,
      0.8847090827633061,
      0.8802334407478369,
      0.8774367228801626,
      0.8738393471823532,
      0.8696991404636131,
      0.8663465794195438,
      0.8654513713723874,
      0.8589818806988551,
      0.8566437962674266,
      0.8518354518502843,
      0.8482422655693014,
      0.8419822511992605,
      0.8395784998718835,
      0.8346740828847102,
      0.8323813358974492,
      0.8271623465040281,
      0.8230346680947536,
      0.8178701671645241,
      0.814213626623089,
      0.8090358494513396,
      0.8056547303182847,
      0.8010951282679376,
      0.7964196978519085,
      0.7925857872741807,
      0.7890206681955817,
      0.7851624934455398,
      0.7814721250096958,
      0.7776281235049886,
      0.7743900062469551,
      0.7705974199659148,
      0.7670017003744383,
      0.7619238954073588,
      0.7584077891257923,
      0.754433353079057,
      0.7514815750329111,
      0.7472243746948629,
      0.7436681968070793,
      0.7405539947960401,
      0.7360040350471676,
      0.7325791899717071,
      0.7298237450409234,
      0.7257205877514104,
      0.7221166020377255,
      0.718919282953568,
      0.7146758145301858,
      0.7114419090285738,
      0.7076459600979351,
      0.7041154558033653,
      0.7010904776672302,
      0.6978545342460967,
      0.6941016507137139,
      0.6901132906267697,
      0.6875732928403072,
      0.682767712573703,
      0.6797269949125785,
      0.6756998986226093,
      0.6728059163519277,
      0.6687697868276581,
      0.6653434476930191,
      0.659875891693346,
      0.6562674019298307,
      0.6530323054157517,
      0.6485968244177379,
      0.644303324303596,
      0.6408658614102237,
      0.636587937044785,
      0.6335120166598333,
      0.6297517401172128,
      0.6253919770624965,
      0.6218135225595772,
      0.6171916400595724,
      0.61339626771697,
      0.6090570607514962,
      0.6069532378785031,
      0.6622268150080415
    ],