{
  "block": "model_input_blocks_10",
  "target_block_name": "model.input_blocks.10",
  "T": 100,
  "C": 384,
  "N": 32,
  "H": 16,
  "W": 16,
  "rank_r": 251,
  "representative_t": 99,
  "energy_threshold": 0.98,
  "actual_energy_at_r": 0.980218899687713,
  "timesteps": [
    0,
    1,
    2,
    3,
    4,
    5,
    6,
    7,
    8,
    9,
    10,
    11,
    12,
    13,
    14,
    15,
    16,
    17,
    18,
    19,
    20,
    21,
    22,
    23,
    24,
    25,
    26,
    27,
    28,
    29,
    30,
    31,
    32,
    33,
    34,
    35,
    36,
    37,
    38,
    39,
    40,
    41,
    42,
    43,
    44,
    45,
    46,
    47,
    48,
    49,
    50,
    51,
    52,
    53,
    54,
    55,
    56,
    57,
    58,
    59,
    60,
    61,
    62,
    63,
    64,
    65,
    66,
    67,
    68,
    69,
    70,
    71,
    72,
    73,
    74,
    75,
    76,
    77,
    78,
    79,
    80,
    81,
    82,
    83,
    84,
    85,
    86,
    87,
    88,
    89,
    90,
    91,
    92,
    93,
    94,
    95,
    96,
    97,
    98,
    99
  ],
  "subspace_dist": [
    0.0,
    0.023145114282003054,
    0.021949425498706265,
    0.018640338399249723,
    0.01599715422685488,
    0.02507228756967339,
    0.020654677956425838,
    0.010861730866536967,
    0.012970285219034094,
    0.006623251184146528,
    0.011046115610504947,
    0.008706943121443045,
    0.016269687669705934,
    0.018367367203163676,
    0.015960707803841845,
    0.010752685796436068,
    0.010265527619151227,
    0.010762791078503975,
    0.01132520802855752,
    0.018113407638325807,
    0.012016076504604567,
    0.00648833553045014,
    0.004880268334188753,
    0.005854533894351088,
    0.004874692733358499,
    0.004858776275977861,
    0.005265994359102355,
    0.006644403662315779,
    0.004247019675415187,
    0.006460896809430072,
    0.006997152211187463,
    0.004757499064825033,
    0.0054914639133025744,
    0.003324183718682927,
    0.0035051632245544084,
    0.002829343712641652,
    0.006669926100511425,
    0.003824600147530499,
    0.0022336382481660255,
    0.0022877767821732897,
    0.0026342612041762026,
    0.0025579451327204517,
    0.0036262089711478485,
    0.004875544491507622,
    0.0039025993919085122,
    0.004841734886924187,
    0.005273640384088396,
    0.003409582313145698,
    0.005621985306665023,
    0.0018355082729057948,
    0.0022766720947737795,
    0.0024447494082560084,
    0.002111776709579072,
    0.002083947996888602,
    0.0027370527013066415,
    0.003661168672905002,
    0.0022360234020125658,
    0.0020010792965359236,
    0.002235156710474029,
    0.0016830158703297071,
    0.0022130195514813433,
    0.001972742293939178,
    0.0021583374435499847,
    0.0021909918762936798,
    0.001937266603690535,
    0.002413079266629148,
    0.0015648945124527858,
    0.0016941150989462361,
    0.002269177579534265,
    0.0036021737666962483,
    0.0017523465098229218,
    0.0012903023763466415,
    0.0015029448445260662,
    0.001491106165311673,
    0.0016331923736704335,
    0.0024720272327636295,
    0.001503398618987073,
    0.0018422195405047859,
    0.0011741737458214052,
    0.0018781444044164708,
    0.0027548516170735615,
    0.0013001031189513457,
    0.0011508963608516387,
    0.003841496499549457,
    0.0014049977149847015,
    0.004744723602830736,
    0.002191318122427899,
    0.0015637225556601742,
    0.0017096284306359344,
    0.0015975043583751347,
    0.0017149047057252176,
    0.0023767075491901712,
    0.002047271500086101,
    0.0019723666558295605,
    0.0021179929000763043,
    0.0026177322893796706,
    0.006120963194899298,
    0.005547612128008805,
    0.010240200705900704,
    0.05130857491678176
  ],
  "energy_ratio": {
    "k4": [
      0.6570130212505961,
      0.6485988887764792,
      0.6342703462673298,
      0.6288401698990058,
      0.6256876719964527,
      0.6213824245948676,
      0.6143551608909951,
      0.6136470233189464,
      0.6068965069566713,
      0.6033497333567645,
      0.5995642314343924,
      0.5947863400748408,
      0.5946173843501955,
      0.5911396789174942,
      0.585789604116462,
      0.5794324033926135,
      0.5790830053780012,
      0.5732685334290465,
      0.5718933665702194,
      0.5624993552360624,
      0.5599179156327435,
      0.5549392494116865,
      0.5496740728892798,
      0.5461128925341014,
      0.5406573937850914,
      0.5362920394887155,
      0.5336060286415826,
      0.5291404824371275,
      0.5261768680691963,
      0.5260261543241294,
      0.5235969945837261,
      0.5200837991543055,
      0.518714738836004,
      0.5159430738760322,
      0.5132596465329577,
      0.510658448948523,
      0.5070517636962423,
      0.5038595157999767,
      0.5004786021667054,
      0.49915748496070106,
      0.49698548913431145,
      0.4930043266226941,
      0.4913071216220834,
      0.48773837427479844,
      0.48529841756197073,
      0.48279895857383937,
      0.48014459113903785,
      0.47671898730053935,
      0.47366373723955474,
      0.4712022187406289,
      0.4677904213587537,
      0.4638028637580707,
      0.4601408647299617,
      0.45781731529296343,
      0.45415866964874624,
      0.4509755317433745,
      0.4471712767470994,
      0.4432237423842406,
      0.44027107114559283,
      0.4395809828023902,
      0.4355386328396023,
      0.43182309906755495,
      0.42901366456578854,
      0.4250047202997698,
      0.4226046587740686,
      0.41920603932931927,
      0.4158378149596027,
      0.4133687783505993,
      0.41058800195543704,
      0.407221315406974,
      0.40443961773268877,
      0.40171440695333865,
      0.39849092941313835,
      0.39577628828377626,
      0.3927530277317795,
      0.38981581248844943,
      0.3865524593284047,
      0.385220840235201,
      0.3816756530235548,
      0.3785677831670438,
      0.374878220365322,
      0.3725864261438185,
      0.3697748964216439,
      0.3661364486113633,
      0.36309692885499606,
      0.3602586213859667,
      0.35741578025894316,
      0.3541959657334034,
      0.35078396911326787,
      0.347615707179325,
      0.34468756883923,
      0.3408500277397424,
      0.33613882241300086,
      0.3322797722098724,
      0.3282037101338829,
      0.3232601640585131,
      0.3174570235050953,
      0.31149048942369284,
      0.30765875537650367,
      0.33760676026015934
    ],