{
  "block": "model_input_blocks_5",
  "target_block_name": "model.input_blocks.5",
  "T": 100,
  "C": 128,
  "N": 32,
  "H": 64,
  "W": 64,
  "rank_r": 94,
  "representative_t": 99,
  "energy_threshold": 0.98,
  "actual_energy_at_r": 0.9807419925739909,
  "timesteps": [
    0,
    1,
    2,
    3,
    4,
    5,
    6,
    7,
    8,
    9,
    10,
    11,
    12,
    13,
    14,
    15,
    16,
    17,
    18,
    19,
    20,
    21,
    22,
    23,
    24,
    25,
    26,
    27,
    28,
    29,
    30,
    31,
    32,
    33,
    34,
    35,
    36,
    37,
    38,
    39,
    40,
    41,
    42,
    43,
    44,
    45,
    46,
    47,
    48,
    49,
    50,
    51,
    52,
    53,
    54,
    55,
    56,
    57,
    58,
    59,
    60,
    61,
    62,
    63,
    64,
    65,
    66,
    67,
    68,
    69,
    70,
    71,
    72,
    73,
    74,
    75,
    76,
    77,
    78,
    79,
    80,
    81,
    82,
    83,
    84,
    85,
    86,
    87,
    88,
    89,
    90,
    91,
    92,
    93,
    94,
    95,
    96,
    97,
    98,
    99
  ],
  "subspace_dist": [
    0.0,
    0.002026527414438095,
    0.0022192918162404762,
    0.020141210560527645,
    0.013143469203946156,
    0.0315700307856821,
    0.03065863810199232,
    0.004961625324991448,
    0.01680774016782638,
    0.0045173822768768135,
    0.016374743526762048,
    0.013300315377720029,
    0.046719600375058845,
    0.030835481036444068,
    0.026494474853833272,
    0.023376510107803616,
    0.019123545380546836,
    0.024307672128974667,
    0.015191388383596238,
    0.045384783539413664,
    0.033025126478395506,
    0.002891024952465293,
    0.0038073030438040556,
    0.001557329332673496,
    0.018183777652077793,
    0.001822682383557317,
    0.0015017513491846213,
    0.007095389988502232,
    0.007272693317740275,
    0.009847345187282142,
    0.006162278053768899,
    0.0037341393099814546,
    0.00418430780274337,
    0.0017262944979704598,
    0.0030012588844380295,
    0.003800711516229738,
    0.0022689731159563076,
    0.004269962320946119,
    0.0030461878657600527,
    0.0038041958592424097,
    0.0031139109337512405,
    0.01176824691191436,
    0.004982058855529603,
    0.0015725351942134091,
    0.0009648962294439567,
    0.0012082491751845836,
    0.0009585435509593676,
    0.0016222708419265652,
    0.0012273451609541297,
    0.0014550293125381586,
    0.001783226780024072,
    0.0010387381694669795,
    0.0010275257540242055,
    0.000653153894754066,
    0.0012052969097269273,
    0.0010297124610063602,
    0.0007113218109074948,
    0.0009021044004284828,
    0.0034239940616143105,
    0.0013160911575393897,
    0.0008415329206652444,
    0.002671729493200492,
    0.001414283784302639,
    0.00068237013567507,
    0.0004973126481794266,
    0.0005370279240182185,
    0.0009023398159045959,
    0.0005910914181833649,
    0.0005434581553926954,
    0.0005411365474894403,
    0.0009771939585963008,
    0.004635735311861899,
    0.0005510825555423704,
    0.0005419110499531588,
    0.0005646585732604903,
    0.0006211338254861198,
    0.000530313815680028,
    0.0006565465343045807,
    0.0006025815518987399,
    0.0007272013708009561,
    0.0009382809902693801,
    0.0008339106800477891,
    0.0006845961721871907,
    0.0009537173461821036,
    0.006889795369485863,
    0.001129166600893794,
    0.0006170529771792888,
    0.0008097330955464388,
    0.0009734563417052033,
    0.0007869894915770725,
    0.0008831995347633459,
    0.0006501213342082757,
    0.011079394732414705,
    0.0010738232970383121,
    0.0015451466464611041,
    0.0020444677115488696,
    0.0031239987212779985,
    0.005537815677260527,
    0.011123114007518198,
    0.057540311808162325
  ],
  "energy_ratio": {
    "k4": [
      0.9006292755126427,
      0.9027069011460896,
      0.9016215824880589,
      0.9120029783628582,
      0.9077518173514513,
      0.9178909970028604,
      0.910131474290557,
      0.9094140901641989,
      0.9156052045152212,
      0.9191560300719092,
      0.9152476052400416,
      0.920776878365603,
      0.9172646790462547,
      0.9167875943777082,
      0.9167318910326503,
      0.9189262890007006,
      0.9240317566836622,
      0.9112567283312356,
      0.911536705356958,
      0.9281184166511627,
      0.9210847225596267,
      0.9185118658977248,
      0.9203666682079907,
      0.9200087602614653,
      0.9258192730351942,
      0.9254819852527282,
      0.9241949480978651,
      0.9236139099488904,
      0.9229115190458843,
      0.9206776731202052,
      0.9188844622374847,
      0.917189583948272,
      0.9161689101784637,
      0.9140250728536035,
      0.9079217079871194,
      0.9092205602344188,
      0.9063358058111814,
      0.9032708897017734,
      0.8995586578071879,
      0.8969890937341612,
      0.8923577953445846,
      0.8892161916171646,
      0.8898906545086261,
      0.8862379974417842,
      0.8829215355560985,
      0.8795425705105664,
      0.877324127680301,
      0.8717655745543844,
      0.8690744519736938,
      0.8671183654077438,
      0.8630348226663982,
      0.859675339750537,
      0.8555745496922402,
      0.8532257802694441,
      0.8507288308979113,
      0.8465308065598237,
      0.8419793071389908,
      0.8384176901181938,
      0.8341574266486503,
      0.8342616362216538,
      0.8283062015932466,
      0.8241418114460102,
      0.8202516097190127,
      0.8151364598643225,
      0.8126497498648708,
      0.8096875471619521,
      0.8025144906351094,
      0.7993147446857393,
      0.7944178342573516,
      0.7903630693645128,
      0.7863531105246968,
      0.7813758179766124,
      0.7764980131699953,
      0.7719232059460186,
      0.7669145006768823,
      0.7585502033191065,
      0.7522491780579067,
      0.7458446400584503,
      0.741153704771938,
      0.7325085542593396,
      0.7221664960089493,
      0.7169364802262573,
      0.7101838859679319,
      0.6982680483404611,
      0.6859322014035973,
      0.6769352348538009,
      0.6656177185741199,
      0.6501199113963244,
      0.6329542846903513,
      0.61666978661304,
      0.5985299056756624,
      0.5795839207414868,
      0.5553667746801313,
      0.5291154631306526,
      0.501883948254891,
      0.46740552295181714,
      0.43018988627439136,
      0.3865600552564581,
      0.33905048596628307,
      0.302808209978462
    ],