{
  "block": "model_input_blocks_13",
  "target_block_name": "model.input_blocks.13",
  "T": 100,
  "C": 512,
  "N": 32,
  "H": 8,
  "W": 8,
  "rank_r": 375,
  "representative_t": 99,
  "energy_threshold": 0.98,
  "actual_energy_at_r": 0.9801547689176633,
  "timesteps": [
    0,
    1,
    2,
    3,
    4,
    5,
    6,
    7,
    8,
    9,
    10,
    11,
    12,
    13,
    14,
    15,
    16,
    17,
    18,
    19,
    20,
    21,
    22,
    23,
    24,
    25,
    26,
    27,
    28,
    29,
    30,
    31,
    32,
    33,
    34,
    35,
    36,
    37,
    38,
    39,
    40,
    41,
    42,
    43,
    44,
    45,
    46,
    47,
    48,
    49,
    50,
    51,
    52,
    53,
    54,
    55,
    56,
    57,
    58,
    59,
    60,
    61,
    62,
    63,
    64,
    65,
    66,
    67,
    68,
    69,
    70,
    71,
    72,
    73,
    74,
    75,
    76,
    77,
    78,
    79,
    80,
    81,
    82,
    83,
    84,
    85,
    86,
    87,
    88,
    89,
    90,
    91,
    92,
    93,
    94,
    95,
    96,
    97,
    98,
    99
  ],
  "subspace_dist": [
    0.0,
    0.011780833438853389,
    0.011433690890456205,
    0.00838269306228523,
    0.007611363083367628,
    0.008635947507295794,
    0.007785562682882552,
    0.004276682576025759,
    0.006650792311800657,
    0.005956608943765818,
    0.005232646180710621,
    0.004720735938724685,
    0.0073696868823263095,
    0.0074735837986036335,
    0.005884555880019682,
    0.0045585141032070675,
    0.004607881116499235,
    0.005345243924764098,
    0.005877649462759815,
    0.007374670565768016,
    0.006102299315811299,
    0.005792412121564006,
    0.006283128991035336,
    0.005004003253279765,
    0.004019482951137632,
    0.004668411858733679,
    0.004774043724717902,
    0.0057450689869495974,
    0.005665349013436294,
    0.005882870317138411,
    0.005048185701878705,
    0.004901371158938073,
    0.003350857915368599,
    0.004574920263119564,
    0.004814221100127081,
    0.005015476333215418,
    0.004271575042461673,
    0.003836359219981156,
    0.0037948985859652673,
    0.003405698198798768,
    0.004436108411745354,
    0.004171936788175734,
    0.002427737224488302,
    0.003859715997710178,
    0.003578629613326778,
    0.003155573002928236,
    0.003181404712356395,
    0.004080106185734178,
    0.003091337239718883,
    0.004476704811468557,
    0.004749487325779733,
    0.003985770194593341,
    0.003949284324732294,
    0.0042406034512364466,
    0.0035631231107805528,
    0.003800559298177353,
    0.002785987554285385,
    0.002476849372161083,
    0.0031744275739886696,
    0.002382319409931055,
    0.0026152515968494994,
    0.0035883490128391093,
    0.0026480775509588605,
    0.0033637989878049224,
    0.00471916786839921,
    0.004425474850975775,
    0.005101374516462642,
    0.003980046421141359,
    0.003994969752147304,
    0.004051117333058185,
    0.003339890129389178,
    0.0024011285096329216,
    0.002603676509853714,
    0.0023812137427321467,
    0.0030000342546911973,
    0.001961950865868145,
    0.0033461795997274946,
    0.003666061292830869,
    0.002673910420738168,
    0.0034115822477481794,
    0.0033349498189222393,
    0.002178547446104573,
    0.0034643946584016483,
    0.002130145037036346,
    0.0016553628606846837,
    0.0018182913798397982,
    0.0016929781072592132,
    0.001462367797844255,
    0.0015380437640225564,
    0.0015855391742450875,
    0.001284957372533868,
    0.0015087850085198085,
    0.002282673472865593,
    0.00407065787560168,
    0.0017591851930857105,
    0.002752486218648431,
    0.003995840239145343,
    0.005752176635216211,
    0.008114629832371212,
    0.03382729800818862
  ],
  "energy_ratio": {
    "k4": [
      0.18428999317179867,
      0.18182648452323916,
      0.1759601237497296,
      0.1756456458746062,
      0.17492284200730934,
      0.1740048122038592,
      0.17437838424948895,
      0.17434956193052326,
      0.17159456426652991,
      0.1727756436242694,
      0.17301879523253058,
      0.17116955083259094,
      0.17241121061873793,
      0.1723978234013316,
      0.17201073934589492,
      0.17006120313727327,
      0.17039977872304887,
      0.17061293334530814,
      0.17166300604744256,
      0.16877943631524894,
      0.16879702204138577,
      0.1681708464376771,
      0.16758738448823426,
      0.16626063174181846,
      0.16477646207070112,
      0.16634389107257497,
      0.16591801161374778,
      0.1639294040638819,
      0.16396651813567187,
      0.16449010734110187,
      0.16392531778850156,
      0.16314296492006494,
      0.16357096819567704,
      0.1639635672410861,
      0.16393853877570108,
      0.16382412545846955,
      0.1635576348570809,
      0.16323566354502628,
      0.16303915970923752,
      0.16235667014949093,
      0.16177849252275034,
      0.16135726061003028,
      0.16125206315935986,
      0.16217915234815444,
      0.16165330601302688,
      0.16183296982176448,
      0.16151884292993135,
      0.16051279212977676,
      0.16085137050098539,
      0.16126842282905815,
      0.16021309708167503,
      0.1595090949427809,
      0.1609970504356016,
      0.16149873783805574,
      0.16059655006068882,
      0.16178308931754007,
      0.1610519064231584,
      0.16111673785040087,
      0.16116885278514173,
      0.1610127092219861,
      0.1604738491968119,
      0.1611281197781755,
      0.1602818948841021,
      0.1605340317565141,
      0.1599829934606326,
      0.1609507795291552,
      0.16152277592648898,
      0.1609263667791378,
      0.16063223765247173,
      0.16062898592142172,
      0.16079826695219918,
      0.16062525917374154,
      0.1610107175315131,
      0.16114362481264358,
      0.16175750540033818,
      0.16185850461343787,
      0.1609521802820393,
      0.16160591088019985,
      0.1607716955836004,
      0.16221927508301628,
      0.1615646915356192,
      0.16203778680312256,
      0.1622534550539735,
      0.16109620931312402,
      0.1626048042002376,
      0.1615252816846962,
      0.16225477993551918,
      0.1627109250925988,
      0.16190247639097174,
      0.16294246350763014,
      0.162503094077954,
      0.1628944813106421,
      0.16195692292786948,
      0.1624883253209223,
      0.1610501558486202,
      0.1610517049944376,
      0.16102191165107713,
      0.15935978216691327,
      0.15746874202246675,
      0.16856853035826547
    ],