{
  "block": "model_input_blocks_0",
  "target_block_name": "model.input_blocks.0",
  "T": 100,
  "C": 128,
  "N": 32,
  "H": 128,
  "W": 128,
  "rank_r": 6,
  "representative_t": 99,
  "energy_threshold": 0.98,
  "actual_energy_at_r": 0.990648666270643,
  "timesteps": [
    0,
    1,
    2,
    3,
    4,
    5,
    6,
    7,
    8,
    9,
    10,
    11,
    12,
    13,
    14,
    15,
    16,
    17,
    18,
    19,
    20,
    21,
    22,
    23,
    24,
    25,
    26,
    27,
    28,
    29,
    30,
    31,
    32,
    33,
    34,
    35,
    36,
    37,
    38,
    39,
    40,
    41,
    42,
    43,
    44,
    45,
    46,
    47,
    48,
    49,
    50,
    51,
    52,
    53,
    54,
    55,
    56,
    57,
    58,
    59,
    60,
    61,
    62,
    63,
    64,
    65,
    66,
    67,
    68,
    69,
    70,
    71,
    72,
    73,
    74,
    75,
    76,
    77,
    78,
    79,
    80,
    81,
    82,
    83,
    84,
    85,
    86,
    87,
    88,
    89,
    90,
    91,
    92,
    93,
    94,
    95,
    96,
    97,
    98,
    99
  ],
  "subspace_dist": [
    0.0,
    1.3720048308574206e-07,
    1.893372413297456e-07,
    2.7647695077792633e-07,
    3.0295170960759066e-07,
    2.1510818826175893e-07,
    3.2666441140971614e-07,
    3.267468930978623e-07,
    4.109879693237062e-07,
    6.621549868413013e-07,
    5.461956641417132e-07,
    1.127200607853318e-06,
    8.005879026384832e-07,
    6.557006893004313e-07,
    8.527448206452348e-07,
    8.43447524601082e-07,
    1.154962072202892e-06,
    1.2478141648841756e-06,
    1.2356395640011897e-06,
    2.0383743012386546e-06,
    2.194514468256692e-06,
    2.7712063372931084e-06,
    4.012350118265395e-06,
    1.1046741825726514e-05,
    8.642140209125238e-06,
    1.5463501816914693e-05,
    1.2395030845269162e-05,
    2.6287886661813253e-05,
    2.5025599687977795e-05,
    3.515981503354748e-05,
    4.668374014615839e-05,
    5.8345933575787434e-05,
    7.638691428002442e-05,
    0.00010109914058276104,
    0.00013803467212492038,
    0.0001774690788486355,
    0.00022550997763237657,
    0.0002906503539005234,
    0.0003722083953038302,
    0.0004346738705790498,
    0.0005399286520620938,
    0.0006028862404258151,
    0.000629594483836815,
    0.0005995481861887919,
    0.0006140489878013744,
    0.0005314905291928795,
    0.0004841769028914866,
    0.0004343885985788054,
    0.00039062911202225603,
    0.0003721340298968867,
    0.0003550607473767897,
    0.00035526509957417574,
    0.00036690969560382314,
    0.00039678484158989225,
    0.0004357895471051032,
    0.0004908395753239203,
    0.0005433840539277313,
    0.0006171950246426361,
    0.0006856626177685898,
    0.0007370875476041538,
    0.0008035272026786222,
    0.0008678115943422382,
    0.0010524413589295678,
    0.0020189939850858707,
    0.015536561223123968,
    0.06510282651893906,
    0.007193422321078113,
    0.0008082177699759718,
    0.00022867676837767803,
    0.00010886510383201209,
    6.879343821797335e-05,
    4.98047275033775e-05,
    3.9669372359107946e-05,
    3.329139622065824e-05,
    2.936720808632831e-05,
    2.7517781690522547e-05,
    2.7198947403106466e-05,
    2.8342460273944603e-05,
    3.1281038816000084e-05,
    3.7039032129260185e-05,
    4.596618606189651e-05,
    6.0386414938995436e-05,
    8.220622229704322e-05,
    0.00011647829848782099,
    0.00017178305947018746,
    0.00026230268447247074,
    0.00040978019116533204,
    0.0006576889222404958,
    0.0011551537326596195,
    0.0035695078965453098,
    0.11080876347144386,
    0.029832151783878547,
    0.007358830641437053,
    0.003758637573015533,
    0.0028209675321620997,
    0.0024664436467837225,
    0.0019442438157488695,
    0.0012109388797577614,
    0.0005728560186516463,
    0.00016261087475299973
  ],
  "energy_ratio": {
    "k4": [
      0.49616795321973545,
      0.4961707409517001,
      0.49617075038779973,
      0.4961715924227295,
      0.4961704571095175,
      0.4961753587194748,
      0.49618081925048124,
      0.4961831079063885,
      0.4961871818132603,
      0.4961928586265319,
      0.49619608150469485,
      0.4962044077250218,
      0.49620924519008686,
      0.49620816824395764,
      0.49620900282802005,
      0.49620644954200077,
      0.4961984525696985,
      0.4961934180124084,
      0.496186183869411,
      0.49617313800622254,
      0.49615683364583973,
      0.4961401030833638,
      0.4961178059252899,
      0.4960794356692516,
      0.49604456194990476,
      0.49599981615941263,
      0.49595661901480464,
      0.49589532900818956,
      0.49583228801374,
      0.49575681254174575,
      0.49567189879971413,
      0.49557528069832474,
      0.4954669328690564,
      0.4953440681635838,
      0.49520395954614305,
      0.4950455983342499,
      0.4948709418771471,
      0.49467473907707155,
      0.4944538102380566,
      0.49421145257013993,
      0.4939358789286185,
      0.49362884278778596,
      0.49329048244201873,
      0.4929209426842691,
      0.492502252970317,
      0.49205193328934504,
      0.49155740220610555,
      0.4910152425211655,
      0.4904246806156157,
      0.4897752818843782,
      0.489073757698001,
      0.48830743908503005,
      0.48748141582088245,
      0.486589839303843,
      0.4856317432324462,
      0.48460867906721655,
      0.48353305745105285,
      0.4823918767440367,
      0.48120389206781766,
      0.4799812542142185,
      0.47873401362293194,
      0.477519925919384,
      0.4765445450339364,
      0.47711437729548606,
      0.47854850620459544,
      0.4802741562324727,
      0.48227842171260893,
      0.48458732985102804,
      0.48722379531607063,
      0.490225156266198,
      0.4936592893928009,
      0.4975488755996527,
      0.5019909353941174,
      0.507057831012651,
      0.5128240354205043,
      0.5194493088148787,
      0.5270357835099799,
      0.535672220714505,
      0.5454354868717447,
      0.5564185098913862,
      0.568637198177085,
      0.5821366651297366,
      0.5968883914888493,
      0.6128977353607163,
      0.6301901098171693,
      0.6489516313131554,
      0.6694026483229711,
      0.6911760437925846,
      0.7141358813586834,
      0.7379337823845078,
      0.7626726495866982,
      0.7879022674723701,
      0.8142681488193422,
      0.8419663923032201,
      0.8682943300348822,
      0.8922872850442587,
      0.9129976111519408,
      0.9295488517976981,
      0.9414133932662478,
      0.9481238373999307
    ],