{
  "block": "model_input_blocks_2",
  "target_block_name": "model.input_blocks.2",
  "T": 100,
  "C": 128,
  "N": 32,
  "H": 128,
  "W": 128,
  "rank_r": 53,
  "representative_t": 99,
  "energy_threshold": 0.98,
  "actual_energy_at_r": 0.9803186014085161,
  "timesteps": [
    0,
    1,
    2,
    3,
    4,
    5,
    6,
    7,
    8,
    9,
    10,
    11,
    12,
    13,
    14,
    15,
    16,
    17,
    18,
    19,
    20,
    21,
    22,
    23,
    24,
    25,
    26,
    27,
    28,
    29,
    30,
    31,
    32,
    33,
    34,
    35,
    36,
    37,
    38,
    39,
    40,
    41,
    42,
    43,
    44,
    45,
    46,
    47,
    48,
    49,
    50,
    51,
    52,
    53,
    54,
    55,
    56,
    57,
    58,
    59,
    60,
    61,
    62,
    63,
    64,
    65,
    66,
    67,
    68,
    69,
    70,
    71,
    72,
    73,
    74,
    75,
    76,
    77,
    78,
    79,
    80,
    81,
    82,
    83,
    84,
    85,
    86,
    87,
    88,
    89,
    90,
    91,
    92,
    93,
    94,
    95,
    96,
    97,
    98,
    99
  ],
  "subspace_dist": [
    0.0,
    0.0010896881328736896,
    0.0022244998946232553,
    0.002128665500415572,
    0.0008106862191562536,
    0.009724325553416291,
    0.012217099884054061,
    0.004409160615188368,
    0.009618583898677313,
    0.012114324146517141,
    0.006352325350538535,
    0.0015663778753672863,
    0.01243895557523389,
    0.01048296916102287,
    0.0016733572229878924,
    0.008533540319372812,
    0.02652784671856634,
    0.034461441942882254,
    0.022029046717862544,
    0.016129811337748823,
    0.005178302509165733,
    0.002379609317589404,
    0.004656461859227079,
    0.001707317572864131,
    0.0025280507635987437,
    0.0006498755001785872,
    0.0019017810845011196,
    0.004142421739073421,
    0.0016427203306395022,
    0.0050515160868881415,
    0.0015189792360280618,
    0.0032456855549367614,
    0.007826755644136596,
    0.0012077053543065874,
    0.0012234042241373588,
    0.0018576025496697124,
    0.004032489112935855,
    0.0024724120033133845,
    0.002105029523636004,
    0.0026822190092082865,
    0.0020524433214780258,
    0.004991840504861567,
    0.009164258257252311,
    0.0036199471776710013,
    0.0010896592557868567,
    0.0009220679960969536,
    0.009151206909102982,
    0.012451354810523396,
    0.0018179454443374432,
    0.0019732434318940895,
    0.0038659354195209605,
    0.0028213168361268526,
    0.00346667971284631,
    0.0020485750179787265,
    0.0027934607300440506,
    0.0007151795803663763,
    0.0007655295138973006,
    0.0006202687124036155,
    0.0007672169473820212,
    0.0003982965927956661,
    0.0005153225405044592,
    0.0009247249158714776,
    0.0012225168341565285,
    0.0011344958457232268,
    0.0008961162318391613,
    0.0009309371762429297,
    0.0017182020425712263,
    0.000903526915878472,
    0.001164162542743763,
    0.0012112510708343072,
    0.001148011824556816,
    0.0017124603088789492,
    0.0014542715912858606,
    0.0011493932453994216,
    0.0009130569690813939,
    0.0023956299698715267,
    0.0017115653464027103,
    0.0013999954869126086,
    0.002384803210611519,
    0.0023927789680067146,
    0.005199831831928181,
    0.0025715824268287557,
    0.0031858750999835816,
    0.0024850023191838044,
    0.0021849977724177627,
    0.001361358300524973,
    0.019329106696886367,
    0.002359051072152729,
    0.0029001058422623016,
    0.002721953757137463,
    0.004155284797148995,
    0.0032825550059766284,
    0.004096434284858286,
    0.004008428584827639,
    0.004345397570969856,
    0.01916857382645476,
    0.008715611412928648,
    0.022186497081556067,
    0.026009536094843688,
    0.11207046353689143
  ],
  "energy_ratio": {
    "k4": [
      0.8825060708562469,
      0.8826292200750576,
      0.8826268990254806,
      0.8834203033931115,
      0.8847279422320129,
      0.88852979761026,
      0.8838950477906791,
      0.8849522871974945,
      0.8838272410641195,
      0.8880415978765905,
      0.8860302898335678,
      0.8863275014659157,
      0.892439098513155,
      0.8876972450737813,
      0.8905701141373389,
      0.8872260783135538,
      0.8945026680748521,
      0.887089361021798,
      0.8911951812580137,
      0.8914456271687261,
      0.8926433752480408,
      0.8926371328154711,
      0.8929091571389342,
      0.8931075279999016,
      0.8955544950549107,
      0.8957461850960012,
      0.8964913020315897,
      0.8982686864520959,
      0.8988449356456428,
      0.8986788322672586,
      0.9001931019846705,
      0.8992376835458367,
      0.9009595394698585,
      0.9017987339558723,
      0.9021388679916735,
      0.9033102944719424,
      0.9023404006058641,
      0.9035031016721319,
      0.9024761692740776,
      0.9022557256194432,
      0.9024800253705556,
      0.9006509172356839,
      0.9013515435219684,
      0.9012899624180502,
      0.9002986302321814,
      0.8997563003966398,
      0.9000975442319574,
      0.8988137204835723,
      0.8971741201561823,
      0.8976508862795554,
      0.8955135100749672,
      0.893455596327766,
      0.8924067116431555,
      0.8907038425331884,
      0.8902513188212814,
      0.8881724588915363,
      0.8851748128453977,
      0.8842151994351706,
      0.8821109943393299,
      0.8806740667509587,
      0.8787718971939424,
      0.8747923919670875,
      0.8731507359792179,
      0.8695940687149578,
      0.8679132967951163,
      0.864885098278528,
      0.8605068604978076,
      0.857917660800795,
      0.8533518767510706,
      0.8498495260181411,
      0.8468193117133814,
      0.8429922871491382,
      0.840291732025795,
      0.8386787302144895,
      0.8364396927775815,
      0.8318888784276606,
      0.829245424412218,
      0.828114764812697,
      0.8266822640757169,
      0.8233174827165837,
      0.8186900934364668,
      0.8175894753758652,
      0.8162575460285787,
      0.81095911557642,
      0.8052921382107497,
      0.802689101334155,
      0.7976275084163903,
      0.7909843799417965,
      0.7829145798007067,
      0.777271844171135,
      0.7700486415344228,
      0.7637376345957289,
      0.7538697105487844,
      0.7406386180861388,
      0.727829965759754,
      0.70950514024858,
      0.6876931656320154,
      0.6588715483801437,
      0.6154494871266445,
      0.5278603140917291
    ],