{
  "block": "model_input_blocks_14",
  "target_block_name": "model.input_blocks.14",
  "T": 100,
  "C": 512,
  "N": 32,
  "H": 8,
  "W": 8,
  "rank_r": 408,
  "representative_t": 99,
  "energy_threshold": 0.98,
  "actual_energy_at_r": 0.9801232678673085,
  "timesteps": [
    0,
    1,
    2,
    3,
    4,
    5,
    6,
    7,
    8,
    9,
    10,
    11,
    12,
    13,
    14,
    15,
    16,
    17,
    18,
    19,
    20,
    21,
    22,
    23,
    24,
    25,
    26,
    27,
    28,
    29,
    30,
    31,
    32,
    33,
    34,
    35,
    36,
    37,
    38,
    39,
    40,
    41,
    42,
    43,
    44,
    45,
    46,
    47,
    48,
    49,
    50,
    51,
    52,
    53,
    54,
    55,
    56,
    57,
    58,
    59,
    60,
    61,
    62,
    63,
    64,
    65,
    66,
    67,
    68,
    69,
    70,
    71,
    72,
    73,
    74,
    75,
    76,
    77,
    78,
    79,
    80,
    81,
    82,
    83,
    84,
    85,
    86,
    87,
    88,
    89,
    90,
    91,
    92,
    93,
    94,
    95,
    96,
    97,
    98,
    99
  ],
  "subspace_dist": [
    0.0,
    0.011574610193092916,
    0.00973409342933762,
    0.007894972755921104,
    0.00743386187228523,
    0.009861059864393229,
    0.01003838492777187,
    0.006188719290868505,
    0.004818181099387586,
    0.005233514799579786,
    0.0048173929482474565,
    0.005521738345591998,
    0.0077864117833893465,
    0.007725871182344801,
    0.006364285261084013,
    0.0054345313575532295,
    0.004934723770772642,
    0.005414825808795265,
    0.005571366525783494,
    0.005803477835788717,
    0.005011036213162345,
    0.005264239360083467,
    0.006045221622248076,
    0.0053786513711293615,
    0.004786743979367181,
    0.0057609418531203715,
    0.003469161872514004,
    0.005167901756929383,
    0.0047924287384470965,
    0.005438519539696207,
    0.00414551236031202,
    0.004731222729636442,
    0.004124968210479474,
    0.004139381218705829,
    0.003328706336048537,
    0.003534871807210349,
    0.0038205827497298506,
    0.0030208257496757707,
    0.003546022737085597,
    0.0037836611783946816,
    0.003535143431622534,
    0.0033384795963925518,
    0.002783931979109422,
    0.003092357974144533,
    0.0030948876015277627,
    0.004528658227386018,
    0.002879610688723111,
    0.0033273213915944178,
    0.0032849133591416058,
    0.004311142923873135,
    0.004995912509353162,
    0.003686539612116846,
    0.003754897656609746,
    0.004105032919683671,
    0.003388517123247836,
    0.002800162166126441,
    0.0028013721610090636,
    0.003323136145183092,
    0.003211522315360149,
    0.0027413789953496526,
    0.003173355791857513,
    0.0029270631510235345,
    0.002543329386125226,
    0.0024369689141996442,
    0.0025768824807949064,
    0.002417606011569595,
    0.003293684245365691,
    0.004075032541345003,
    0.003475295727615957,
    0.00374814835136128,
    0.0026899118026060265,
    0.0020352678730782836,
    0.0024331066790190814,
    0.0024487814085738524,
    0.0024928601984646193,
    0.0023656267943442666,
    0.00360408684031166,
    0.002589716340737014,
    0.0022879378058859867,
    0.0026816957890628546,
    0.00401332842952673,
    0.003726387472693271,
    0.0027033325409526743,
    0.004130901234590256,
    0.0036244640134163175,
    0.0037502910808981937,
    0.003850308328605112,
    0.0036450098352667215,
    0.0020905731316059883,
    0.002798824862849991,
    0.0025615300852447342,
    0.0023762625934518056,
    0.002198379771909953,
    0.002739437275104506,
    0.0032616476270007633,
    0.00368977671854398,
    0.004211594465483359,
    0.004348184069489114,
    0.008184193865907519,
    0.032306060291687255
  ],
  "energy_ratio": {
    "k4": [
      0.15431168291396863,
      0.1528891764377988,
      0.14958097926463995,
      0.14963151539093897,
      0.14927993927852337,
      0.14870180427037039,
      0.1490215481930491,
      0.148813823092975,
      0.1467509698839295,
      0.14785564831059064,
      0.14771285053692587,
      0.14646240837603236,
      0.14662353673720543,
      0.14767326563323327,
      0.14683789831114535,
      0.14489914703146034,
      0.1434803254426621,
      0.14471525489571144,
      0.1451950655061697,
      0.14286344864465697,
      0.1433807050906053,
      0.1433582268839799,
      0.1411869697241505,
      0.13987306569868857,
      0.1383323361432548,
      0.14137495293960672,
      0.1401962488300858,
      0.13827715271871707,
      0.1394156017880906,
      0.13838356150830391,
      0.13588426317908084,
      0.13526819111669627,
      0.13713402125211308,
      0.13742566544249668,
      0.13593038763984794,
      0.13575917461648826,
      0.1362337265094432,
      0.1359263098110719,
      0.1343882284330226,
      0.13581781961407657,
      0.13380451732377152,
      0.13440175935634566,
      0.133291208212249,
      0.13305875251946767,
      0.13406534669639236,
      0.132850328621675,
      0.1328857950990149,
      0.1320645215664798,
      0.13324676147388567,
      0.1315756933049416,
      0.13114530317386003,
      0.13069942132846005,
      0.13247221412862772,
      0.13178479931744705,
      0.13137384777771333,
      0.13230011339205622,
      0.13185265608148733,
      0.13220671943500764,
      0.1320038695354515,
      0.1307392717074957,
      0.12999193957328817,
      0.13181643302776103,
      0.12977216810241443,
      0.13090485941464694,
      0.1294020055499458,
      0.12991964826967387,
      0.13102606726666682,
      0.12966121255232105,
      0.1307268145800131,
      0.12949376765469214,
      0.12952688931359477,
      0.13021255358738637,
      0.1301320502638832,
      0.12992590065791518,
      0.13079853065751776,
      0.13090018818516747,
      0.12954752265841538,
      0.12957427620027856,
      0.12922380258679503,
      0.13029873498815014,
      0.129348113810864,
      0.13016156178571794,
      0.12988319033057816,
      0.1298710737892503,
      0.13053295074702762,
      0.13013449883359396,
      0.1311439872429149,
      0.1302147170432834,
      0.13003278374245034,
      0.13048688579551534,
      0.1303391733969005,
      0.13146376199649842,
      0.131043158463104,
      0.1320938366746444,
      0.1326003476800559,
      0.1315536452370321,
      0.13311637697741843,
      0.13386271392318363,
      0.13503061446313727,
      0.1554915884139027
    ],