{
  "block": "model_input_blocks_3",
  "target_block_name": "model.input_blocks.3",
  "T": 100,
  "C": 128,
  "N": 32,
  "H": 64,
  "W": 64,
  "rank_r": 65,
  "representative_t": 99,
  "energy_threshold": 0.98,
  "actual_energy_at_r": 0.9800259309313938,
  "timesteps": [
    0,
    1,
    2,
    3,
    4,
    5,
    6,
    7,
    8,
    9,
    10,
    11,
    12,
    13,
    14,
    15,
    16,
    17,
    18,
    19,
    20,
    21,
    22,
    23,
    24,
    25,
    26,
    27,
    28,
    29,
    30,
    31,
    32,
    33,
    34,
    35,
    36,
    37,
    38,
    39,
    40,
    41,
    42,
    43,
    44,
    45,
    46,
    47,
    48,
    49,
    50,
    51,
    52,
    53,
    54,
    55,
    56,
    57,
    58,
    59,
    60,
    61,
    62,
    63,
    64,
    65,
    66,
    67,
    68,
    69,
    70,
    71,
    72,
    73,
    74,
    75,
    76,
    77,
    78,
    79,
    80,
    81,
    82,
    83,
    84,
    85,
    86,
    87,
    88,
    89,
    90,
    91,
    92,
    93,
    94,
    95,
    96,
    97,
    98,
    99
  ],
  "subspace_dist": [
    0.0,
    0.0008986716037904241,
    0.0025419338197200103,
    0.011774586515501007,
    0.00828080800705755,
    0.041586953180826836,
    0.03932652143730242,
    0.004825083575720535,
    0.017986893031226026,
    0.02291811128244603,
    0.02294980547366221,
    0.015811890589998878,
    0.04268554079909581,
    0.03862662738792766,
    0.03212815864636365,
    0.03489691160124875,
    0.02220807610508213,
    0.029323446538548903,
    0.03203037730552094,
    0.02196783606105701,
    0.024112034294128448,
    0.0056699646830186134,
    0.0032899133173609485,
    0.013219717223092786,
    0.0033714598284320108,
    0.0011022455404129383,
    0.002122943324747606,
    0.004222723598885869,
    0.0036946520569004493,
    0.0042824954585718444,
    0.0017110828177396842,
    0.003491034852156738,
    0.00414084477665011,
    0.0023433694094854296,
    0.001548944514185191,
    0.0024462883547674563,
    0.003814341545612332,
    0.011740166352305015,
    0.011742540460124684,
    0.005628567100949389,
    0.002710863794022078,
    0.0028278894858861925,
    0.0055493004352998865,
    0.006707836750802887,
    0.001726306224709706,
    0.0012516322911638733,
    0.0014842508251365905,
    0.004983415646551803,
    0.004172520196602969,
    0.0020569135378322168,
    0.003735575686793169,
    0.0021134700491136638,
    0.0019210459102636523,
    0.0014924626347211367,
    0.001232537895673902,
    0.0012782467923277974,
    0.0014638262282635761,
    0.0010058102280562364,
    0.0012043285639510293,
    0.0006345805978970054,
    0.0008582638248585406,
    0.0015228083441092277,
    0.0009734507159800954,
    0.0011810174898001513,
    0.0006896244086505021,
    0.000987872908279952,
    0.0013245158963823833,
    0.0012667984150928069,
    0.0073099690797894246,
    0.0006596464424433179,
    0.0018991163017969548,
    0.0010262840454274835,
    0.0008341514796738059,
    0.0008753821609653878,
    0.0007562353237705599,
    0.0008966438253015241,
    0.0011876514584479025,
    0.0005294081921306537,
    0.0009447437109859624,
    0.0009297142503411626,
    0.0038436521858524753,
    0.0012019091669646098,
    0.0014655586044816094,
    0.001250065384759469,
    0.002186648823837123,
    0.01447160653315882,
    0.00280171754577363,
    0.0013678137629571374,
    0.0016216999643100527,
    0.001307831086192035,
    0.016900495965454954,
    0.0016614168435248322,
    0.0028136614148978056,
    0.0035857012581840264,
    0.008094120431936691,
    0.005137931736862833,
    0.005934399167881077,
    0.025595228812011817,
    0.0330060222365155,
    0.1281417270225026
  ],
  "energy_ratio": {
    "k4": [
      0.9477217482801572,
      0.9481689985499528,
      0.9489930669157807,
      0.9471452328617236,
      0.9488549191519093,
      0.9571876979608966,
      0.9496285979056529,
      0.9506387815823795,
      0.9477961933069661,
      0.9499162816247905,
      0.953639654467328,
      0.9513623346648868,
      0.9597373417373741,
      0.9533043124919941,
      0.9592322681559029,
      0.9548142757747824,
      0.9552012320548262,
      0.9515826709007527,
      0.9568732798978856,
      0.9547251027223589,
      0.9592825097988943,
      0.9591505400013467,
      0.9592961975177903,
      0.9592927578722014,
      0.9600481621493585,
      0.9598830462398458,
      0.9599784244503282,
      0.9603390604893062,
      0.9603458316958238,
      0.9601055315751671,
      0.9599761453611668,
      0.9585874110161515,
      0.9591848136123111,
      0.9586562774430101,
      0.957715625783012,
      0.9575324697521316,
      0.9561810653670213,
      0.9556081982417283,
      0.9538400892209876,
      0.9529618728167123,
      0.9516979073633623,
      0.949481207053615,
      0.9486052448397411,
      0.9472947719079577,
      0.9458050240303818,
      0.9442085541676412,
      0.9430931634635057,
      0.9414801295797216,
      0.9394740226298813,
      0.9389393183494684,
      0.936862119145549,
      0.9346345420998919,
      0.9329708129515357,
      0.93099858180259,
      0.9297981579179893,
      0.9279724445392076,
      0.9253302599670494,
      0.9242436809473488,
      0.9223247953387798,
      0.921157442442164,
      0.919482972015501,
      0.9162545625410873,
      0.9150793417301679,
      0.9124452796933366,
      0.9109717486897269,
      0.9090668480801398,
      0.9054593027496046,
      0.903727351555365,
      0.9006744675619751,
      0.8980397237337918,
      0.89573416050407,
      0.8928460660433465,
      0.8895599686352672,
      0.8869122962332945,
      0.8834021263933365,
      0.8785012442091409,
      0.8745011848536446,
      0.8720070904985359,
      0.8686550755840337,
      0.8647046960019449,
      0.8600891791380101,
      0.8583282452125053,
      0.8559408907477947,
      0.8510467910834317,
      0.8457841416780517,
      0.8428915185020828,
      0.8377834978618219,
      0.8313790200728957,
      0.8238501170363073,
      0.8171761014769684,
      0.8096661818810134,
      0.8013796684095601,
      0.7906910714484006,
      0.7779208325134608,
      0.7648366213383024,
      0.7464333282482524,
      0.7251384634028503,
      0.6959430244686649,
      0.6582523644573565,
      0.6169702147515265
    ],