{
  "block": "model_output_blocks_2",
  "target_block_name": "model.output_blocks.2",
  "T": 100,
  "C": 512,
  "N": 32,
  "H": 16,
  "W": 16,
  "rank_r": 396,
  "representative_t": 99,
  "energy_threshold": 0.98,
  "actual_energy_at_r": 0.9801946070324716,
  "timesteps": [
    0,
    1,
    2,
    3,
    4,
    5,
    6,
    7,
    8,
    9,
    10,
    11,
    12,
    13,
    14,
    15,
    16,
    17,
    18,
    19,
    20,
    21,
    22,
    23,
    24,
    25,
    26,
    27,
    28,
    29,
    30,
    31,
    32,
    33,
    34,
    35,
    36,
    37,
    38,
    39,
    40,
    41,
    42,
    43,
    44,
    45,
    46,
    47,
    48,
    49,
    50,
    51,
    52,
    53,
    54,
    55,
    56,
    57,
    58,
    59,
    60,
    61,
    62,
    63,
    64,
    65,
    66,
    67,
    68,
    69,
    70,
    71,
    72,
    73,
    74,
    75,
    76,
    77,
    78,
    79,
    80,
    81,
    82,
    83,
    84,
    85,
    86,
    87,
    88,
    89,
    90,
    91,
    92,
    93,
    94,
    95,
    96,
    97,
    98,
    99
  ],
  "subspace_dist": [
    0.0,
    0.014179635499683929,
    0.01204544896110038,
    0.010454005045185233,
    0.008073823856893148,
    0.009169152103094214,
    0.008455938840629118,
    0.006535047112110726,
    0.006386450692674295,
    0.006937598249365795,
    0.005609051781330754,
    0.006528210629987208,
    0.010415769262674068,
    0.009538476893823034,
    0.007907821105596957,
    0.007043985427841015,
    0.007130076100406502,
    0.007027161760808753,
    0.007819289762460602,
    0.009237912936707948,
    0.008772971529639961,
    0.006449340303150697,
    0.007378644768153753,
    0.0068848216154939745,
    0.008333175423968053,
    0.008638099200394378,
    0.006671526244171666,
    0.007067069187810193,
    0.006904684717613518,
    0.006295305495356729,
    0.006867781909746018,
    0.0059137379993691175,
    0.004422331357821996,
    0.006799379067975231,
    0.004981451855827879,
    0.0045834519314778,
    0.004930863775266747,
    0.006207281368455386,
    0.00632297116828795,
    0.0063641862296242024,
    0.007438951495285284,
    0.007921273976293719,
    0.006231094585737118,
    0.00612412913233118,
    0.005158709097046743,
    0.005608794308916476,
    0.0061740101108679335,
    0.007564716562409535,
    0.007136234122335772,
    0.005970386849685427,
    0.005117110840209271,
    0.0049216160728455804,
    0.005844598782947408,
    0.006094148310586078,
    0.005705856960258937,
    0.005671717728286452,
    0.005807858802108323,
    0.004634629487796693,
    0.0055087983812255326,
    0.005884611076952373,
    0.006205416741182468,
    0.00672393395701254,
    0.006331714761240614,
    0.005109760387793427,
    0.004969725432589334,
    0.00454218810916085,
    0.003947847003791249,
    0.00464090617794255,
    0.005032385048660326,
    0.0043860178048584775,
    0.00583710280099381,
    0.004215986234876956,
    0.004983833374538338,
    0.004465462947939369,
    0.005549749855360053,
    0.004386267345099948,
    0.0061347369164403975,
    0.005872555043993977,
    0.00491990852841373,
    0.004822468889687959,
    0.00592384612493313,
    0.005287934610036404,
    0.005125079533424892,
    0.005786850590572268,
    0.005219210230240412,
    0.005244585233075139,
    0.004690003719304059,
    0.004552436568975415,
    0.0051866481183210356,
    0.005475932360865521,
    0.004794067224744181,
    0.0053287713886200905,
    0.0062065378273734595,
    0.004066540281204123,
    0.00668197385034619,
    0.006325056440399379,
    0.007401975625391022,
    0.0075216484631039915,
    0.010911025665618967,
    0.041102575820634035
  ],
  "energy_ratio": {
    "k4": [
      0.20997936190549057,
      0.20676017311959752,
      0.20352919633530503,
      0.20529628949440176,
      0.20542427679985667,
      0.20487958284835742,
      0.20557120677267485,
      0.20479545560113432,
      0.2037298509838688,
      0.20472179857969153,
      0.20462845079846026,
      0.20535492272433947,
      0.20499166711087977,
      0.20628712657644152,
      0.20606754282949197,
      0.20521687555612816,
      0.20535695750756858,
      0.20528677704814988,
      0.20465902713956963,
      0.2034478795208862,
      0.2036243570878339,
      0.20247945255401428,
      0.202347192081281,
      0.20243799344683555,
      0.19977276172823663,
      0.19996093852299723,
      0.19831360343514925,
      0.19891306115295132,
      0.19748312394125037,
      0.19569928664353045,
      0.19561700222778822,
      0.19406220226526763,
      0.19371458829937713,
      0.1933149891605491,
      0.1922041836730645,
      0.19149832377724288,
      0.1907959176273074,
      0.18945157484782524,
      0.18863064661316192,
      0.18807298628181057,
      0.1865539148948759,
      0.18689645254104137,
      0.18584738377377902,
      0.18563333358704476,
      0.18484594826039474,
      0.18414877997288692,
      0.18309758575931845,
      0.18202496258098214,
      0.1816625514996582,
      0.18115309457470907,
      0.18063657635686217,
      0.18020211794995947,
      0.17917059645907166,
      0.17891807063341758,
      0.17833393964034683,
      0.178099707654406,
      0.17732000084276114,
      0.17697236556138357,
      0.176613414870479,
      0.17639230828607985,
      0.1751264198348429,
      0.17544349835993342,
      0.17527348384550742,
      0.17418227689096757,
      0.17442324847173804,
      0.17413381173237535,
      0.17391671505994474,
      0.17296200753536242,
      0.17262672655152908,
      0.17268446420404396,
      0.17235164340122905,
      0.17195608687111677,
      0.17224028322958435,
      0.1723496557577694,
      0.17207844555501206,
      0.17172000427203019,
      0.17192957548966079,
      0.17111160770375092,
      0.17177078638573937,
      0.1710965702089298,
      0.17123698789190595,
      0.17123601288901405,
      0.17080712757612454,
      0.17083419857742052,
      0.17094073761902373,
      0.17096435785160455,
      0.17080700570282423,
      0.17102773284114964,
      0.1709159481613993,
      0.17080867858656856,
      0.17109705087971258,
      0.17134174551197195,
      0.1714610219616103,
      0.17168151341886348,
      0.17207252440142978,
      0.17239628947780358,
      0.17322764572530225,
      0.17420844411066536,
      0.17581409707093046,
      0.1962906596977763
    ],