{
  "block": "model_output_blocks_8",
  "target_block_name": "model.output_blocks.8",
  "T": 100,
  "C": 256,
  "N": 32,
  "H": 64,
  "W": 64,
  "rank_r": 178,
  "representative_t": 99,
  "energy_threshold": 0.98,
  "actual_energy_at_r": 0.980218030043286,
  "timesteps": [
    0,
    1,
    2,
    3,
    4,
    5,
    6,
    7,
    8,
    9,
    10,
    11,
    12,
    13,
    14,
    15,
    16,
    17,
    18,
    19,
    20,
    21,
    22,
    23,
    24,
    25,
    26,
    27,
    28,
    29,
    30,
    31,
    32,
    33,
    34,
    35,
    36,
    37,
    38,
    39,
    40,
    41,
    42,
    43,
    44,
    45,
    46,
    47,
    48,
    49,
    50,
    51,
    52,
    53,
    54,
    55,
    56,
    57,
    58,
    59,
    60,
    61,
    62,
    63,
    64,
    65,
    66,
    67,
    68,
    69,
    70,
    71,
    72,
    73,
    74,
    75,
    76,
    77,
    78,
    79,
    80,
    81,
    82,
    83,
    84,
    85,
    86,
    87,
    88,
    89,
    90,
    91,
    92,
    93,
    94,
    95,
    96,
    97,
    98,
    99
  ],
  "subspace_dist": [
    0.0,
    0.01834007203766408,
    0.006603685653006064,
    0.013979486719037482,
    0.010617196733480605,
    0.00864831431918589,
    0.008513846903465683,
    0.003254728053105782,
    0.006189747649767208,
    0.005183022443605023,
    0.0028445675065711384,
    0.003682955408680022,
    0.008996889813144948,
    0.008048976115596074,
    0.002625483629272507,
    0.0016164294339608976,
    0.0019386946579953435,
    0.0023166217306118675,
    0.0016828237479011854,
    0.0025902353663452837,
    0.002142705197531014,
    0.001315356249255717,
    0.0009578242741936638,
    0.001866077116390863,
    0.0008349884005544039,
    0.0007940975173305054,
    0.0008495759322688645,
    0.0005909086007926945,
    0.0007420306220262685,
    0.0021781061543362235,
    0.001192797105958765,
    0.0005633525036967679,
    0.0010309056540052097,
    0.0009894324664507792,
    0.0006495416085938732,
    0.0005520633987944334,
    0.0005111505433076369,
    0.0003327692251052783,
    0.0004713387917100187,
    0.0004596950262496513,
    0.0004105283747724009,
    0.0006715327167136076,
    0.000598731807523234,
    0.0006026656246438389,
    0.0008114076645127088,
    0.000312339340286627,
    0.00033668237227990616,
    0.0005399652314242998,
    0.0005455370637235113,
    0.0005113352056097531,
    0.0006548164514105226,
    0.00031055396732793117,
    0.0003605971475845182,
    0.0002832955246214741,
    0.00031897375969647257,
    0.0002740986197606876,
    0.000292336282118999,
    0.00021140508366579436,
    0.00026363520429395493,
    0.00020609987857633794,
    0.0003451402760310529,
    0.0003004568678167674,
    0.00036469231970526206,
    0.000289063452227345,
    0.00025689569118736433,
    0.0004218200115626569,
    0.00025551587188676894,
    0.0004018097677249699,
    0.0002390908798224345,
    0.00040154097138478395,
    0.0002559723753866594,
    0.0003511415230696979,
    0.000498489114263645,
    0.0004894842607683358,
    0.00031259178415776745,
    0.0004888144107381143,
    0.0005205328845501178,
    0.000517862486564824,
    0.0008856533468075689,
    0.00033168309104170124,
    0.00039381417780037786,
    0.00026155050493281706,
    0.00025049006687793973,
    0.0003417054366186001,
    0.0005834220676403934,
    0.0003114321557866617,
    0.00024212532857292857,
    0.0004223056745210618,
    0.0003412740262495051,
    0.0005718244311128107,
    0.0004657079712155898,
    0.0005164457987738569,
    0.0006172927683700813,
    0.0009148177562252613,
    0.0011544533025547032,
    0.0029942109663563254,
    0.007477902570325323,
    0.006965667356428895,
    0.013102520741316681,
    0.042627122843831966
  ],
  "energy_ratio": {
    "k4": [
      0.7661039218187511,
      0.7570379464494339,
      0.7401734107930141,
      0.7274552227002998,
      0.7195891663405414,
      0.7128800000435775,
      0.690618142472676,
      0.6852436596927319,
      0.6692806525771152,
      0.666572633577974,
      0.6536619830496884,
      0.6426338044598059,
      0.6449369744335443,
      0.6242518672204816,
      0.6156382052886518,
      0.6045796674038695,
      0.5969937617648995,
      0.5850887971041137,
      0.5794216329935333,
      0.5702309149660708,
      0.5680572051006367,
      0.5583220716474206,
      0.5492426461223989,
      0.5463533388640266,
      0.5368641401192495,
      0.5346759931711166,
      0.5300138921626254,
      0.5257508867166449,
      0.5199764384052237,
      0.5163858351460632,
      0.5123070456709442,
      0.509091966324975,
      0.5034559194002838,
      0.5022723482134728,
      0.4983061677372722,
      0.4918276750068841,
      0.48628095471501265,
      0.4835084615956121,
      0.479069111769833,
      0.4752326164363444,
      0.47209580769498277,
      0.46756023466354335,
      0.46528377035917146,
      0.46075269452288026,
      0.4570236574730198,
      0.4535966769173536,
      0.45109290846883304,
      0.44777471903813787,
      0.4440703998779666,
      0.4403159120723117,
      0.4377476907081962,
      0.4333784064602779,
      0.43103398626391554,
      0.4279435488477975,
      0.4237581488666174,
      0.4220501596522078,
      0.418099858240476,
      0.4147039145444834,
      0.41139824413060244,
      0.4089405729545994,
      0.40506656907831673,
      0.40270610341561647,
      0.40022626997365685,
      0.39625191677207544,
      0.3946175316552976,
      0.3913377986001887,
      0.3884117042591946,
      0.38563568594187386,
      0.3832084562856276,
      0.3800834038491084,
      0.37814350667814406,
      0.37535929700705667,
      0.37319407285075545,
      0.3707056024796435,
      0.36865402120969964,
      0.36504778878948685,
      0.3629941442844369,
      0.3605276184393916,
      0.35782525526483183,
      0.3549638565089668,
      0.3532181310968666,
      0.3506876356862986,
      0.34788954210194656,
      0.3461345340531683,
      0.34292100390409447,
      0.3412025906471879,
      0.33764873480033475,
      0.3349981188671416,
      0.33239322814544164,
      0.329083249032897,
      0.3263940754732592,
      0.32377977963908355,
      0.32083422181452037,
      0.31728487376953896,
      0.3147507757837637,
      0.3117754222338227,
      0.31091694850476265,
      0.3112802589688346,
      0.31627813337849076,
      0.3833795349062901
    ],