{
  "block": "model_output_blocks_9",
  "target_block_name": "model.output_blocks.9",
  "T": 100,
  "C": 128,
  "N": 32,
  "H": 64,
  "W": 64,
  "rank_r": 80,
  "representative_t": 99,
  "energy_threshold": 0.98,
  "actual_energy_at_r": 0.9803439365150074,
  "timesteps": [
    0,
    1,
    2,
    3,
    4,
    5,
    6,
    7,
    8,
    9,
    10,
    11,
    12,
    13,
    14,
    15,
    16,
    17,
    18,
    19,
    20,
    21,
    22,
    23,
    24,
    25,
    26,
    27,
    28,
    29,
    30,
    31,
    32,
    33,
    34,
    35,
    36,
    37,
    38,
    39,
    40,
    41,
    42,
    43,
    44,
    45,
    46,
    47,
    48,
    49,
    50,
    51,
    52,
    53,
    54,
    55,
    56,
    57,
    58,
    59,
    60,
    61,
    62,
    63,
    64,
    65,
    66,
    67,
    68,
    69,
    70,
    71,
    72,
    73,
    74,
    75,
    76,
    77,
    78,
    79,
    80,
    81,
    82,
    83,
    84,
    85,
    86,
    87,
    88,
    89,
    90,
    91,
    92,
    93,
    94,
    95,
    96,
    97,
    98,
    99
  ],
  "subspace_dist": [
    0.0,
    0.011445695722475113,
    0.0047960933519052285,
    0.00753424684376891,
    0.006367793756716367,
    0.007274565776236086,
    0.005148474208731435,
    0.001993314345879016,
    0.002573522093605285,
    0.001652734545192991,
    0.00178470301741529,
    0.001598368478848089,
    0.006608496842330114,
    0.0074310340440642,
    0.00327087702081974,
    0.00396474917623324,
    0.005960748895027068,
    0.007611652831318816,
    0.005036111061478388,
    0.004782248059239991,
    0.004133680190564704,
    0.001116297757472351,
    0.0008451707239200967,
    0.0005770830957473327,
    0.001355566351798787,
    0.00044321014070070053,
    0.0004589665124049569,
    0.00037719684036796597,
    0.0003516123494076151,
    0.0004353278548958617,
    0.0005640024356718953,
    0.00033454808107347134,
    0.0006157931445424092,
    0.00040912677958393484,
    0.0003070227748149801,
    0.0003285355082948138,
    0.0002718998824626784,
    0.00018347170681709546,
    0.00022376278485403134,
    0.00018842450726919147,
    0.00019427380005065942,
    0.0002947606108145706,
    0.00022076014028926672,
    0.00024683580248796577,
    0.00025143082274825534,
    0.00018881549509774942,
    0.00016844485611711146,
    0.00019890154072876864,
    0.0002612800201854393,
    0.00017619967379045587,
    0.00036644556471665535,
    0.0003228371238048755,
    0.0002581980116562743,
    0.0001301810334026765,
    0.00026079455684402397,
    0.0008539881043025943,
    0.0020963940784912705,
    0.004047297437028474,
    0.0029464192369841324,
    0.001975393662778102,
    0.010868919363413942,
    0.00991201651931739,
    0.0041988590084564015,
    0.0017013734145343573,
    0.004244350969353605,
    0.006111868451505131,
    0.0002493127799713113,
    0.000710095781972675,
    0.0002541856186886182,
    0.0005036153332579341,
    0.00042018373525665176,
    0.00047566472629478884,
    0.0002632647607498928,
    0.0005511735112371241,
    0.00030200249173939486,
    0.0014077319736001126,
    0.0003274150802236031,
    0.0019890318396222906,
    0.0002566846688537572,
    0.00035446288676366233,
    0.0006548545357396574,
    0.00025707974254651766,
    0.00019803873608059686,
    0.0005884458710599949,
    0.0006859292454179933,
    0.0002420861472380853,
    0.00020139693996645835,
    0.00028341561415368144,
    0.0003642931104279601,
    0.00036820020052474867,
    0.0005664709566364223,
    0.0004973903195834017,
    0.0008630157415525641,
    0.0008590366834535512,
    0.0009257380648133307,
    0.0013082504262541539,
    0.004398031635866273,
    0.017768626505949237,
    0.020197796588973582,
    0.04648284374535838
  ],
  "energy_ratio": {
    "k4": [
      0.8740818064900822,
      0.8693841464210481,
      0.8585755771685178,
      0.8510465481726338,
      0.8469157113575483,
      0.8397593820964102,
      0.8286400114752525,
      0.8260723078964106,
      0.8156760271563441,
      0.815990136504785,
      0.8069784311694523,
      0.8008270276628463,
      0.8012086415085145,
      0.7920656858160121,
      0.7834727856072528,
      0.7768952244496541,
      0.7770451261573886,
      0.7661413058271204,
      0.7630624304588982,
      0.7566933357134963,
      0.7516079125242262,
      0.7466643124254587,
      0.7396756322806307,
      0.7384521792215346,
      0.7320320753999442,
      0.7307091628533033,
      0.7279137480539826,
      0.7259327684864784,
      0.7217059268721105,
      0.7198186032141727,
      0.7163385675220498,
      0.7133684269593992,
      0.7101524183539688,
      0.708858132771924,
      0.7057788529874939,
      0.7022519465649683,
      0.697266250799391,
      0.6949564645048987,
      0.6912118290453704,
      0.688093642101792,
      0.68480658818605,
      0.6803175729989644,
      0.6780859704764604,
      0.6738059675588551,
      0.669944145954974,
      0.6658938616959587,
      0.6628022412016722,
      0.6587506605383332,
      0.654890386960177,
      0.6513448549773471,
      0.6474559552821627,
      0.6422469686406401,
      0.6387100834570089,
      0.634823194050922,
      0.6303454860459978,
      0.6264350860738865,
      0.6216938400948447,
      0.6173763465514914,
      0.612449111557265,
      0.6094682152469749,
      0.6044353158966688,
      0.6000907799203448,
      0.5965006276280055,
      0.5905396454459838,
      0.5873172286604196,
      0.5825407790685141,
      0.5777210899250023,
      0.5734926024072242,
      0.5686994399093286,
      0.5642733205590735,
      0.5602819922926365,
      0.5553284175244094,
      0.5506012539433458,
      0.5467910950360458,
      0.5423985236781149,
      0.5372970329473249,
      0.532750119416968,
      0.5280573294038324,
      0.5235518570936106,
      0.5185992063929215,
      0.5139105290816799,
      0.5087162975646078,
      0.5045985322338153,
      0.5000503590741942,
      0.4935656441115397,
      0.489510843196748,
      0.48414370670844137,
      0.47811124654254666,
      0.4713494788960519,
      0.4651337525451962,
      0.4578900781850797,
      0.45111940647202886,
      0.44372761837068664,
      0.434541147648016,
      0.4266071022447122,
      0.41630788794302936,
      0.406182129174136,
      0.39445090581074077,
      0.38985329262623525,
      0.45754769134236384
    ],