{
  "block": "model_middle_block",
  "target_block_name": "model.middle_block",
  "T": 100,
  "C": 512,
  "N": 32,
  "H": 8,
  "W": 8,
  "rank_r": 431,
  "representative_t": 99,
  "energy_threshold": 0.98,
  "actual_energy_at_r": 0.9801144279008365,
  "timesteps": [
    0,
    1,
    2,
    3,
    4,
    5,
    6,
    7,
    8,
    9,
    10,
    11,
    12,
    13,
    14,
    15,
    16,
    17,
    18,
    19,
    20,
    21,
    22,
    23,
    24,
    25,
    26,
    27,
    28,
    29,
    30,
    31,
    32,
    33,
    34,
    35,
    36,
    37,
    38,
    39,
    40,
    41,
    42,
    43,
    44,
    45,
    46,
    47,
    48,
    49,
    50,
    51,
    52,
    53,
    54,
    55,
    56,
    57,
    58,
    59,
    60,
    61,
    62,
    63,
    64,
    65,
    66,
    67,
    68,
    69,
    70,
    71,
    72,
    73,
    74,
    75,
    76,
    77,
    78,
    79,
    80,
    81,
    82,
    83,
    84,
    85,
    86,
    87,
    88,
    89,
    90,
    91,
    92,
    93,
    94,
    95,
    96,
    97,
    98,
    99
  ],
  "subspace_dist": [
    0.0,
    0.012510846449437008,
    0.010967415858770146,
    0.00855465720293569,
    0.007926795419542554,
    0.009207343671562396,
    0.009231626043157082,
    0.007102451025086887,
    0.007494215776740587,
    0.006558507375064249,
    0.007281636182519535,
    0.006625441758321804,
    0.00816034668361798,
    0.007940120305022225,
    0.006815618056123185,
    0.006266543850908746,
    0.006844131050619318,
    0.006930272174989094,
    0.005982490973034715,
    0.007242468486701958,
    0.006801415293783197,
    0.00613437500948999,
    0.0064081688083899024,
    0.007035876273643105,
    0.007247553255058992,
    0.007246657762151498,
    0.0048523187159841275,
    0.005852809798908121,
    0.005343825315282658,
    0.005082483453979325,
    0.006577090612743697,
    0.004661213479614901,
    0.006846824999371948,
    0.006269296985555006,
    0.004633089834550241,
    0.005884441425985654,
    0.005342004469662487,
    0.005484347866625661,
    0.0045018438674617745,
    0.005897237527582644,
    0.005372036939382707,
    0.005231927627132094,
    0.006550632565495262,
    0.0047000343214084195,
    0.005612412326681082,
    0.005112538992878335,
    0.003987212595137901,
    0.004581179471431551,
    0.0047654414569389125,
    0.003949882390578363,
    0.004406012662458325,
    0.004140944330739416,
    0.004919230417711584,
    0.004827794420276699,
    0.004801851532465262,
    0.005188734217132618,
    0.00396012357251041,
    0.003639154426407165,
    0.004298463880249237,
    0.004866960000107001,
    0.005017801461265625,
    0.004761627827311377,
    0.004760796826816849,
    0.004547692239053824,
    0.004910666908366168,
    0.0041166745010046135,
    0.0037372277306301216,
    0.0038901000439605093,
    0.0036625779554883,
    0.003281920190935428,
    0.004713962532803206,
    0.0037208117038675104,
    0.0044859527268927835,
    0.003739010290243816,
    0.0039539482892735345,
    0.0036930051405917874,
    0.0037267889082430727,
    0.003700709415760728,
    0.003899861144881611,
    0.004284876715365038,
    0.005519171182238214,
    0.0037152857235773773,
    0.003611857286530684,
    0.003760189985503315,
    0.0032573407474958405,
    0.003297698321348852,
    0.0031356692115585005,
    0.002947196431293264,
    0.004522727677481964,
    0.0044526276754153216,
    0.002911766658073023,
    0.0033925603909672475,
    0.0037016333514630073,
    0.0037027042542270294,
    0.004531326136558489,
    0.004204757529382652,
    0.004554375060509597,
    0.005499104529864796,
    0.009499171761007896,
    0.035706652650390414
  ],
  "energy_ratio": {
    "k4": [
      0.1407568268176745,
      0.13614211828134698,
      0.13206697944014775,
      0.1347740025508523,
      0.13416975784972052,
      0.13375107754442583,
      0.1341818386457983,
      0.1334192195582713,
      0.13191041663149522,
      0.13304579585139703,
      0.1321376487687533,
      0.13156022465041114,
      0.13173224766369082,
      0.13171992701978605,
      0.1314060625227783,
      0.1298161470618949,
      0.1288817788248948,
      0.12990672546080512,
      0.12917498075013603,
      0.12890944445683314,
      0.1280440683674676,
      0.1277206162070977,
      0.126461116841452,
      0.12546479869151175,
      0.12458151459295537,
      0.1252797801192676,
      0.1252575156508702,
      0.12418929999603986,
      0.12488665826032316,
      0.12381157206956139,
      0.12201873104320246,
      0.12116268707338564,
      0.12198144720588353,
      0.12137451373718075,
      0.120735359853882,
      0.12147338560826189,
      0.12060946644738074,
      0.11954867586386461,
      0.11892862429343841,
      0.11897557987684776,
      0.1183654168347066,
      0.11776048064906615,
      0.1169367482091912,
      0.11710160620911039,
      0.11670648552668025,
      0.1161883238411261,
      0.11578869947625234,
      0.11480958303478832,
      0.11507412668243647,
      0.11441596434649434,
      0.1139289499755524,
      0.11323771874786394,
      0.11407432449661123,
      0.11321297319783204,
      0.11293163307078455,
      0.113088121806016,
      0.11235111153389885,
      0.11241310978988772,
      0.11218198262561242,
      0.11137064997074045,
      0.11084599647980843,
      0.11132749742368964,
      0.11040170896629975,
      0.11075690633033076,
      0.11023609929809672,
      0.11030020734229384,
      0.11008986668265636,
      0.10894579660506845,
      0.1095849885268092,
      0.10882111379194427,
      0.1090786367394977,
      0.10895218540609021,
      0.10873302387466588,
      0.10841719056083036,
      0.10827025596392476,
      0.10816534388643632,
      0.10779164605458384,
      0.10774100664430879,
      0.1073188293691979,
      0.10740700470124903,
      0.10715414103684522,
      0.10691584872518343,
      0.10659787657122008,
      0.10692553183132526,
      0.10620165978831464,
      0.10596353168873751,
      0.10557289010204712,
      0.10571279592820883,
      0.105386448796904,
      0.10530963656576725,
      0.10496271988294277,
      0.10527078976833787,
      0.10486572608103877,
      0.10572147301533127,
      0.10472906771229432,
      0.10517207760491305,
      0.10495811455895224,
      0.1061291252441701,
      0.10662909948724145,
      0.13083604077850974
    ],