{
  "block": "model_input_blocks_0",
  "target_block_name": "model.input_blocks.0",
  "T": 100,
  "C": 128,
  "N": 32,
  "H": 128,
  "W": 128,
  "rank_r": 6,
  "representative_t": 99,
  "energy_threshold": 0.98,
  "actual_energy_at_r": 0.9905975222524942,
  "timesteps": [
    0,
    1,
    2,
    3,
    4,
    5,
    6,
    7,
    8,
    9,
    10,
    11,
    12,
    13,
    14,
    15,
    16,
    17,
    18,
    19,
    20,
    21,
    22,
    23,
    24,
    25,
    26,
    27,
    28,
    29,
    30,
    31,
    32,
    33,
    34,
    35,
    36,
    37,
    38,
    39,
    40,
    41,
    42,
    43,
    44,
    45,
    46,
    47,
    48,
    49,
    50,
    51,
    52,
    53,
    54,
    55,
    56,
    57,
    58,
    59,
    60,
    61,
    62,
    63,
    64,
    65,
    66,
    67,
    68,
    69,
    70,
    71,
    72,
    73,
    74,
    75,
    76,
    77,
    78,
    79,
    80,
    81,
    82,
    83,
    84,
    85,
    86,
    87,
    88,
    89,
    90,
    91,
    92,
    93,
    94,
    95,
    96,
    97,
    98,
    99
  ],
  "subspace_dist": [
    0.0,
    3.3187157499892095e-07,
    2.499026489077849e-07,
    3.6708844974864263e-07,
    4.805302279420332e-07,
    4.6918244522853314e-07,
    5.383072774201025e-07,
    5.758419625578881e-07,
    8.142468576055606e-07,
    8.443340105968034e-07,
    8.030695974881041e-07,
    1.1032995939075363e-06,
    1.0204053187967688e-06,
    6.978947326707896e-07,
    9.741477611235894e-07,
    1.02877008167912e-06,
    1.0136297424745422e-06,
    1.2714461345986194e-06,
    1.2142068749332324e-06,
    1.887843968151337e-06,
    2.2270289483650174e-06,
    2.499170712155774e-06,
    3.8594268122471576e-06,
    5.446529906749653e-06,
    9.544343912537556e-06,
    1.1636048835250712e-05,
    1.7934505999739336e-05,
    1.7865139418482556e-05,
    2.7221109039632374e-05,
    3.164121240473161e-05,
    5.052896273494145e-05,
    5.553201944952235e-05,
    8.691864722665255e-05,
    0.00012432752140634218,
    0.0001481091185603356,
    0.00020565918700388153,
    0.0002678290403220762,
    0.0003385683688508223,
    0.0004650965538854912,
    0.0005278208456965805,
    0.0006421627709224387,
    0.0006940549115702632,
    0.0007212821734610131,
    0.0006775808518416637,
    0.0006562183449349002,
    0.0005848545418180029,
    0.0004998883417983713,
    0.00044939126152065967,
    0.00039845209370381607,
    0.00037186763366259257,
    0.000355188936206674,
    0.00035422222166670014,
    0.0003722895309793417,
    0.00039596903824445917,
    0.00043999279221151877,
    0.0004947162098845048,
    0.0005517542381672236,
    0.0006302074401856039,
    0.0006826510517967677,
    0.0007394854416912233,
    0.0007652610750055189,
    0.0008191539355268951,
    0.0009169356632808823,
    0.0014325233673725402,
    0.009749468793117444,
    0.09182324339486925,
    0.00742589859138143,
    0.000605103111959715,
    0.0001714347206093203,
    8.942844555281937e-05,
    6.0258026914339347e-05,
    4.572503184807619e-05,
    3.777301575225156e-05,
    3.239619462036547e-05,
    2.9298069176841857e-05,
    2.7716915333098058e-05,
    2.780672105140436e-05,
    2.9249536150466326e-05,
    3.257880979290473e-05,
    3.842489086791634e-05,
    4.80526299942996e-05,
    6.26170506636825e-05,
    8.612839193522515e-05,
    0.00012310508513790897,
    0.00018070640892364764,
    0.0002756329467920038,
    0.00044128159453971083,
    0.0007378954912411473,
    0.0014783525503915262,
    0.0069075698674573305,
    0.0922222643992634,
    0.026171442546518153,
    0.007020203249754053,
    0.003624385178714662,
    0.002788402545299995,
    0.002504525655876777,
    0.00206122765946104,
    0.0012884483063904106,
    0.0006028263532860123,
    0.0001692459067870189
  ],
  "energy_ratio": {
    "k4": [
      0.4954753559426232,
      0.4954796362550741,
      0.49548096707241507,
      0.4954840262964501,
      0.4954886694378819,
      0.49549285510068114,
      0.4954956232851382,
      0.4954992932210749,
      0.49550414268793674,
      0.4955075586989658,
      0.49550851992355716,
      0.49551133122304375,
      0.49551363095650114,
      0.4955135132495792,
      0.49551401910307874,
      0.495514549539119,
      0.4955116099937259,
      0.4955049820580415,
      0.4954957157128373,
      0.4954812550012252,
      0.4954663082015514,
      0.49544813565834583,
      0.49542383427860015,
      0.49539437146450505,
      0.4953554964844818,
      0.49531321997266575,
      0.4952605431893745,
      0.49520694700899703,
      0.49514143490510065,
      0.49506795549542254,
      0.4949820684635365,
      0.49488862971237907,
      0.4947768285454487,
      0.4946481631758477,
      0.4945105512822604,
      0.49435261468842223,
      0.4941755640411518,
      0.49398086188689283,
      0.49375668428615316,
      0.49351354709697154,
      0.4932399975575649,
      0.49293642115634545,
      0.4925989692566275,
      0.49223189051688776,
      0.49181721290936,
      0.4913632512627535,
      0.4908704384011925,
      0.4903261039932728,
      0.4897333428838449,
      0.48908389915344513,
      0.48837783734032825,
      0.4876113888581411,
      0.4867764532935892,
      0.48588291368849174,
      0.4849244101302949,
      0.4839014400472742,
      0.48282217487628876,
      0.48166643474903376,
      0.48046405286095506,
      0.47922482283371426,
      0.4779715338886768,
      0.4767259606034138,
      0.4756552785531254,
      0.47634877029845674,
      0.47784245531057445,
      0.47960815995390876,
      0.4816427627205996,
      0.48398118020013914,
      0.48663236239590135,
      0.4896632829285599,
      0.49311006405008206,
      0.49700269950857917,
      0.5014441383817081,
      0.506500979653547,
      0.5122823613992191,
      0.5189065272447622,
      0.5265046703092314,
      0.5351615243805922,
      0.5449685508797335,
      0.556004380587257,
      0.5682641592583214,
      0.5818065685214576,
      0.5966594110762572,
      0.6128276518395818,
      0.6302556211141177,
      0.6491455773127005,
      0.6697263885696979,
      0.6915440740978672,
      0.7144700414669696,
      0.738503108140874,
      0.7631330410859082,
      0.7884259501305745,
      0.8155680538209126,
      0.8432514654415633,
      0.869483675233196,
      0.8933205394872888,
      0.9140163779055769,
      0.9304785735908759,
      0.9421808533343371,
      0.9487718165391971
    ],