{
  "block": "model_output_blocks_13",
  "target_block_name": "model.output_blocks.13",
  "T": 100,
  "C": 128,
  "N": 64,
  "H": 128,
  "W": 128,
  "rank_r": 61,
  "representative_t": 99,
  "energy_threshold": 0.98,
  "actual_energy_at_r": 0.9801715879189654,
  "timesteps": [
    0,
    1,
    2,
    3,
    4,
    5,
    6,
    7,
    8,
    9,
    10,
    11,
    12,
    13,
    14,
    15,
    16,
    17,
    18,
    19,
    20,
    21,
    22,
    23,
    24,
    25,
    26,
    27,
    28,
    29,
    30,
    31,
    32,
    33,
    34,
    35,
    36,
    37,
    38,
    39,
    40,
    41,
    42,
    43,
    44,
    45,
    46,
    47,
    48,
    49,
    50,
    51,
    52,
    53,
    54,
    55,
    56,
    57,
    58,
    59,
    60,
    61,
    62,
    63,
    64,
    65,
    66,
    67,
    68,
    69,
    70,
    71,
    72,
    73,
    74,
    75,
    76,
    77,
    78,
    79,
    80,
    81,
    82,
    83,
    84,
    85,
    86,
    87,
    88,
    89,
    90,
    91,
    92,
    93,
    94,
    95,
    96,
    97,
    98,
    99
  ],
  "subspace_dist": [
    0.0,
    0.020158793004857234,
    0.018549182032623346,
    0.003996973927725023,
    0.0016482645428564924,
    0.008763047341702634,
    0.0090456324510092,
    0.0024184061069011387,
    0.004853934372799462,
    0.008785462541155198,
    0.001564202496195155,
    0.004242775672064325,
    0.010111290627577207,
    0.013715870792770923,
    0.006856242529704737,
    0.0035336721651452185,
    0.015056011551755732,
    0.020397999493039776,
    0.017213954305041024,
    0.012427706920840498,
    0.002118121597056266,
    0.0013405584796504222,
    0.000630687398617269,
    0.0006946433447780898,
    0.001437124991397587,
    0.0005805073906507419,
    0.0015601207384148275,
    0.003341896965085578,
    0.0010345245691208982,
    0.001233543519244984,
    0.0007008456953787601,
    0.000654271587016364,
    0.0018369948276802939,
    0.0005361576673184043,
    0.0009313629186117334,
    0.0014307991987432267,
    0.0008625942869230352,
    0.0006982469702684346,
    0.0005377827959606174,
    0.0006369520017119878,
    0.00048069351692026085,
    0.0007785545564593654,
    0.0014647245885119897,
    0.0009969271744598718,
    0.00107712048318509,
    0.005104558737340281,
    0.0025018993680719914,
    0.002292681907989813,
    0.0010300622106059754,
    0.0006675238782464232,
    0.001023653735156893,
    0.000616706589642968,
    0.00046318322338567697,
    0.0004793162571987697,
    0.0005270397091817758,
    0.0005447331218775275,
    0.0003781080125085934,
    0.0003017765929025362,
    0.0006528316260481226,
    0.00044101823378528415,
    0.0004500124265734984,
    0.00035796225798478964,
    0.00056727460191075,
    0.00044758263017319333,
    0.0004344128490216814,
    0.0008680978142864282,
    0.0008161265544406326,
    0.0007729749389402407,
    0.0008011508488157126,
    0.001141578017448519,
    0.0011134170513801278,
    0.0009030933509707184,
    0.0005614514765286405,
    0.0008358504105058229,
    0.0022922398076182793,
    0.003960047403881672,
    0.0008233273069875313,
    0.0004068765652871509,
    0.0007169313474393313,
    0.0005826220935176707,
    0.0006859097310252249,
    0.0005809873369050367,
    0.0007031042185976499,
    0.0010311569851504387,
    0.0011886551899685793,
    0.0008191267167416694,
    0.0005670438912063203,
    0.0007983868565644148,
    0.0034234489429809667,
    0.011951747247256006,
    0.0010257471487554737,
    0.001154997415078629,
    0.003623831642004527,
    0.005113078913882574,
    0.0031159779739694526,
    0.0035678456221096555,
    0.008205872416800819,
    0.025237182513750622,
    0.031963524031461854,
    0.0762360949754941
  ],
  "energy_ratio": {
    "k4": [
      0.9703010520627801,
      0.9696821689177315,
      0.9697606874275401,
      0.9698198376405656,
      0.9695604065218242,
      0.9701282251912989,
      0.9692875951088572,
      0.9693770626860944,
      0.9689605686863202,
      0.969579539982657,
      0.969140521587511,
      0.9689702202955932,
      0.9695683915427556,
      0.9687798583093132,
      0.9686382180118476,
      0.9684135414276998,
      0.9693157978513954,
      0.968251254105967,
      0.9683460925616513,
      0.9680933297698219,
      0.9676981925889774,
      0.9673671117253081,
      0.9672808796473396,
      0.9668679800289872,
      0.9665451752772763,
      0.9663072343762232,
      0.965600060479918,
      0.9653090956798361,
      0.9648007124860015,
      0.9641375956581465,
      0.9637893448262095,
      0.9635573577794805,
      0.9629362174354861,
      0.962727201846495,
      0.9622804891033893,
      0.961997963646348,
      0.9612901124434102,
      0.9610089786189665,
      0.9603979785664751,
      0.9600401752276129,
      0.95946944281668,
      0.9589092211051177,
      0.9584626779035735,
      0.9577668852460313,
      0.9571390317181941,
      0.956551727381846,
      0.9561607880674509,
      0.9552812952051517,
      0.9547685130321756,
      0.9540749111474575,
      0.9532058396713077,
      0.9524065387127763,
      0.9515612566749437,
      0.9506206053695442,
      0.9496906334522782,
      0.9486150527117235,
      0.9476043783263131,
      0.9464151495321055,
      0.945079930735902,
      0.944126333173521,
      0.942618457722766,
      0.9411224520362789,
      0.9397371655240273,
      0.9379492003779075,
      0.9363452597200089,
      0.9345561878405151,
      0.9325875612222541,
      0.9305626935190263,
      0.9282841781271051,
      0.9258026079843394,
      0.9232337917467598,
      0.9203920187539754,
      0.9173245448002318,
      0.9141536264920506,
      0.910513255278016,
      0.9068562944111147,
      0.9024691412023977,
      0.8980818203256414,
      0.892915595954759,
      0.8873942761687926,
      0.8813583648576231,
      0.8747054997955076,
      0.8672479740371258,
      0.8589829293854548,
      0.8499517510746408,
      0.8395061056279506,
      0.8284440445462171,
      0.8153921879256613,
      0.8017355829968725,
      0.7863510285663174,
      0.7685275952174042,
      0.7494336674134803,
      0.7278486309374604,
      0.7042436133729408,
      0.678320652223904,
      0.6499810533649644,
      0.6189020189422765,
      0.60625858080046,
      0.609633728416064,
      0.6618824424550375
    ],