{
  "block": "model_input_blocks_4",
  "target_block_name": "model.input_blocks.4",
  "T": 100,
  "C": 128,
  "N": 32,
  "H": 64,
  "W": 64,
  "rank_r": 80,
  "representative_t": 99,
  "energy_threshold": 0.98,
  "actual_energy_at_r": 0.9802949036439643,
  "timesteps": [
    0,
    1,
    2,
    3,
    4,
    5,
    6,
    7,
    8,
    9,
    10,
    11,
    12,
    13,
    14,
    15,
    16,
    17,
    18,
    19,
    20,
    21,
    22,
    23,
    24,
    25,
    26,
    27,
    28,
    29,
    30,
    31,
    32,
    33,
    34,
    35,
    36,
    37,
    38,
    39,
    40,
    41,
    42,
    43,
    44,
    45,
    46,
    47,
    48,
    49,
    50,
    51,
    52,
    53,
    54,
    55,
    56,
    57,
    58,
    59,
    60,
    61,
    62,
    63,
    64,
    65,
    66,
    67,
    68,
    69,
    70,
    71,
    72,
    73,
    74,
    75,
    76,
    77,
    78,
    79,
    80,
    81,
    82,
    83,
    84,
    85,
    86,
    87,
    88,
    89,
    90,
    91,
    92,
    93,
    94,
    95,
    96,
    97,
    98,
    99
  ],
  "subspace_dist": [
    0.0,
    0.005520756940497362,
    0.006402192270755669,
    0.03405573464151779,
    0.015639763150990582,
    0.038675566013344875,
    0.0369985609529595,
    0.005277911116605916,
    0.022236761425122653,
    0.0058476143459106344,
    0.025717354267782766,
    0.017145682444663635,
    0.06285570408664043,
    0.042635290428713724,
    0.04265513443222879,
    0.027720695700898856,
    0.016887380805770014,
    0.02739029919839131,
    0.02724675443932978,
    0.05765417072092238,
    0.04459816289182894,
    0.003883767220522971,
    0.003645835317838908,
    0.0028831549576088245,
    0.022986334030526856,
    0.0036209631576145096,
    0.010989578643825881,
    0.002995295596200931,
    0.001927317295060904,
    0.003858931737277027,
    0.0020795949058636243,
    0.0025149749679037603,
    0.003999983680179953,
    0.0024769665723729517,
    0.0055978999159013165,
    0.003942075246610721,
    0.0040024299645329275,
    0.007241303150084755,
    0.0030095929066071836,
    0.001958171033089151,
    0.0024169810847848305,
    0.0022109680922222097,
    0.0029691591385890836,
    0.003239095564350203,
    0.0012327937719810445,
    0.0011245205233881839,
    0.004578261791737148,
    0.013381908412190335,
    0.013959054671031423,
    0.001193163648136042,
    0.002691548732244753,
    0.0021007173254921074,
    0.0012275647388761968,
    0.0018164331562126046,
    0.0029087770086146936,
    0.011341975177407426,
    0.002413376622993235,
    0.0010167739482375149,
    0.0015073699101211258,
    0.0009726018235642897,
    0.0008129025528800238,
    0.0048056151477983144,
    0.0009825984507412233,
    0.0024636037222769414,
    0.0005692274232738104,
    0.000578914345017778,
    0.000836960547047072,
    0.0008804155752868414,
    0.0008258253092343626,
    0.0008813469572105381,
    0.0012859500268398438,
    0.0008653299211729415,
    0.0013474171864750195,
    0.0008488540653844856,
    0.0007474624847383371,
    0.0009289405438671627,
    0.0009876753718944808,
    0.0007221730522205538,
    0.01279257448301474,
    0.001112403192691902,
    0.001770303097411663,
    0.0005735383855209886,
    0.0007258349734329261,
    0.0008783888569212639,
    0.0009767541200360608,
    0.000734139123360178,
    0.0007304991319969645,
    0.0009207791830420087,
    0.001080210869508491,
    0.0009177961798432221,
    0.0014746240443411773,
    0.0013632561676288901,
    0.0019970381740549437,
    0.0021566860104595964,
    0.0029462114159528596,
    0.005659790890994998,
    0.009081917147603091,
    0.011952894610497422,
    0.029148979684744836,
    0.10255762288586268
  ],
  "energy_ratio": {
    "k4": [
      0.9252677304115613,
      0.9277355665817809,
      0.925733860789338,
      0.9354260512219865,
      0.930952761979333,
      0.9384319341797398,
      0.9318516206690132,
      0.9309881083251211,
      0.9361635268003514,
      0.9389948100754792,
      0.9351269910815602,
      0.9400261127169665,
      0.9347550187211252,
      0.9353857186554413,
      0.9335309332251155,
      0.934801421221806,
      0.9402141946932034,
      0.928250334956117,
      0.9283634193657119,
      0.9428397988132698,
      0.9376454821814382,
      0.9354965938275774,
      0.9379383510197847,
      0.9380342233521247,
      0.9451088670436273,
      0.945007060201144,
      0.9446253918413088,
      0.9449130046286709,
      0.944583091305777,
      0.9440195754403777,
      0.943164423766787,
      0.9409777274106952,
      0.9414267250366758,
      0.9405575994677656,
      0.9355892346236869,
      0.9379185701336634,
      0.9349034063944757,
      0.9332143263396611,
      0.9306699042804917,
      0.927853340258247,
      0.9231723803997326,
      0.9211345500895095,
      0.9222967931627696,
      0.9201399528811932,
      0.9176594456810678,
      0.9148858567559562,
      0.9137611597235935,
      0.9090649405330933,
      0.9079692181355148,
      0.906819151897619,
      0.9037029308171398,
      0.9012072395690589,
      0.898918139432347,
      0.89659526596918,
      0.8948852752618531,
      0.8919565955772008,
      0.8887680520242273,
      0.887126028195286,
      0.8839030381714404,
      0.8829883216451074,
      0.8801821489336625,
      0.8754653738211049,
      0.8741652360892075,
      0.8703192961608045,
      0.8681322647246043,
      0.8656719881716236,
      0.861134626152252,
      0.8586664008051919,
      0.8543889442364997,
      0.8510177653516703,
      0.847569899992283,
      0.8439361466794543,
      0.8399283509147583,
      0.8363371514557301,
      0.8319574829204215,
      0.8257017091691587,
      0.8202856397891858,
      0.8174058081698106,
      0.8121411322269871,
      0.8066013802756989,
      0.7995455151039781,
      0.7955539869157625,
      0.7910446040157473,
      0.783291044243965,
      0.775317269107588,
      0.7702489824900111,
      0.7630753646075528,
      0.7534787269824104,
      0.7432701649864709,
      0.7337175807181286,
      0.7232082622571975,
      0.7128316866971132,
      0.6984737141721306,
      0.6831129310545637,
      0.6679417731400907,
      0.6465531061855462,
      0.6227254171854891,
      0.5931733252295597,
      0.5565985432255306,
      0.5221800769614608
    ],