{
  "block": "model_input_blocks_8",
  "target_block_name": "model.input_blocks.8",
  "T": 100,
  "C": 256,
  "N": 32,
  "H": 32,
  "W": 32,
  "rank_r": 192,
  "representative_t": 99,
  "energy_threshold": 0.98,
  "actual_energy_at_r": 0.9803134208802453,
  "timesteps": [
    0,
    1,
    2,
    3,
    4,
    5,
    6,
    7,
    8,
    9,
    10,
    11,
    12,
    13,
    14,
    15,
    16,
    17,
    18,
    19,
    20,
    21,
    22,
    23,
    24,
    25,
    26,
    27,
    28,
    29,
    30,
    31,
    32,
    33,
    34,
    35,
    36,
    37,
    38,
    39,
    40,
    41,
    42,
    43,
    44,
    45,
    46,
    47,
    48,
    49,
    50,
    51,
    52,
    53,
    54,
    55,
    56,
    57,
    58,
    59,
    60,
    61,
    62,
    63,
    64,
    65,
    66,
    67,
    68,
    69,
    70,
    71,
    72,
    73,
    74,
    75,
    76,
    77,
    78,
    79,
    80,
    81,
    82,
    83,
    84,
    85,
    86,
    87,
    88,
    89,
    90,
    91,
    92,
    93,
    94,
    95,
    96,
    97,
    98,
    99
  ],
  "subspace_dist": [
    0.0,
    0.023922632548990852,
    0.01580564410804619,
    0.022062110861383544,
    0.019333556238281258,
    0.031505506241108705,
    0.025945455479290502,
    0.008845728666503683,
    0.01732722464605352,
    0.006417432919199495,
    0.013040122186974146,
    0.011405969083637557,
    0.02967420592153014,
    0.02765879963103901,
    0.025407163206678907,
    0.016200421212911542,
    0.012912790737788726,
    0.0200009293367982,
    0.013651951482275826,
    0.036724497580652216,
    0.025142149127035274,
    0.0068947393694885895,
    0.005259530087064257,
    0.00805986223248889,
    0.013517929113268434,
    0.005236465653591371,
    0.004580034533947952,
    0.006238025518476853,
    0.005182068776141691,
    0.007646524612520245,
    0.005889681457229234,
    0.005420657505184168,
    0.006004125277552119,
    0.005542633571321343,
    0.004768846796486592,
    0.00445010305058291,
    0.0028480856384124342,
    0.002093055972541613,
    0.0027278389970902817,
    0.00246204536127248,
    0.003042179124398192,
    0.006701517706660165,
    0.0044432855389887616,
    0.005786669805313394,
    0.00437133993941996,
    0.0023544825102347344,
    0.0064945105140689074,
    0.002963997922375561,
    0.0024468694889684395,
    0.002043276294551588,
    0.00595739421810626,
    0.0019942022086546496,
    0.0016170066107732417,
    0.002001378956578481,
    0.005474944824614636,
    0.002055531748335171,
    0.0015444140635082482,
    0.001576725191083983,
    0.002321748638158483,
    0.001191978659967674,
    0.001686814209841736,
    0.0021400036197336547,
    0.0013931760706178409,
    0.0010418294917537985,
    0.0015355711525174565,
    0.0014268151958759523,
    0.001327694857787165,
    0.0010423772077744475,
    0.0014270574920797197,
    0.0008859078883327598,
    0.00257112447168939,
    0.0021065171484199174,
    0.001170447932330121,
    0.0011012313829977805,
    0.0007844235523878362,
    0.001994689955129747,
    0.002466417313347402,
    0.001953684874307471,
    0.0014197375288590441,
    0.0037180081261665165,
    0.004230097008924516,
    0.0008308594516893697,
    0.0013358289000869883,
    0.0010957344314063144,
    0.004815285862904584,
    0.002872912722169274,
    0.0016361826708554128,
    0.0007183223089022306,
    0.0008778571413644576,
    0.0012633768307543924,
    0.0011202964595554699,
    0.005932562000189434,
    0.00392672604994837,
    0.002310197625072674,
    0.006666529542637023,
    0.0028339850547788314,
    0.004813522367299705,
    0.004406127905524193,
    0.009665283560796545,
    0.034150742743754514
  ],
  "energy_ratio": {
    "k4": [
      0.8850734584070622,
      0.8903307023749166,
      0.8905718897159185,
      0.8931566808835617,
      0.8935918548304148,
      0.8950490070491978,
      0.8910424185694753,
      0.890508619375283,
      0.8913024996979978,
      0.8922281043201337,
      0.890025310709242,
      0.888762745660793,
      0.8869305106231805,
      0.8871549917794946,
      0.8827745506593866,
      0.8805657354133275,
      0.8833776512988757,
      0.8773681036070526,
      0.8791073332893324,
      0.8740390532681566,
      0.8767150005725456,
      0.8749808813511546,
      0.8727975649110788,
      0.8703114696689985,
      0.867481336839311,
      0.8651956167670095,
      0.8623232848599696,
      0.8603693544177377,
      0.8582680465924999,
      0.8554129861408855,
      0.8528558886661717,
      0.8488595921835062,
      0.8467959383750794,
      0.8428121077538427,
      0.8379342578106959,
      0.8362475556436434,
      0.8310498257561817,
      0.8276938135526677,
      0.8217753357896942,
      0.819303101492496,
      0.8156380488793635,
      0.8096390121226187,
      0.80747276868115,
      0.8011695179169144,
      0.7983866861231915,
      0.7936135328317547,
      0.7896893377286921,
      0.7843481160792452,
      0.7781818697270644,
      0.7741431666167529,
      0.7678324426790976,
      0.7628851677914008,
      0.7562376420922976,
      0.7512711923616773,
      0.7459127808627958,
      0.7392673129729914,
      0.7321950477994063,
      0.7256890120000972,
      0.7192822559069121,
      0.7167321973239927,
      0.7080198563060511,
      0.7002723901202855,
      0.6936099601522493,
      0.6852127293613097,
      0.6813063024900721,
      0.6725893882972733,
      0.6649869826122312,
      0.6580467564023993,
      0.6492368802295619,
      0.6421887019700181,
      0.6336900228192889,
      0.626431602270611,
      0.6179205212706665,
      0.6103690038528987,
      0.6020135163087578,
      0.5926222409448625,
      0.5830142399774927,
      0.5768513148237395,
      0.567051978205921,
      0.5567973372566126,
      0.5451654961750768,
      0.5376702664917055,
      0.5291078188788945,
      0.5173075396971426,
      0.5056285501206905,
      0.4956144356635153,
      0.4845754290039737,
      0.4716936354965383,
      0.4591756003244263,
      0.4456490876520904,
      0.43260675345181576,
      0.4187614937438265,
      0.4018478630262799,
      0.3847359661113877,
      0.3662506503255949,
      0.3450040804585752,
      0.32059714416741547,
      0.29306148765850626,
      0.26233277025154117,
      0.2510158288004488
    ],