{
  "block": "model_input_blocks_12",
  "target_block_name": "model.input_blocks.12",
  "T": 100,
  "C": 384,
  "N": 32,
  "H": 8,
  "W": 8,
  "rank_r": 315,
  "representative_t": 99,
  "energy_threshold": 0.98,
  "actual_energy_at_r": 0.9802592877124259,
  "timesteps": [
    0,
    1,
    2,
    3,
    4,
    5,
    6,
    7,
    8,
    9,
    10,
    11,
    12,
    13,
    14,
    15,
    16,
    17,
    18,
    19,
    20,
    21,
    22,
    23,
    24,
    25,
    26,
    27,
    28,
    29,
    30,
    31,
    32,
    33,
    34,
    35,
    36,
    37,
    38,
    39,
    40,
    41,
    42,
    43,
    44,
    45,
    46,
    47,
    48,
    49,
    50,
    51,
    52,
    53,
    54,
    55,
    56,
    57,
    58,
    59,
    60,
    61,
    62,
    63,
    64,
    65,
    66,
    67,
    68,
    69,
    70,
    71,
    72,
    73,
    74,
    75,
    76,
    77,
    78,
    79,
    80,
    81,
    82,
    83,
    84,
    85,
    86,
    87,
    88,
    89,
    90,
    91,
    92,
    93,
    94,
    95,
    96,
    97,
    98,
    99
  ],
  "subspace_dist": [
    0.0,
    0.011843213190073087,
    0.009711561385369882,
    0.007462357728105551,
    0.0062916867936347876,
    0.01085501454742066,
    0.009747655496851304,
    0.005125332162351781,
    0.005824548745502756,
    0.004138680735187195,
    0.005177287733381664,
    0.004387128256865713,
    0.008649356972879718,
    0.00802812310782286,
    0.00832581218413464,
    0.007358064338232273,
    0.004953408111844526,
    0.005688786766326781,
    0.006212552192985443,
    0.010225022668790329,
    0.0077461236130274,
    0.004870354596908877,
    0.0039030399824119266,
    0.003611208532448451,
    0.00446671281881339,
    0.0038579851479736416,
    0.0036803267875202827,
    0.002918330190558982,
    0.004803020498414856,
    0.002820067660797121,
    0.005428600094055325,
    0.002500612722711737,
    0.0030085062161143705,
    0.0024440061227550824,
    0.002421272068839464,
    0.003110684353842097,
    0.002427767379157064,
    0.0030270658669913075,
    0.0032564358065495513,
    0.0023294914333943373,
    0.004932103826304046,
    0.002671649425771583,
    0.0021124207869199774,
    0.0044110914550336,
    0.0029340990464630234,
    0.003506744707394871,
    0.0029940486864193927,
    0.0039649370978966925,
    0.00501020093647464,
    0.00214231765721018,
    0.0037034290551325455,
    0.0018108696957175319,
    0.004306641878800255,
    0.004350538509982571,
    0.003056563257875955,
    0.004479564338536579,
    0.0028886786246739016,
    0.001985325408164873,
    0.003921568023166122,
    0.0025627662413781893,
    0.001880043468601822,
    0.0018568382724578614,
    0.0016699377824659356,
    0.0017209700807634398,
    0.004205432495435257,
    0.0036044337378356994,
    0.002811298678446761,
    0.0020724088262709106,
    0.00140998827220995,
    0.0014201870241170589,
    0.0015740023504026146,
    0.001451987379144648,
    0.001568441674965726,
    0.0017047964616739852,
    0.0015897938001503409,
    0.0014658130309874728,
    0.0016762517917309205,
    0.0019021301272827973,
    0.0019108440529118642,
    0.0021701617546076024,
    0.002280602483796468,
    0.001444761219767221,
    0.001528520115275156,
    0.0013405158982997545,
    0.001445286905599641,
    0.0019840817986256365,
    0.0038509425594946967,
    0.0018341419718862495,
    0.001875009841339148,
    0.0015392152081143973,
    0.001375923885212571,
    0.0032980369650429386,
    0.00466818718660178,
    0.003976004149915613,
    0.0028190475613695254,
    0.00273889292209617,
    0.0036556774011193838,
    0.005524468789551817,
    0.012053900914564819,
    0.038623146950927945
  ],
  "energy_ratio": {
    "k4": [
      0.2812287853843758,
      0.2762229526063666,
      0.2633497135519095,
      0.262502647244152,
      0.2606432348921046,
      0.257964550056337,
      0.25601296403199875,
      0.2569037998217431,
      0.2517497403037201,
      0.2517292667367866,
      0.2518219450858665,
      0.24910912036801755,
      0.2517189787303285,
      0.24840912103313773,
      0.24775853594601124,
      0.2441409673569297,
      0.24507366061201255,
      0.24250998622291717,
      0.24250767121539019,
      0.23739038061405424,
      0.23530864680297178,
      0.23307874767847173,
      0.23056851048859076,
      0.22901180159577253,
      0.22556207508358486,
      0.22327317210304987,
      0.2216763495126081,
      0.21906211743104662,
      0.21792328593176025,
      0.21608157324883123,
      0.2139743849357806,
      0.2104715352732141,
      0.2100347078805933,
      0.20775677287246977,
      0.20524786589237295,
      0.20412150681739735,
      0.20209897955207556,
      0.19970372546320223,
      0.19760369191304858,
      0.19649700132850556,
      0.19425070975752756,
      0.19237627872311552,
      0.19126960454016054,
      0.19015748725815781,
      0.18842362606886853,
      0.187670809442803,
      0.1864301091189313,
      0.18430201093523435,
      0.18307899443874245,
      0.18181214089870684,
      0.1810797440084777,
      0.17917358264198638,
      0.17748644333621286,
      0.17625448433615587,
      0.1752318842630369,
      0.17442029267654713,
      0.1728205434365337,
      0.17206147089978024,
      0.17107275789051482,
      0.17013248260235905,
      0.168834951259865,
      0.16788424559777035,
      0.16672257536942606,
      0.1659488562913413,
      0.16572559252219699,
      0.16511959788044034,
      0.1635060837141395,
      0.16324633573007039,
      0.16243109314728943,
      0.16143661188341668,
      0.16081968001188707,
      0.16022966386905582,
      0.1597682043222561,
      0.15894856384009065,
      0.15855274515283965,
      0.15767540909710445,
      0.1570372345134574,
      0.15719068481009124,
      0.1560344382869348,
      0.15551362654410614,
      0.15492915006717792,
      0.1545056051056759,
      0.15410111849971855,
      0.15326361786033682,
      0.1525798976366241,
      0.15194304293017308,
      0.15148096993139523,
      0.15084515303993015,
      0.15027610839186586,
      0.14962688754955006,
      0.14886755100419338,
      0.14817930175196123,
      0.14699732590925815,
      0.14595598405400217,
      0.14480056370666278,
      0.14361420653820478,
      0.14233842047409972,
      0.14095522928162624,
      0.13929407785317569,
      0.1547640701552913
    ],