{
  "block": "model_output_blocks_5",
  "target_block_name": "model.output_blocks.5",
  "T": 100,
  "C": 384,
  "N": 32,
  "H": 32,
  "W": 32,
  "rank_r": 292,
  "representative_t": 99,
  "energy_threshold": 0.98,
  "actual_energy_at_r": 0.9802794597053552,
  "timesteps": [
    0,
    1,
    2,
    3,
    4,
    5,
    6,
    7,
    8,
    9,
    10,
    11,
    12,
    13,
    14,
    15,
    16,
    17,
    18,
    19,
    20,
    21,
    22,
    23,
    24,
    25,
    26,
    27,
    28,
    29,
    30,
    31,
    32,
    33,
    34,
    35,
    36,
    37,
    38,
    39,
    40,
    41,
    42,
    43,
    44,
    45,
    46,
    47,
    48,
    49,
    50,
    51,
    52,
    53,
    54,
    55,
    56,
    57,
    58,
    59,
    60,
    61,
    62,
    63,
    64,
    65,
    66,
    67,
    68,
    69,
    70,
    71,
    72,
    73,
    74,
    75,
    76,
    77,
    78,
    79,
    80,
    81,
    82,
    83,
    84,
    85,
    86,
    87,
    88,
    89,
    90,
    91,
    92,
    93,
    94,
    95,
    96,
    97,
    98,
    99
  ],
  "subspace_dist": [
    0.0,
    0.01672157960593046,
    0.007218091452541486,
    0.0061663999159220495,
    0.007274391205730146,
    0.0051326962400845,
    0.006308047507306402,
    0.0024196394045783443,
    0.0023554227373071557,
    0.0019327911634201556,
    0.002769135831092173,
    0.0032386050988456594,
    0.0036690789131026413,
    0.0033618892033866477,
    0.0044553166704314195,
    0.003797684062024631,
    0.004081099089923601,
    0.004264001208454937,
    0.003905018976494423,
    0.006039963195648479,
    0.006538390733779931,
    0.002201475655624119,
    0.0017879012412319595,
    0.004629642520632693,
    0.004433034272653624,
    0.0022655437184797567,
    0.003273495064234022,
    0.001515831010361901,
    0.0019431979609836336,
    0.0022925852874084995,
    0.0020101152867139094,
    0.0021663491478898234,
    0.002366441370268424,
    0.003501039421750729,
    0.004542635878687973,
    0.002474161803161734,
    0.0025327116688381723,
    0.002385534431501579,
    0.0018822826888267308,
    0.0016952892449358936,
    0.0013642223436043377,
    0.004543180115215262,
    0.004269644213297563,
    0.0017641424735040934,
    0.0038578693268074282,
    0.002339402742493557,
    0.00415562296990124,
    0.0024362927742936913,
    0.0014096212830619903,
    0.001340350277405311,
    0.0015466205082097506,
    0.0019562458724713405,
    0.003103799379883254,
    0.002873658711701421,
    0.002464767413651092,
    0.002080945847745652,
    0.00213694802580755,
    0.00141539378105493,
    0.0014709379599328054,
    0.002212777242549313,
    0.001463118403377317,
    0.0015792056824148748,
    0.0012407951038322373,
    0.001412350043696109,
    0.0012573756535870784,
    0.0015392829724628632,
    0.0014657350417045523,
    0.0019494121749077387,
    0.001104166842048393,
    0.0014749027897051903,
    0.0017333491686930547,
    0.0009065586185563745,
    0.0016726830373521295,
    0.001407134843162794,
    0.0011863932649276432,
    0.0010497772401113492,
    0.0012106286124747845,
    0.003891443988122356,
    0.0021575874359125446,
    0.002554475312675164,
    0.002933536629832978,
    0.0013426021527891407,
    0.0017694553851927974,
    0.0013926969753412788,
    0.0012246856497457603,
    0.0032177047026007433,
    0.0013936412090789219,
    0.0023160621489033417,
    0.0013415112219565817,
    0.0011130569928651246,
    0.002750343770413499,
    0.004066117090246291,
    0.0016803526398601054,
    0.0022657311482563447,
    0.0030288572003076553,
    0.0028874852089103564,
    0.004133917915448926,
    0.007179263483017895,
    0.007614913386284505,
    0.03822453832168271
  ],
  "energy_ratio": {
    "k4": [
      0.45781383884601173,
      0.43969841678995114,
      0.43112396122929286,
      0.42395626535527803,
      0.4119265711617729,
      0.40812010195695203,
      0.3960561771303985,
      0.3917083580624159,
      0.387087003607665,
      0.38095621271179314,
      0.37154540827534954,
      0.3679246561567454,
      0.36539064279803535,
      0.3630445028311328,
      0.35795904298661657,
      0.36176864259939245,
      0.3545888161588269,
      0.35203793994581695,
      0.3428262842501609,
      0.34111558908377315,
      0.3359072477944279,
      0.33164470540751195,
      0.3294846269202657,
      0.32517266251626714,
      0.3230444065567823,
      0.31933418076993214,
      0.3158585200672424,
      0.3136375662205002,
      0.31128594526702363,
      0.3089418361272905,
      0.3063037482961888,
      0.30427812615153016,
      0.3012680293899367,
      0.2985702874774053,
      0.29637673414885807,
      0.2950814367904698,
      0.2943798015204917,
      0.2905285437509525,
      0.28876550402639006,
      0.28636950767090014,
      0.28409891313264285,
      0.28289002499010574,
      0.2812533117806564,
      0.2801637264180863,
      0.278165754669609,
      0.27720997417497867,
      0.274326814175355,
      0.2733883514832522,
      0.2714266105318129,
      0.2697512029199126,
      0.2694411354331426,
      0.2669393643602471,
      0.26462596300429014,
      0.2634814675316246,
      0.2620705189541075,
      0.2606613325164158,
      0.25793140848563173,
      0.2562672424529543,
      0.25578678917483855,
      0.25357364635701346,
      0.2518815427639114,
      0.2504895779853905,
      0.2491130355048671,
      0.24809873005415026,
      0.24570598734361623,
      0.24466204137501843,
      0.24309443606397177,
      0.24193363124969205,
      0.24033575321496245,
      0.2392958601142037,
      0.23737536384286126,
      0.23603048548423197,
      0.23471560626550447,
      0.23459651477817045,
      0.2327794210714713,
      0.230442745745036,
      0.22946390237891695,
      0.2294368017028864,
      0.2260688975132139,
      0.2248882152362127,
      0.22394934192996785,
      0.22261569822508182,
      0.2207120477417341,
      0.22022832844769064,
      0.21753377489330497,
      0.2170855372936635,
      0.21513802934288617,
      0.21356674847239104,
      0.21238826483939474,
      0.21013311440001897,
      0.208899265874986,
      0.2075467783400214,
      0.20627821225194504,
      0.20478256475452375,
      0.2035562328241122,
      0.202483710425634,
      0.20352121372056683,
      0.20622338576536123,
      0.21403079531969454,
      0.276106946186089
    ],