{
  "block": "model_output_blocks_14",
  "target_block_name": "model.output_blocks.14",
  "T": 100,
  "C": 128,
  "N": 64,
  "H": 128,
  "W": 128,
  "rank_r": 48,
  "representative_t": 99,
  "energy_threshold": 0.98,
  "actual_energy_at_r": 0.9802405765098806,
  "timesteps": [
    0,
    1,
    2,
    3,
    4,
    5,
    6,
    7,
    8,
    9,
    10,
    11,
    12,
    13,
    14,
    15,
    16,
    17,
    18,
    19,
    20,
    21,
    22,
    23,
    24,
    25,
    26,
    27,
    28,
    29,
    30,
    31,
    32,
    33,
    34,
    35,
    36,
    37,
    38,
    39,
    40,
    41,
    42,
    43,
    44,
    45,
    46,
    47,
    48,
    49,
    50,
    51,
    52,
    53,
    54,
    55,
    56,
    57,
    58,
    59,
    60,
    61,
    62,
    63,
    64,
    65,
    66,
    67,
    68,
    69,
    70,
    71,
    72,
    73,
    74,
    75,
    76,
    77,
    78,
    79,
    80,
    81,
    82,
    83,
    84,
    85,
    86,
    87,
    88,
    89,
    90,
    91,
    92,
    93,
    94,
    95,
    96,
    97,
    98,
    99
  ],
  "subspace_dist": [
    0.0,
    0.0015850762329576717,
    0.0005901189346876334,
    0.0004316583453163325,
    0.0005485518743651996,
    0.00182269477850594,
    0.0015152141818641773,
    0.0003219038843623734,
    0.0006291276447757399,
    0.0011308161096725833,
    0.00042825147218417126,
    0.0004671564116840443,
    0.001785937708609464,
    0.000857811012979659,
    0.0016256209507963248,
    0.0006931841795818627,
    0.005124464375793836,
    0.004566822004634652,
    0.020746586257444855,
    0.00207914693236122,
    0.0003622358222447053,
    0.0009077979188510943,
    0.0003652234569416768,
    0.000265079312740113,
    0.000790178091674254,
    0.00020226347216523166,
    0.0015974566339322926,
    0.0005905821953269275,
    0.00033495118450277417,
    0.0003298846521221366,
    0.0002219612584685171,
    0.0004232319458991052,
    0.0012181976945914164,
    0.00024022821373215208,
    0.0006599397497545345,
    0.0005073966027412391,
    0.0017826432844848528,
    0.0007045018649721735,
    0.020979000274603643,
    0.0003999319422079983,
    0.0003803598810256936,
    0.0005501279433822726,
    0.000790768598546765,
    0.0004903720524871424,
    0.0005268286097080965,
    0.0005181245054349803,
    0.0011664266830310188,
    0.0007537172302635176,
    0.001040025051796456,
    0.0007121097168975021,
    0.017209430045786234,
    0.0013074492743854194,
    0.0008239575022925827,
    0.0003773234577147955,
    0.0014036736469763555,
    0.0029443826574055976,
    0.004546009316163668,
    0.0014505100547032024,
    0.0007636697509919577,
    0.000521713756751141,
    0.0007186763588687972,
    0.0008514869619690169,
    0.0023856347328811145,
    0.0016768908550556239,
    0.0013921049549331377,
    0.000393445055994035,
    0.00032450554032559253,
    0.00040319813411338057,
    0.0002974874411290074,
    0.0004299355220781509,
    0.0003504450341740295,
    0.0003684019834415686,
    0.0003884310949135994,
    0.00031720102715704357,
    0.0004103489972587804,
    0.00036869813152407005,
    0.00031972000777447107,
    0.0005609641387014364,
    0.0004476793618840569,
    0.0008048565530875962,
    0.0006345281678780124,
    0.0013647739764275357,
    0.0014840183950196595,
    0.001336731602426866,
    0.0011106276163564965,
    0.0020600777988581953,
    0.00184967302098471,
    0.001545780246059003,
    0.0024952724825050288,
    0.002148786986991613,
    0.0034420913015754673,
    0.0037248880357531045,
    0.005342838133326366,
    0.01085539581450401,
    0.006096591715368693,
    0.007246259448371872,
    0.00800330718773079,
    0.016028340824882137,
    0.0463014213065267,
    0.12962962941307898
  ],
  "energy_ratio": {
    "k4": [
      0.9934034122730313,
      0.9933547099128275,
      0.9933420346339913,
      0.9933611479328515,
      0.9933348307292201,
      0.9933759300122924,
      0.9933208957548547,
      0.9933207724088421,
      0.9933015628085704,
      0.9933316534580754,
      0.9933156802915674,
      0.9932808618586836,
      0.9933595091056192,
      0.993259183702038,
      0.9932614301074771,
      0.9932953038357587,
      0.9933484520308877,
      0.9932974427526964,
      0.9932797208751976,
      0.9932822652259548,
      0.9932771405596467,
      0.9932514048569966,
      0.9932769118926561,
      0.9932438650751783,
      0.9932291560653622,
      0.9932205989409012,
      0.9931679251243636,
      0.9931141194463619,
      0.9931109559741447,
      0.9930854465718799,
      0.9930510800907087,
      0.9930361272410033,
      0.9930181638603823,
      0.99300273580757,
      0.9929937159318257,
      0.9929523657678271,
      0.9929323339903274,
      0.9928872743544107,
      0.9928761198273061,
      0.9928520280103261,
      0.9928146524438379,
      0.992762633270461,
      0.9927357284266208,
      0.9926823674185985,
      0.9926362660986183,
      0.9925899622492133,
      0.9925625413068232,
      0.9924782657776202,
      0.9924413346605574,
      0.9923596281243997,
      0.9923158662702597,
      0.992203413602059,
      0.9921368600958304,
      0.9920534495233579,
      0.991977238013146,
      0.9918845213435409,
      0.9917747378283697,
      0.9916783903519866,
      0.991539419762869,
      0.9914557249414683,
      0.9913409173592139,
      0.9911688996618536,
      0.9910331997397156,
      0.9908488043609196,
      0.9906958267718768,
      0.9905298054867402,
      0.9903181824616468,
      0.9901139108117571,
      0.9899211794833475,
      0.9896730324697879,
      0.9893961010177048,
      0.9891087711292641,
      0.988805086907003,
      0.9884685353099414,
      0.988086879435515,
      0.9876931756215056,
      0.9871963403921463,
      0.9867239772259592,
      0.9862134748809227,
      0.9855406918350986,
      0.9849039355929563,
      0.9841403025014893,
      0.9833128437772675,
      0.9823590481177042,
      0.9813454283349011,
      0.9799032441766784,
      0.978446815234313,
      0.9767879365292812,
      0.9748737041688544,
      0.9725274268963611,
      0.969415450551686,
      0.9657437768534226,
      0.9608732160694636,
      0.9545794350219696,
      0.945851831801091,
      0.9332075734195223,
      0.9138254267100361,
      0.8819105864088747,
      0.82402816542485,
      0.7105474264995669
    ],