{
  "block": "model_output_blocks_7",
  "target_block_name": "model.output_blocks.7",
  "T": 100,
  "C": 256,
  "N": 32,
  "H": 32,
  "W": 32,
  "rank_r": 173,
  "representative_t": 99,
  "energy_threshold": 0.98,
  "actual_energy_at_r": 0.9800594512452155,
  "timesteps": [
    0,
    1,
    2,
    3,
    4,
    5,
    6,
    7,
    8,
    9,
    10,
    11,
    12,
    13,
    14,
    15,
    16,
    17,
    18,
    19,
    20,
    21,
    22,
    23,
    24,
    25,
    26,
    27,
    28,
    29,
    30,
    31,
    32,
    33,
    34,
    35,
    36,
    37,
    38,
    39,
    40,
    41,
    42,
    43,
    44,
    45,
    46,
    47,
    48,
    49,
    50,
    51,
    52,
    53,
    54,
    55,
    56,
    57,
    58,
    59,
    60,
    61,
    62,
    63,
    64,
    65,
    66,
    67,
    68,
    69,
    70,
    71,
    72,
    73,
    74,
    75,
    76,
    77,
    78,
    79,
    80,
    81,
    82,
    83,
    84,
    85,
    86,
    87,
    88,
    89,
    90,
    91,
    92,
    93,
    94,
    95,
    96,
    97,
    98,
    99
  ],
  "subspace_dist": [
    0.0,
    0.014430572745829595,
    0.006555427755392307,
    0.005995300031134021,
    0.011933714085771707,
    0.01420871715360117,
    0.0069947014854891965,
    0.003833023069563235,
    0.0037255347614777445,
    0.001975148198910759,
    0.002422088486716878,
    0.0013587777599102235,
    0.0028478819339313732,
    0.0032447577506662384,
    0.0020158530290225185,
    0.0018502366937753756,
    0.001922216293576473,
    0.00415816802131741,
    0.0035838651454846993,
    0.0035474112723846707,
    0.003787056055821081,
    0.0009333863096997463,
    0.0028146579810133243,
    0.003725412823482821,
    0.002138016430450973,
    0.00230655904525634,
    0.002191798543268897,
    0.000575848018896874,
    0.0006455631837988252,
    0.0007533937525053824,
    0.00088817055961532,
    0.0008830828051528128,
    0.0013361739246676718,
    0.0016236635866886395,
    0.0005638823385487601,
    0.0011059355255772507,
    0.0015167747255735442,
    0.0006520647931890222,
    0.000608030472516008,
    0.0007385451789079234,
    0.0007529485188718654,
    0.0021390667139381536,
    0.0008360384952246225,
    0.0007223067993538113,
    0.00041807654472969524,
    0.0003513642969944497,
    0.0005124072711250038,
    0.000517443754433744,
    0.0009022108044239863,
    0.0003944483461322257,
    0.0006051635088788476,
    0.0005708622606561686,
    0.0005680582021457825,
    0.0003418485859326692,
    0.00044064104874375065,
    0.0007182840489454723,
    0.0007008225729087103,
    0.0003201932725578338,
    0.0003273698349713916,
    0.00044547602638134176,
    0.0005546504738621616,
    0.0005346348642634169,
    0.0004996584489530553,
    0.00033170026149342835,
    0.0004890746124112111,
    0.00042167299164375116,
    0.00036157184556628863,
    0.0004975006857997899,
    0.00038465930980224883,
    0.0005055655262254932,
    0.000562470491522693,
    0.0005650282335150081,
    0.00044357423249397065,
    0.0005410634711648932,
    0.00044094968696384296,
    0.0005365819822503726,
    0.0004499336911790719,
    0.0005200644088484419,
    0.0007922815163243779,
    0.0005510318763758404,
    0.001248404080478438,
    0.004496339675747474,
    0.0005440328250944093,
    0.0005278800055447119,
    0.0012362704587411955,
    0.000558083423468303,
    0.0004956646589007185,
    0.0007351556586786545,
    0.0013433142772319995,
    0.00047439321238695875,
    0.0004911354904976184,
    0.0006915550367071477,
    0.0010189926305421704,
    0.002300344051065606,
    0.002335416515798716,
    0.0015832054405250373,
    0.0017904004908835258,
    0.007331133773677445,
    0.005978942418234712,
    0.034556205867015355
  ],
  "energy_ratio": {
    "k4": [
      0.6535675233063949,
      0.6312329208620978,
      0.615036066821845,
      0.614684967440778,
      0.6041348635757954,
      0.6011246727875226,
      0.5805326577814529,
      0.577259583981052,
      0.5686623213864763,
      0.5658317809725124,
      0.55412493175939,
      0.5490360043014817,
      0.5493144601763812,
      0.5412890171312903,
      0.5366464641547922,
      0.5340485758747172,
      0.5297940743337908,
      0.5210555352991625,
      0.519725998552774,
      0.5154097111367282,
      0.5135964528034028,
      0.5086849364429303,
      0.5074882620640937,
      0.5021260772786098,
      0.5010695192982487,
      0.49633498638508866,
      0.4961659561004377,
      0.4933117218470261,
      0.49065768148172084,
      0.488718739192951,
      0.48652819484765564,
      0.4840553139910203,
      0.48162681777148275,
      0.48176605108300496,
      0.47723364888188996,
      0.4756383332020606,
      0.4733375351338299,
      0.4694480577971459,
      0.4667799938156358,
      0.4635366966178172,
      0.460792961841537,
      0.4570257615827958,
      0.45541341566459814,
      0.4542132402937094,
      0.45044889698726454,
      0.4471323648787349,
      0.44289508044548415,
      0.4406566801214508,
      0.4363252855273784,
      0.4330130969941329,
      0.4307274367683883,
      0.4260393424841351,
      0.4221082998643453,
      0.4187929552351639,
      0.4153286974133022,
      0.4122156570912043,
      0.40704750289868336,
      0.4036141465307761,
      0.4005499547424744,
      0.396765793577894,
      0.3925578260197404,
      0.3889261524698218,
      0.38491355622366746,
      0.3812678146344887,
      0.377097761127553,
      0.37363897475571,
      0.37011786724492446,
      0.36685286100487025,
      0.3626525184993143,
      0.3594566365373295,
      0.3554565389094537,
      0.3513638440879985,
      0.3483598403553339,
      0.34522461330565685,
      0.34126891803678894,
      0.3366339997033051,
      0.33388404231665636,
      0.33101676229059546,
      0.3263154850580512,
      0.32288237420484844,
      0.31895908895125596,
      0.31544966890602144,
      0.3116904242441814,
      0.308535491809592,
      0.30358107916925187,
      0.3006637968431156,
      0.2963994072587972,
      0.29227964504313536,
      0.28831987938652737,
      0.28341165974638866,
      0.2790839183923604,
      0.2744266542267684,
      0.2694319436049818,
      0.2635475810094861,
      0.25727042218334656,
      0.25038802708592744,
      0.24429724856211488,
      0.2398656097717685,
      0.24391990499146401,
      0.31264644474048064
    ],