{
  "block": "model_output_blocks_6",
  "target_block_name": "model.output_blocks.6",
  "T": 100,
  "C": 256,
  "N": 32,
  "H": 32,
  "W": 32,
  "rank_r": 186,
  "representative_t": 99,
  "energy_threshold": 0.98,
  "actual_energy_at_r": 0.9803840032524674,
  "timesteps": [
    0,
    1,
    2,
    3,
    4,
    5,
    6,
    7,
    8,
    9,
    10,
    11,
    12,
    13,
    14,
    15,
    16,
    17,
    18,
    19,
    20,
    21,
    22,
    23,
    24,
    25,
    26,
    27,
    28,
    29,
    30,
    31,
    32,
    33,
    34,
    35,
    36,
    37,
    38,
    39,
    40,
    41,
    42,
    43,
    44,
    45,
    46,
    47,
    48,
    49,
    50,
    51,
    52,
    53,
    54,
    55,
    56,
    57,
    58,
    59,
    60,
    61,
    62,
    63,
    64,
    65,
    66,
    67,
    68,
    69,
    70,
    71,
    72,
    73,
    74,
    75,
    76,
    77,
    78,
    79,
    80,
    81,
    82,
    83,
    84,
    85,
    86,
    87,
    88,
    89,
    90,
    91,
    92,
    93,
    94,
    95,
    96,
    97,
    98,
    99
  ],
  "subspace_dist": [
    0.0,
    0.017364454539496643,
    0.007267587991399926,
    0.010362514627618724,
    0.009851727223820661,
    0.007373140344573592,
    0.007753393567891731,
    0.001884134691867878,
    0.00258891172408926,
    0.0033707600340177057,
    0.003915847406605111,
    0.0012805154066465319,
    0.0072455399744018045,
    0.004191774868167686,
    0.002412779080850247,
    0.006546245575378529,
    0.006864476104030293,
    0.002331921651974711,
    0.0023808760832313425,
    0.0024378847726272967,
    0.0019505424258390303,
    0.0009829091617116203,
    0.0008238914784356455,
    0.0011517986992496398,
    0.0008975760895129081,
    0.0006779073323892604,
    0.000937933189747886,
    0.001606703446413782,
    0.003939024191726537,
    0.0008475720034362144,
    0.0006888100526680763,
    0.0005706085035561692,
    0.0006843760481476391,
    0.0020387316166449176,
    0.0009837792090706676,
    0.0005166610102722569,
    0.0005064585936773724,
    0.000793855033300761,
    0.0007323999149787541,
    0.0009213755153784087,
    0.0010621518266248353,
    0.001604853072170176,
    0.0012805168087399732,
    0.0010177536964658396,
    0.001646644143399656,
    0.0004428891688564862,
    0.0014055790265761203,
    0.0009507703187251471,
    0.0005872449490319509,
    0.0029709136870740283,
    0.0012306774878481086,
    0.0004925156185191515,
    0.0008485850276326312,
    0.0009036275946693317,
    0.0007006946009380233,
    0.0006206724394035579,
    0.0009093312223151795,
    0.0003607364067853558,
    0.0003677498035913329,
    0.0006572567263569695,
    0.0007879309092102549,
    0.0010470685901642351,
    0.0010119321662314107,
    0.00045436197991455263,
    0.0005745626941218163,
    0.000535794248170407,
    0.0004755720823014231,
    0.0006168956483354471,
    0.000564219094634999,
    0.0006556165332625152,
    0.0007884028185746184,
    0.0012533163974507433,
    0.0008255812478434876,
    0.001177353137950643,
    0.0014317454765083726,
    0.00584711386479575,
    0.005579836545090866,
    0.0019004305361112195,
    0.0018874392111463134,
    0.0006833074157622798,
    0.0013170360856100682,
    0.000491800627803296,
    0.0010366512248940474,
    0.00044939048366232637,
    0.0007443031507170517,
    0.00047502976219926385,
    0.0004249059288496948,
    0.0004909277728412098,
    0.0004137886852744188,
    0.0004674206277762716,
    0.0009230914847725424,
    0.0006890054667468837,
    0.0013438714016204,
    0.001447508021342192,
    0.001223661408663257,
    0.001374524716504677,
    0.002289507118280576,
    0.00550905681890379,
    0.006440146080695208,
    0.03351536419149903
  ],
  "energy_ratio": {
    "k4": [
      0.6071852928816364,
      0.586263231713668,
      0.574529048229109,
      0.5738467365284806,
      0.5610915043630499,
      0.5629205648400346,
      0.544930216135587,
      0.5444578470152734,
      0.5381082217674638,
      0.5360733160012583,
      0.5233208404812852,
      0.5223590831666178,
      0.5222955543530662,
      0.517161751895852,
      0.5140046767218742,
      0.5200807598008349,
      0.5123521515374314,
      0.5060303095443165,
      0.49966354088695686,
      0.4989836236855635,
      0.4896206134618948,
      0.48687827135283374,
      0.4871600041190955,
      0.47943561055765593,
      0.47887257205826966,
      0.4745612841408503,
      0.4709264331845313,
      0.4685978722313768,
      0.4656697972019894,
      0.46330828123618406,
      0.4613207740559475,
      0.4573833187190619,
      0.4565362719604609,
      0.4516152955935435,
      0.44826433462993476,
      0.4480239747856555,
      0.44502741042690513,
      0.440464843954102,
      0.4381197752926805,
      0.4336454999883923,
      0.43092025200183354,
      0.42830577515619345,
      0.425418798259271,
      0.4247606423913453,
      0.4216837067804499,
      0.4185837434833385,
      0.41278170198321995,
      0.41050578956847456,
      0.40710633275453856,
      0.40413663565523883,
      0.40217808575106334,
      0.3977772766230919,
      0.3939192836707249,
      0.39097874223692897,
      0.388019749801283,
      0.38510953605353576,
      0.3803111125172386,
      0.3761844163544045,
      0.3744393453296957,
      0.37103449895370183,
      0.36653107301236354,
      0.3639596385596743,
      0.35977924787451954,
      0.35705563031162707,
      0.3533664471063612,
      0.34999353598676847,
      0.3470552649394033,
      0.344680420512774,
      0.34084232252775637,
      0.33786599429129993,
      0.3341455066204023,
      0.33072767970698536,
      0.3275889704948007,
      0.32525433052069713,
      0.32144867669679117,
      0.31736511117700217,
      0.3147457772603265,
      0.3128276433340474,
      0.3078346283192619,
      0.30520561987960815,
      0.30134080970803384,
      0.298373546890467,
      0.2947393081755588,
      0.2922854032136302,
      0.2875819167457157,
      0.28526879862383553,
      0.2815302437018683,
      0.27799780244637406,
      0.2747998171629793,
      0.27043878844590186,
      0.267008402808568,
      0.2633149634641664,
      0.25931488050801343,
      0.25460441800667216,
      0.24982146222111629,
      0.2445177689899993,
      0.23958543376653657,
      0.23364501369666085,
      0.22904711421988025,
      0.2678254663862183
    ],