{
  "block": "model_output_blocks_4",
  "target_block_name": "model.output_blocks.4",
  "T": 100,
  "C": 384,
  "N": 32,
  "H": 16,
  "W": 16,
  "rank_r": 289,
  "representative_t": 99,
  "energy_threshold": 0.98,
  "actual_energy_at_r": 0.9800781128985909,
  "timesteps": [
    0,
    1,
    2,
    3,
    4,
    5,
    6,
    7,
    8,
    9,
    10,
    11,
    12,
    13,
    14,
    15,
    16,
    17,
    18,
    19,
    20,
    21,
    22,
    23,
    24,
    25,
    26,
    27,
    28,
    29,
    30,
    31,
    32,
    33,
    34,
    35,
    36,
    37,
    38,
    39,
    40,
    41,
    42,
    43,
    44,
    45,
    46,
    47,
    48,
    49,
    50,
    51,
    52,
    53,
    54,
    55,
    56,
    57,
    58,
    59,
    60,
    61,
    62,
    63,
    64,
    65,
    66,
    67,
    68,
    69,
    70,
    71,
    72,
    73,
    74,
    75,
    76,
    77,
    78,
    79,
    80,
    81,
    82,
    83,
    84,
    85,
    86,
    87,
    88,
    89,
    90,
    91,
    92,
    93,
    94,
    95,
    96,
    97,
    98,
    99
  ],
  "subspace_dist": [
    0.0,
    0.006316497671472132,
    0.005329167354891529,
    0.0033212162728045724,
    0.0035671503186150977,
    0.005143374442139637,
    0.005758952674470796,
    0.0027041474807112387,
    0.0024717192927082854,
    0.0018076846559501591,
    0.00349460052440953,
    0.0030367501622537985,
    0.0038306662237287403,
    0.003873914151203972,
    0.0034292242860516353,
    0.003358646039960833,
    0.0028395027526503247,
    0.003254839922760322,
    0.0025742222518476687,
    0.00499231004190559,
    0.004772202562215777,
    0.002055252028443255,
    0.0020005644116507515,
    0.0024068779088207704,
    0.005077287236412653,
    0.004938045319712425,
    0.004633065950096049,
    0.002551963971765603,
    0.004525512466722503,
    0.004461940457444857,
    0.0037243919933167557,
    0.002493655644417947,
    0.0019716093650620214,
    0.002314025022554067,
    0.001592529409146004,
    0.0014187472056145234,
    0.0014927591574923627,
    0.0016435918855842724,
    0.0020441175700552927,
    0.001773242034106448,
    0.0018397082273711174,
    0.001846073105349233,
    0.001577711482011912,
    0.0016112163782103783,
    0.001264246190414542,
    0.0012984938599224227,
    0.001159281921734756,
    0.001830041849670061,
    0.0030316771336428294,
    0.0017191604991633191,
    0.0018606747133926849,
    0.0037898087043444217,
    0.0025894262782805155,
    0.002489218916039704,
    0.0020289534901924977,
    0.0016276079429738965,
    0.0021043211644711235,
    0.0014807705493280476,
    0.0019468530172618292,
    0.004247135434655824,
    0.004111288932084012,
    0.0016922341406994112,
    0.00126562843201794,
    0.0012729158715252264,
    0.001485892281815171,
    0.0019060811927912313,
    0.0013346639885273293,
    0.0018205201018656192,
    0.0018076807869171763,
    0.0016504051512166162,
    0.0015657980778593927,
    0.0013577785978211576,
    0.0021023506213063703,
    0.0019921296890744733,
    0.0017618198154808473,
    0.0018328755867791369,
    0.002368291030468428,
    0.0019765569511275283,
    0.002130960601864129,
    0.0034975638389443953,
    0.001980114975623226,
    0.0023476606533817668,
    0.004533529139443937,
    0.003850708362598043,
    0.004708354623226496,
    0.0023949337714510577,
    0.0043284081205017255,
    0.0035927324758303625,
    0.0019294919167678337,
    0.0012525405867254147,
    0.001683668923063597,
    0.0016908174558636357,
    0.0018173487388642995,
    0.0035525935116739182,
    0.0018274131051283504,
    0.0022813620175685667,
    0.005398795673343781,
    0.005223478949883398,
    0.007799880832323303,
    0.03000352583606658
  ],
  "energy_ratio": {
    "k4": [
      0.3782306469787941,
      0.3764975230088313,
      0.3667089541847059,
      0.3661437201407224,
      0.3620125916368498,
      0.3607825172141211,
      0.35726952044959176,
      0.3552732354873729,
      0.3530350904758204,
      0.3517022999506846,
      0.349365983925686,
      0.34758534281338904,
      0.3461596677997875,
      0.34418262878933914,
      0.34248447401202364,
      0.33982884895024346,
      0.33974437373435334,
      0.33690127341013915,
      0.3354878680338374,
      0.3326715759714836,
      0.33070497081936284,
      0.3287391960905988,
      0.3254833024246406,
      0.32394575494378836,
      0.3225253118928539,
      0.31909180945918547,
      0.31663752788299876,
      0.315024600334175,
      0.31268301862439407,
      0.30911064472758903,
      0.30780874542766545,
      0.30513172327278054,
      0.30322722706701966,
      0.3003765190862346,
      0.29778332768259247,
      0.29670487801059103,
      0.2950675831295343,
      0.29132854583056894,
      0.28988774113384835,
      0.2876579426446353,
      0.2848394589730555,
      0.2836075907763717,
      0.28139109851607524,
      0.2806797203818608,
      0.2780230721161878,
      0.2763055423527399,
      0.27328812856710266,
      0.27242270953770203,
      0.2694051720058069,
      0.26777622159239195,
      0.26624896409148424,
      0.2631853055400166,
      0.2607500996856808,
      0.25946767831790346,
      0.25767915958269233,
      0.257609233334268,
      0.2529228668906013,
      0.2507865847261428,
      0.24952274115692769,
      0.2471725966986609,
      0.24565088703931737,
      0.24339910117010224,
      0.2421546512723951,
      0.24029950025249655,
      0.2377853391358396,
      0.23649673203182411,
      0.23421962658767317,
      0.2324187363898035,
      0.23050979470505575,
      0.22914054127059727,
      0.2271841247944506,
      0.22552864872546308,
      0.22392288880297903,
      0.22325945211322387,
      0.2218021308726173,
      0.21827175684223568,
      0.21727844026661158,
      0.21671444806220477,
      0.21270405503217946,
      0.21125047702680633,
      0.2100085191221576,
      0.20773963158321457,
      0.20660589962911352,
      0.20665538434271813,
      0.20302180952938043,
      0.20294496878590776,
      0.20027431788497904,
      0.19861310347420472,
      0.19751700169069483,
      0.19585650137230556,
      0.19479364463510018,
      0.19342310678446137,
      0.1926424833197525,
      0.191199846562514,
      0.19029168701116425,
      0.18968472956808935,
      0.1890169877732615,
      0.18989175642898964,
      0.19183071877803692,
      0.2285597616589227
    ],