{
  "block": "model_input_blocks_9",
  "target_block_name": "model.input_blocks.9",
  "T": 100,
  "C": 256,
  "N": 32,
  "H": 16,
  "W": 16,
  "rank_r": 188,
  "representative_t": 99,
  "energy_threshold": 0.98,
  "actual_energy_at_r": 0.9803330737862814,
  "timesteps": [
    0,
    1,
    2,
    3,
    4,
    5,
    6,
    7,
    8,
    9,
    10,
    11,
    12,
    13,
    14,
    15,
    16,
    17,
    18,
    19,
    20,
    21,
    22,
    23,
    24,
    25,
    26,
    27,
    28,
    29,
    30,
    31,
    32,
    33,
    34,
    35,
    36,
    37,
    38,
    39,
    40,
    41,
    42,
    43,
    44,
    45,
    46,
    47,
    48,
    49,
    50,
    51,
    52,
    53,
    54,
    55,
    56,
    57,
    58,
    59,
    60,
    61,
    62,
    63,
    64,
    65,
    66,
    67,
    68,
    69,
    70,
    71,
    72,
    73,
    74,
    75,
    76,
    77,
    78,
    79,
    80,
    81,
    82,
    83,
    84,
    85,
    86,
    87,
    88,
    89,
    90,
    91,
    92,
    93,
    94,
    95,
    96,
    97,
    98,
    99
  ],
  "subspace_dist": [
    0.0,
    0.025742037074834023,
    0.02000083620736892,
    0.02205846301500669,
    0.01678478270178696,
    0.034078909692228265,
    0.03066114517661578,
    0.013045364125965353,
    0.01961261427059935,
    0.012887579095254176,
    0.017223236376777695,
    0.016755326424353956,
    0.029045392852253826,
    0.026255307945689643,
    0.02386864420990864,
    0.016665218017866357,
    0.017832513595430033,
    0.018717656239618297,
    0.016448632102766148,
    0.03155641611052462,
    0.020760992794490174,
    0.008817871603779559,
    0.009939993667209546,
    0.008821208949313486,
    0.010854590294260835,
    0.006289880183824814,
    0.008345004592734795,
    0.00524994853107319,
    0.0037594745698782406,
    0.007037234125683578,
    0.007308308808023467,
    0.008921923229831763,
    0.005409140718356631,
    0.007876997328637336,
    0.003872650300632663,
    0.004860767581655767,
    0.0037054986773580323,
    0.004194827649944832,
    0.0041159942345107,
    0.003847166651843592,
    0.0033740150050399764,
    0.00441309931595113,
    0.005716488937300479,
    0.004042493544716641,
    0.005330998611657534,
    0.002563696643999025,
    0.002186715319133614,
    0.00454224782317092,
    0.0038102451184569563,
    0.0025175682226580287,
    0.0038359348729695153,
    0.0037949962858168096,
    0.0035137678334522526,
    0.00256621907911625,
    0.003111789408890231,
    0.0023055303265400173,
    0.002038069498015438,
    0.0046978886071581405,
    0.00471065808861737,
    0.002937296282877422,
    0.004830631040468436,
    0.005001467784453317,
    0.002766002815243418,
    0.0017504492874121924,
    0.005000295259872556,
    0.0020911720200218475,
    0.0023906042716657083,
    0.004430688176780273,
    0.0037993596714148703,
    0.0030029952676541294,
    0.004923108393998232,
    0.0017297388890736842,
    0.0014989961324469725,
    0.0014153779803449673,
    0.0014175532893772047,
    0.0016486710731419274,
    0.0023900733260339146,
    0.0016689979989524817,
    0.0024140016039720935,
    0.0017910306221690098,
    0.0024870029469173938,
    0.0013141807164575026,
    0.00137253031747675,
    0.0039235913234171305,
    0.0018813872710224944,
    0.0014231684637218134,
    0.0011554452290405415,
    0.0014492095246630976,
    0.0016716085060847208,
    0.0021932752239366415,
    0.002141358934438231,
    0.001700920121594507,
    0.0015642983077361894,
    0.0017839510236057343,
    0.002946147118045528,
    0.007817508912378757,
    0.0058115372312058655,
    0.011748046046712979,
    0.01524002928662549,
    0.05135522909288848
  ],
  "energy_ratio": {
    "k4": [
      0.7956745216183587,
      0.7960244284334456,
      0.7833942661730712,
      0.7811779772745316,
      0.7762286969148623,
      0.7773023700176961,
      0.7644956298751693,
      0.7667719318464444,
      0.761070459087876,
      0.7589660029566239,
      0.7522592162762004,
      0.7468370589068807,
      0.745858277854493,
      0.7453110381245583,
      0.733388964492205,
      0.7315077368630936,
      0.7309185860921746,
      0.7196373031035233,
      0.7180785955917716,
      0.7086251006864172,
      0.705935489351747,
      0.703585984373029,
      0.6993012941869783,
      0.6941436054333129,
      0.6891336593276558,
      0.6868720729621617,
      0.6841072707082652,
      0.6797821790515878,
      0.6755474741498504,
      0.6752846332052814,
      0.6700609340254478,
      0.6663605125658357,
      0.6609795024140398,
      0.6572191863846445,
      0.6500094264938306,
      0.6466349703930564,
      0.6394215906580467,
      0.6367972660152129,
      0.6294103713755252,
      0.6283598434079942,
      0.6222663254940947,
      0.6162261861757549,
      0.6137035800161871,
      0.6041416897781114,
      0.6022923114660212,
      0.5975205928658011,
      0.5920145027567256,
      0.5856617134701843,
      0.5796717335587022,
      0.5748186141361618,
      0.5686990057824515,
      0.5623594599567958,
      0.5546724785722963,
      0.5496343432355719,
      0.5447644174937164,
      0.5373047140960255,
      0.5307575537890491,
      0.5235894110260204,
      0.5186524886352103,
      0.5181694711289209,
      0.5103317224548699,
      0.5055109730537223,
      0.5010046398211243,
      0.4933236128386717,
      0.49060480974415527,
      0.48405723622232044,
      0.47818108475389026,
      0.47339372195434043,
      0.4677989854015482,
      0.46195018651592845,
      0.45773549067008823,
      0.45310326356551206,
      0.448080786990182,
      0.4429038238072861,
      0.43823536493874904,
      0.4330318939763902,
      0.4267409653968197,
      0.423660422655806,
      0.418017754844396,
      0.41195184056526124,
      0.4055968697776392,
      0.40176102880015424,
      0.39716747384053264,
      0.39062385572222186,
      0.3844289445340171,
      0.37967662247181383,
      0.3741084847174215,
      0.3673636961760484,
      0.3610170397593322,
      0.35461798448530624,
      0.3483186525792438,
      0.3411227290875577,
      0.3321373567431378,
      0.3238479708087405,
      0.3149504467369281,
      0.30457145410927317,
      0.2921763938388804,
      0.2785346338174016,
      0.2647633944669051,
      0.28319374462598396
    ],