{
  "meta": {
    "T": 100
  },
  "by_t": {
    "0": {
      "count": 128,
      "l1": 0.02243521809577942,
      "l2": 0.039286441169679165,
      "cosine": 0.9965064525604248
    },
    "1": {
      "count": 128,
      "l1": 0.022472699638456106,
      "l2": 0.03933616541326046,
      "cosine": 0.99649678170681
    },
    "2": {
      "count": 128,
      "l1": 0.02249198593199253,
      "l2": 0.03940137289464474,
      "cosine": 0.9964810758829117
    },
    "3": {
      "count": 128,
      "l1": 0.022582821547985077,
      "l2": 0.03951023891568184,
      "cosine": 0.9964584559202194
    },
    "4": {
      "count": 128,
      "l1": 0.022548367734998465,
      "l2": 0.03954913001507521,
      "cosine": 0.9964447766542435
    },
    "5": {
      "count": 128,
      "l1": 0.022597105242311954,
      "l2": 0.039621670730412006,
      "cosine": 0.9964266717433929
    },
    "6": {
      "count": 128,
      "l1": 0.02265559881925583,
      "l2": 0.03968923073261976,
      "cosine": 0.9964097738265991
    },
    "7": {
      "count": 128,
      "l1": 0.022694241255521774,
      "l2": 0.03972936887294054,
      "cosine": 0.9963977634906769
    },
    "8": {
      "count": 128,
      "l1": 0.022811194881796837,
      "l2": 0.039794852025806904,
      "cosine": 0.9963818788528442
    },
    "9": {
      "count": 128,
      "l1": 0.022829309105873108,
      "l2": 0.039792437106370926,
      "cosine": 0.9963769465684891
    },
    "10": {
      "count": 128,
      "l1": 0.02266339911147952,
      "l2": 0.03966689296066761,
      "cosine": 0.996390238404274
    },
    "11": {
      "count": 128,
      "l1": 0.023000091314315796,
      "l2": 0.0398492431268096,
      "cosine": 0.9963594675064087
    },
    "12": {
      "count": 128,
      "l1": 0.022535566240549088,
      "l2": 0.03953875508159399,
      "cosine": 0.9964000582695007
    },
    "13": {
      "count": 128,
      "l1": 0.02258024364709854,
      "l2": 0.03952165134251118,
      "cosine": 0.9963990151882172
    },
    "14": {
      "count": 128,
      "l1": 0.022414091043174267,
      "l2": 0.03936338424682617,
      "cosine": 0.9964170306921005
    },
    "15": {
      "count": 128,
      "l1": 0.02253733016550541,
      "l2": 0.03934536501765251,
      "cosine": 0.9964185357093811
    },
    "16": {
      "count": 128,
      "l1": 0.022718791849911213,
      "l2": 0.03939953166991472,
      "cosine": 0.996409997344017
    },
    "17": {
      "count": 128,
      "l1": 0.022701893467456102,
      "l2": 0.03930359147489071,
      "cosine": 0.9964219480752945
    },
    "18": {
      "count": 128,
      "l1": 0.022576577961444855,
      "l2": 0.03915152419358492,
      "cosine": 0.9964401870965958
    },
    "19": {
      "count": 128,
      "l1": 0.02240629307925701,
      "l2": 0.038963254541158676,
      "cosine": 0.9964661002159119
    },
    "20": {
      "count": 128,
      "l1": 0.022515591699630022,
      "l2": 0.03892840817570686,
      "cosine": 0.9964699298143387
    },
    "21": {
      "count": 128,
      "l1": 0.02246593264862895,
      "l2": 0.038859644904732704,
      "cosine": 0.9964786916971207
    },
    "22": {
      "count": 128,
      "l1": 0.022688863798975945,
      "l2": 0.038906109519302845,
      "cosine": 0.9964730888605118
    },
    "23": {
      "count": 128,
      "l1": 0.0224888832308352,
      "l2": 0.03872245363891125,
      "cosine": 0.9964981377124786
    },
    "24": {
      "count": 128,
      "l1": 0.022523476742208004,
      "l2": 0.03867803327739239,
      "cosine": 0.996504008769989
    },
    "25": {
      "count": 128,
      "l1": 0.022492101415991783,
      "l2": 0.038476916030049324,
      "cosine": 0.9965365529060364
    },
    "26": {
      "count": 128,
      "l1": 0.022802676539868116,
      "l2": 0.03852053079754114,
      "cosine": 0.9965422451496124
    },
    "27": {
      "count": 128,
      "l1": 0.02247364167124033,
      "l2": 0.0383327454328537,
      "cosine": 0.9965581744909286
    },
    "28": {
      "count": 128,
      "l1": 0.022113565355539322,
      "l2": 0.03791927732527256,
      "cosine": 0.9966221004724503
    },
    "29": {
      "count": 128,
      "l1": 0.02254262240603566,
      "l2": 0.03809442650526762,
      "cosine": 0.9966003596782684
    },
    "30": {
      "count": 128,
      "l1": 0.021928473375737667,
      "l2": 0.03764155227690935,
      "cosine": 0.9966674298048019
    },
    "31": {
      "count": 128,
      "l1": 0.02222153590992093,
      "l2": 0.03763815015554428,
      "cosine": 0.9966751039028168
    },
    "32": {
      "count": 128,
      "l1": 0.022307056467980146,
      "l2": 0.03751472197473049,
      "cosine": 0.9966986924409866
    },
    "33": {
      "count": 128,
      "l1": 0.022369787096977234,
      "l2": 0.03751390893012285,
      "cosine": 0.9966972321271896
    },
    "34": {
      "count": 128,
      "l1": 0.0228073475882411,
      "l2": 0.03765072114765644,
      "cosine": 0.9966910779476166
    },
    "35": {
      "count": 128,
      "l1": 0.022353689651936293,
      "l2": 0.037164999172091484,
      "cosine": 0.9967668056488037
    },
    "36": {
      "count": 128,
      "l1": 0.022012788336724043,
      "l2": 0.036934285424649715,
      "cosine": 0.9967948943376541
    },
    "37": {
      "count": 128,
      "l1": 0.02268289914354682,
      "l2": 0.03712770249694586,
      "cosine": 0.9967868775129318
    },
    "38": {
      "count": 128,
      "l1": 0.02286525070667267,
      "l2": 0.03714931011199951,
      "cosine": 0.9967839121818542
    },
    "39": {
      "count": 128,
      "l1": 0.02301775896921754,
      "l2": 0.03718700539320707,
      "cosine": 0.9967845231294632
    },
    "40": {
      "count": 128,
      "l1": 0.0225418065674603,
      "l2": 0.03669375088065863,
      "cosine": 0.9968631416559219
    },
    "41": {
      "count": 128,
      "l1": 0.02317124232649803,
      "l2": 0.03691515792161226,
      "cosine": 0.9968592673540115
    },
    "42": {
      "count": 128,
      "l1": 0.02334217820316553,
      "l2": 0.037215424701571465,
      "cosine": 0.9967893809080124
    },
    "43": {
      "count": 128,
      "l1": 0.022912106476724148,
      "l2": 0.03668396081775427,
      "cosine": 0.9968751668930054
    },
    "44": {
      "count": 128,
      "l1": 0.024083022959530354,
      "l2": 0.037427942268550396,
      "cosine": 0.9967884123325348
    },
    "45": {
      "count": 128,
      "l1": 0.023213594686239958,
      "l2": 0.036650936119258404,
      "cosine": 0.9968921542167664
    },
    "46": {
      "count": 128,
      "l1": 0.02330182259902358,
      "l2": 0.03654611110687256,
      "cosine": 0.9969086647033691
    },
    "47": {
      "count": 128,
      "l1": 0.023899816442281008,
      "l2": 0.0369473472237587,
      "cosine": 0.9968622624874115
    },
    "48": {
      "count": 128,
      "l1": 0.0240471214056015,
      "l2": 0.03682330437004566,
      "cosine": 0.9968942403793335
    },
    "49": {
      "count": 128,
      "l1": 0.0243815784342587,
      "l2": 0.03712757956236601,
      "cosine": 0.9968485534191132
    },
    "50": {
      "count": 128,
      "l1": 0.025895697996020317,
      "l2": 0.0382515974342823,
      "cosine": 0.9967053979635239
    },
    "51": {
      "count": 128,
      "l1": 0.025166215375065804,
      "l2": 0.03748191799968481,
      "cosine": 0.9968056231737137
    },
    "52": {
      "count": 128,
      "l1": 0.027101203333586454,
      "l2": 0.03920205123722553,
      "cosine": 0.9965469390153885
    },
    "53": {
      "count": 128,
      "l1": 0.026847509667277336,
      "l2": 0.03891598712652922,
      "cosine": 0.9965905100107193
    },
    "54": {
      "count": 128,
      "l1": 0.02678496902808547,
      "l2": 0.038621045649051666,
      "cosine": 0.996648445725441
    },
    "55": {
      "count": 128,
      "l1": 0.028710559010505676,
      "l2": 0.04059264622628689,
      "cosine": 0.9962932616472244
    },
    "56": {
      "count": 128,
      "l1": 0.025205028243362904,