{
  "meta": {
    "mode": "TT",
    "T": 100,
    "seed": 0,
    "num_images": 128,
    "hist_bins": 4096,
    "hist_min": -1.0,
    "hist_max": 1.0
  },
  "by_t": {
    "0": {
      "l1": 0.0023384401574730873,
      "l2": 0.003005805891007185,
      "cosine": 0.9999822378158569,
      "count": 128
    },
    "1": {
      "l1": 0.0028193374164402485,
      "l2": 0.003768330439925194,
      "cosine": 0.9999717473983765,
      "count": 128
    },
    "2": {
      "l1": 0.002602693159133196,
      "l2": 0.0034927641972899437,
      "cosine": 0.9999756813049316,
      "count": 128
    },
    "3": {
      "l1": 0.0025525903329253197,
      "l2": 0.0034324354492127895,
      "cosine": 0.9999765157699585,
      "count": 128
    },
    "4": {
      "l1": 0.0024101557210087776,
      "l2": 0.003255996620282531,
      "cosine": 0.9999788999557495,
      "count": 128
    },
    "5": {
      "l1": 0.00244010123424232,
      "l2": 0.0032898352947086096,
      "cosine": 0.9999784231185913,
      "count": 128
    },
    "6": {
      "l1": 0.0023318296298384666,
      "l2": 0.0031431224197149277,
      "cosine": 0.9999802112579346,
      "count": 128
    },
    "7": {
      "l1": 0.0024818130768835545,
      "l2": 0.0033014812506735325,
      "cosine": 0.9999784827232361,
      "count": 128
    },
    "8": {
      "l1": 0.002541131339967251,
      "l2": 0.0034349970519542694,
      "cosine": 0.9999762177467346,
      "count": 128
    },
    "9": {
      "l1": 0.0025081068743020296,
      "l2": 0.0033351925667375326,
      "cosine": 0.9999777674674988,
      "count": 128
    },
    "10": {
      "l1": 0.0026917874347418547,
      "l2": 0.0035315235145390034,
      "cosine": 0.9999752640724182,
      "count": 128
    },
    "11": {
      "l1": 0.003445693990215659,
      "l2": 0.004419128410518169,
      "cosine": 0.9999613165855408,
      "count": 128
    },
    "12": {
      "l1": 0.0026373458094894886,
      "l2": 0.0035194645170122385,
      "cosine": 0.9999750852584839,
      "count": 128
    },
    "13": {
      "l1": 0.0027928738854825497,
      "l2": 0.003716778475791216,
      "cosine": 0.9999725222587585,
      "count": 128
    },
    "14": {
      "l1": 0.0029124016873538494,
      "l2": 0.003855313640087843,
      "cosine": 0.9999707937240601,
      "count": 128
    },
    "15": {
      "l1": 0.0027333139441907406,
      "l2": 0.003590029664337635,
      "cosine": 0.9999746084213257,
      "count": 128
    },
    "16": {
      "l1": 0.0028554932214319706,
      "l2": 0.0038491266313940287,
      "cosine": 0.999970018863678,
      "count": 128
    },
    "17": {
      "l1": 0.002878848696127534,
      "l2": 0.003847911022603512,
      "cosine": 0.9999701976776123,
      "count": 128
    },
    "18": {
      "l1": 0.00307852728292346,
      "l2": 0.004126178100705147,
      "cosine": 0.9999660849571228,
      "count": 128
    },
    "19": {
      "l1": 0.0029860767535865307,
      "l2": 0.003995777573436499,
      "cosine": 0.9999679327011108,
      "count": 128
    },
    "20": {
      "l1": 0.0029372237622737885,
      "l2": 0.003945527132600546,
      "cosine": 0.9999687671661377,
      "count": 128
    },
    "21": {
      "l1": 0.00318805780261755,
      "l2": 0.004256437532603741,
      "cosine": 0.9999635219573975,
      "count": 128
    },
    "22": {
      "l1": 0.003318562638014555,
      "l2": 0.0044437977485358715,
      "cosine": 0.9999605417251587,
      "count": 128
    },
    "23": {
      "l1": 0.0034041530452668667,
      "l2": 0.0045676757581532,
      "cosine": 0.9999581575393677,
      "count": 128
    },
    "24": {
      "l1": 0.0037509531248360872,
      "l2": 0.005030787084251642,
      "cosine": 0.9999504089355469,
      "count": 128
    },
    "25": {
      "l1": 0.003824640763923526,
      "l2": 0.005052991211414337,
      "cosine": 0.9999524354934692,
      "count": 128
    },
    "26": {
      "l1": 0.004125656560063362,
      "l2": 0.005373121704906225,
      "cosine": 0.999948263168335,
      "count": 128
    },
    "27": {
      "l1": 0.0038347404915839434,
      "l2": 0.0051336707547307014,
      "cosine": 0.9999472498893738,
      "count": 128
    },
    "28": {
      "l1": 0.0038520044181495905,
      "l2": 0.005139249376952648,
      "cosine": 0.9999475479125977,
      "count": 128
    },
    "29": {
      "l1": 0.004944526124745607,
      "l2": 0.006391221657395363,
      "cosine": 0.9999217987060547,
      "count": 128
    },
    "30": {
      "l1": 0.004506840370595455,
      "l2": 0.00587001908570528,
      "cosine": 0.9999402761459351,
      "count": 128
    },
    "31": {
      "l1": 0.004275736398994923,
      "l2": 0.005747836083173752,
      "cosine": 0.9999331831932068,
      "count": 128
    },
    "32": {
      "l1": 0.004278248641639948,
      "l2": 0.005734105594456196,
      "cosine": 0.9999344348907471,
      "count": 128
    },
    "33": {
      "l1": 0.004755374509841204,
      "l2": 0.006338336504995823,
      "cosine": 0.9999186992645264,
      "count": 128
    },
    "34": {
      "l1": 0.004821998067200184,
      "l2": 0.006453228183090687,
      "cosine": 0.9999161958694458,
      "count": 128
    },
    "35": {
      "l1": 0.005358807276934385,
      "l2": 0.006998514756560326,
      "cosine": 0.9999097585678101,
      "count": 128
    },
    "36": {
      "l1": 0.006194222718477249,
      "l2": 0.007970827631652355,
      "cosine": 0.9998936653137207,
      "count": 128
    },
    "37": {
      "l1": 0.004767642356455326,
      "l2": 0.006456656381487846,
      "cosine": 0.9999151825904846,
      "count": 128
    },
    "38": {
      "l1": 0.004959359765052795,
      "l2": 0.00670427642762661,
      "cosine": 0.9999091625213623,
      "count": 128
    },
    "39": {
      "l1": 0.005838698707520962,
      "l2": 0.007684653624892235,
      "cosine": 0.9998795390129089,
      "count": 128
    },
    "40": {
      "l1": 0.005746285896748304,
      "l2": 0.007567607332020998,
      "cosine": 0.9998900294303894,
      "count": 128
    },
    "41": {
      "l1": 0.005687928292900324,
      "l2": 0.007564881816506386,
      "cosine": 0.9998866319656372,
      "count": 128
    },
    "42": {
      "l1": 0.006247024983167648,
      "l2": 0.00829489529132843,
      "cosine": 0.9998603463172913,
      "count": 128
    },
    "43": {
      "l1": 0.006943393032997847,
      "l2": 0.009030255489051342,
      "cosine": 0.999835729598999,
      "count": 128
    },
    "44": {
      "l1": 0.006659140810370445,
      "l2": 0.008601522073149681,
      "cosine": 0.9998788237571716,
      "count": 128
    },
    "45": {
      "l1": 0.00619227159768343,
      "l2": 0.008234294131398201,
      "cosine": 0.9998617768287659,
      "count": 128
    },
    "46": {
      "l1": 0.006758298724889755,
      "l2": 0.008916226215660572,
      "cosine": 0.9998407363891602,
      "count": 128
    },
    "47": {
      "l1": 0.0062063285149633884,
      "l2": 0.008330672048032284,
      "cosine": 0.999860942363739,
      "count": 128
    },
    "48": {
      "l1": 0.0059960512444376945,
      "l2": 0.00806314405053854,
      "cosine": 0.9998683929443359,
      "count": 128
    },
    "49": {
      "l1": 0.007605401333421469,
      "l2": 0.010022459551692009,
      "cosine": 0.9998026490211487,
      "count": 128
    },
    "50": {
      "l1": 0.007223190739750862,
      "l2": 0.009597336873412132,
      "cosine": 0.9998116493225098,
      "count": 128
    },
    "51": {
      "l1": 0.008358489722013474,
      "l2": 0.010900678113102913,
      "cosine": 0.9997667670249939,
      "count": 128
    },
    "52": {
      "l1": 0.006959270685911179,
      "l2": 0.009266039356589317,
      "cosine": 0.9998236894607544,
      "count": 128
    },
    "53": {
      "l1": 0.007593127898871899,
      "l2": 0.010107247158885002,
      "cosine": 0.9997879862785339,
      "count": 128
    },
    "54": {
      "l1": 0.008602785877883434,
      "l2": 0.011214405298233032,
      "cosine": 0.9997491836547852,
      "count": 128
    },