{
  "meta": {
    "T": 100
  },
  "by_t": {
    "0": {
      "count": 128,
      "l1": 0.03226697817444801,
      "l2": 0.05362407863140106,
      "cosine": 0.9941120147705078
    },
    "1": {
      "count": 128,
      "l1": 0.03229440003633499,
      "l2": 0.05368079990148544,
      "cosine": 0.994097113609314
    },
    "2": {
      "count": 128,
      "l1": 0.03234398737549782,
      "l2": 0.05378422886133194,
      "cosine": 0.9940680265426636
    },
    "3": {
      "count": 128,
      "l1": 0.03235308825969696,
      "l2": 0.053861912339925766,
      "cosine": 0.9940433502197266
    },
    "4": {
      "count": 128,
      "l1": 0.0324157178401947,
      "l2": 0.0539621040225029,
      "cosine": 0.994015097618103
    },
    "5": {
      "count": 128,
      "l1": 0.03239705413579941,
      "l2": 0.05398356169462204,
      "cosine": 0.9940015077590942
    },
    "6": {
      "count": 128,
      "l1": 0.0323885940015316,
      "l2": 0.05401160195469856,
      "cosine": 0.9939866065979004
    },
    "7": {
      "count": 128,
      "l1": 0.03232425078749657,
      "l2": 0.05398145318031311,
      "cosine": 0.9939850568771362
    },
    "8": {
      "count": 128,
      "l1": 0.032253120094537735,
      "l2": 0.05394056439399719,
      "cosine": 0.9939802885055542
    },
    "9": {
      "count": 128,
      "l1": 0.032233648002147675,
      "l2": 0.05394848436117172,
      "cosine": 0.9939716458320618
    },
    "10": {
      "count": 128,
      "l1": 0.03221157193183899,
      "l2": 0.053900159895420074,
      "cosine": 0.9939737319946289
    },
    "11": {
      "count": 128,
      "l1": 0.03206637129187584,
      "l2": 0.05376748740673065,
      "cosine": 0.993993878364563
    },
    "12": {
      "count": 128,
      "l1": 0.03217395395040512,
      "l2": 0.0537809394299984,
      "cosine": 0.9939831495285034
    },
    "13": {
      "count": 128,
      "l1": 0.03217051178216934,
      "l2": 0.05374442785978317,
      "cosine": 0.9939859509468079
    },
    "14": {
      "count": 128,
      "l1": 0.032179687172174454,
      "l2": 0.0537230521440506,
      "cosine": 0.9939813613891602
    },
    "15": {
      "count": 128,
      "l1": 0.03214101493358612,
      "l2": 0.05363639071583748,
      "cosine": 0.9939826726913452
    },
    "16": {
      "count": 128,
      "l1": 0.03185255452990532,
      "l2": 0.05334917828440666,
      "cosine": 0.9940325617790222
    },
    "17": {
      "count": 128,
      "l1": 0.03176790848374367,
      "l2": 0.05320087820291519,
      "cosine": 0.9940606355667114
    },
    "18": {
      "count": 128,
      "l1": 0.0317675955593586,
      "l2": 0.05310115963220596,
      "cosine": 0.9940769076347351
    },
    "19": {
      "count": 128,
      "l1": 0.031807541847229004,
      "l2": 0.053014203906059265,
      "cosine": 0.9940886497497559
    },
    "20": {
      "count": 128,
      "l1": 0.03164851292967796,
      "l2": 0.0528097078204155,
      "cosine": 0.9941245317459106
    },
    "21": {
      "count": 128,
      "l1": 0.03151120990514755,
      "l2": 0.05259453505277634,
      "cosine": 0.9941728115081787
    },
    "22": {
      "count": 128,
      "l1": 0.03126686066389084,
      "l2": 0.052268944680690765,
      "cosine": 0.9942338466644287
    },
    "23": {
      "count": 128,
      "l1": 0.03128678351640701,
      "l2": 0.05220487341284752,
      "cosine": 0.9942570924758911
    },
    "24": {
      "count": 128,
      "l1": 0.031224654987454414,
      "l2": 0.05195632576942444,
      "cosine": 0.9943119287490845
    },
    "25": {
      "count": 128,
      "l1": 0.03131510317325592,
      "l2": 0.05188382416963577,
      "cosine": 0.9943087697029114
    },
    "26": {
      "count": 128,
      "l1": 0.03123178705573082,
      "l2": 0.051637500524520874,
      "cosine": 0.9943330883979797
    },
    "27": {
      "count": 128,
      "l1": 0.03113628923892975,
      "l2": 0.0514398068189621,
      "cosine": 0.994408130645752
    },
    "28": {
      "count": 128,
      "l1": 0.031408678740262985,
      "l2": 0.05153115838766098,
      "cosine": 0.9943960905075073
    },
    "29": {
      "count": 128,
      "l1": 0.031221237033605576,
      "l2": 0.05113794282078743,
      "cosine": 0.9944668412208557
    },
    "30": {
      "count": 128,
      "l1": 0.031362876296043396,
      "l2": 0.051160816103219986,
      "cosine": 0.9944971799850464
    },
    "31": {
      "count": 128,
      "l1": 0.031143780797719955,
      "l2": 0.050731100142002106,
      "cosine": 0.9945358037948608
    },
    "32": {
      "count": 128,
      "l1": 0.031168784946203232,
      "l2": 0.05056868493556976,
      "cosine": 0.9945876598358154
    },
    "33": {
      "count": 128,
      "l1": 0.03089277632534504,
      "l2": 0.05020029842853546,
      "cosine": 0.9946475625038147
    },
    "34": {
      "count": 128,
      "l1": 0.031076248735189438,
      "l2": 0.05016978830099106,
      "cosine": 0.9946678876876831
    },
    "35": {
      "count": 128,
      "l1": 0.03128344193100929,
      "l2": 0.05008486285805702,
      "cosine": 0.9946732521057129
    },
    "36": {
      "count": 128,
      "l1": 0.03172561526298523,
      "l2": 0.0502731129527092,
      "cosine": 0.9947004318237305
    },
    "37": {
      "count": 128,
      "l1": 0.03096562623977661,
      "l2": 0.04946747049689293,
      "cosine": 0.9947720766067505
    },
    "38": {
      "count": 128,
      "l1": 0.031359247863292694,
      "l2": 0.0495462641119957,
      "cosine": 0.994797945022583
    },
    "39": {
      "count": 128,
      "l1": 0.030865129083395004,
      "l2": 0.04895593971014023,
      "cosine": 0.994921863079071
    },
    "40": {
      "count": 128,
      "l1": 0.03267233818769455,
      "l2": 0.050145648419857025,
      "cosine": 0.9947489500045776
    },
    "41": {
      "count": 128,
      "l1": 0.03158150240778923,
      "l2": 0.04917602986097336,
      "cosine": 0.9948631525039673
    },
    "42": {
      "count": 128,
      "l1": 0.0309604499489069,
      "l2": 0.04831020534038544,
      "cosine": 0.9950892925262451
    },
    "43": {
      "count": 128,
      "l1": 0.03128088265657425,
      "l2": 0.04848116636276245,
      "cosine": 0.9950252175331116
    },
    "44": {
      "count": 128,
      "l1": 0.030440034344792366,
      "l2": 0.04763618856668472,
      "cosine": 0.9951601624488831
    },
    "45": {
      "count": 128,
      "l1": 0.03232210874557495,
      "l2": 0.048932649195194244,
      "cosine": 0.995079517364502
    },
    "46": {
      "count": 128,
      "l1": 0.03221282362937927,
      "l2": 0.04876124858856201,
      "cosine": 0.995024561882019
    },
    "47": {
      "count": 128,
      "l1": 0.032434891909360886,
      "l2": 0.04849633574485779,
      "cosine": 0.9951281547546387
    },
    "48": {
      "count": 128,
      "l1": 0.03262236714363098,
      "l2": 0.04860194772481918,
      "cosine": 0.9950594305992126
    },
    "49": {
      "count": 128,
      "l1": 0.03240121155977249,
      "l2": 0.04828429967164993,
      "cosine": 0.9951239824295044
    },
    "50": {
      "count": 128,
      "l1": 0.03245630860328674,
      "l2": 0.048038579523563385,
      "cosine": 0.9951300621032715
    },
    "51": {
      "count": 128,
      "l1": 0.03263481706380844,
      "l2": 0.04821149259805679,
      "cosine": 0.9950966835021973
    },
    "52": {
      "count": 128,
      "l1": 0.03220905736088753,
      "l2": 0.047634612768888474,
      "cosine": 0.9951473474502563
    },
    "53": {
      "count": 128,
      "l1": 0.03259047493338585,
      "l2": 0.04792988672852516,
      "cosine": 0.9950958490371704
    },
    "54": {
      "count": 128,
      "l1": 0.034089088439941406,
      "l2": 0.049084410071372986,
      "cosine": 0.9948364496231079
    },
    "55": {
      "count": 128,
      "l1": 0.032645948231220245,
      "l2": 0.0476657934486866,
      "cosine": 0.9951493740081787
    },
    "56": {
      "count": 128,
      "l1": 0.03495415300130844,
      "l2": 0.04996725916862488,