{
  "idx": 0,
  "layer_name": "model.input_blocks.1.0.in_layers.2",
  "w_lora": {
    "numel": 147456,
    "mean": -0.0020720099564641714,
    "std": 0.08413340151309967,
    "abs_max": 1.4544711112976074,
    "min": -1.4544711112976074,
    "max": 0.9792870283126831,
    "q001": -0.4025438670814037,
    "q01": -0.2289419114589691,
    "q99": 0.21164052188396465,
    "q999": 0.35665787234902446
  },
  "w_lora_q": {
    "numel": 147456,
    "mean": -0.0020721699111163616,
    "std": 0.08414307981729507,
    "abs_max": 1.4544711112976074,
    "min": -1.4544711112976074,
    "max": 0.9792870283126831,
    "q001": -0.40146709069609643,
    "q01": -0.22911301255226135,
    "q99": 0.21190966665744781,
    "q999": 0.3573473800718814
  },
  "residual": {
    "mean": -1.597023242538853e-07,
    "std": 0.001115730730816722,
    "abs_max": 0.005722224712371826,
    "MAE": 0.0008881025714799762,
    "RMSE": 0.001115730730816722,
    "rel_L2": 0.013257427341444718,
    "zero_ratio": 0.0008205837673611111
  },
  "ks_distance": 0.010589999999999988
}