{
  "idx": 1,
  "layer_name": "model.input_blocks.1.0.emb_layers.1",
  "w_lora": {
    "numel": 131072,
    "mean": -0.0009991537081077695,
    "std": 0.04089309647679329,
    "abs_max": 0.5285112857818604,
    "min": -0.5285112857818604,
    "max": 0.4712238013744354,
    "q001": -0.20552461411058903,
    "q01": -0.11811490461230278,
    "q99": 0.1122927531599997,
    "q999": 0.22995615039765852
  },
  "w_lora_q": {
    "numel": 131072,
    "mean": -0.0010012405691668391,
    "std": 0.04089505970478058,
    "abs_max": 0.5285112857818604,
    "min": -0.5285112857818604,
    "max": 0.4712238013744354,
    "q001": -0.20552812753617763,
    "q01": -0.11807100988924503,
    "q99": 0.11236502923071374,
    "q999": 0.22938412100076697
  },
  "residual": {
    "mean": -2.086852191496291e-06,
    "std": 0.00042751646833494306,
    "abs_max": 0.0020747692324221134,
    "MAE": 0.00032674046815373003,
    "RMSE": 0.000427521561505273,
    "rel_L2": 0.010451495038823977,
    "zero_ratio": 0.0002593994140625
  },
  "ks_distance": 0.00935000000000008
}