{
  "idx": 2,
  "layer_name": "model.input_blocks.1.0.cond_emb_layers.1",
  "w_lora": {
    "numel": 65536,
    "mean": -0.006932963151484728,
    "std": 0.07798265665769577,
    "abs_max": 0.9200674295425415,
    "min": -0.6674308776855469,
    "max": 0.9200674295425415,
    "q001": -0.3497362181544304,
    "q01": -0.207302325963974,
    "q99": 0.21518899649381643,
    "q999": 0.4081318683922189
  },
  "w_lora_q": {
    "numel": 65536,
    "mean": -0.006930723320692778,
    "std": 0.07798831164836884,
    "abs_max": 0.9200674295425415,
    "min": -0.665519118309021,
    "max": 0.9200674295425415,
    "q001": -0.35081098347902295,
    "q01": -0.2073732793331146,
    "q99": 0.2153407298028471,
    "q999": 0.40851786285638014
  },
  "residual": {
    "mean": 2.2392621303879423e-06,
    "std": 0.0007747340714558959,
    "abs_max": 0.003620913252234459,
    "MAE": 0.0006089749513193965,
    "RMSE": 0.0007747373310849071,
    "rel_L2": 0.009895708774710013,
    "zero_ratio": 0.00115966796875
  },
  "ks_distance": 0.007171630859375
}