{
  "idx": 3,
  "layer_name": "model.input_blocks.1.0.out_layers.3",
  "w_lora": {
    "numel": 147456,
    "mean": -0.0010409136302769184,
    "std": 0.08852477371692657,
    "abs_max": 1.9532949924468994,
    "min": -1.3698066473007202,
    "max": 1.9532949924468994,
    "q001": -0.4934494484961033,
    "q01": -0.26695038825273515,
    "q99": 0.2563035681843767,
    "q999": 0.4843143381178569
  },
  "w_lora_q": {
    "numel": 147456,
    "mean": -0.001041069277562201,
    "std": 0.08853387087583542,
    "abs_max": 1.9532949924468994,
    "min": -1.3698066473007202,
    "max": 1.9532949924468994,
    "q001": -0.4929235798120499,
    "q01": -0.26755163818597794,
    "q99": 0.25623553842306174,
    "q999": 0.48502984672785837
  },
  "residual": {
    "mean": -1.5551707122085645e-07,
    "std": 0.0012575811706483364,
    "abs_max": 0.00768554862588644,
    "MAE": 0.0009665138204582036,
    "RMSE": 0.0012575811706483364,
    "rel_L2": 0.014204999636718018,
    "zero_ratio": 0.0007256401909722222
  },
  "ks_distance": 0.01651999999999998
}