{
  "idx": 4,
  "layer_name": "model.input_blocks.2.0.in_layers.2",
  "w_lora": {
    "numel": 147456,
    "mean": -0.0023912566248327494,
    "std": 0.08667978644371033,
    "abs_max": 1.2039371728897095,
    "min": -1.2039371728897095,
    "max": 0.8123583793640137,
    "q001": -0.4779924777150154,
    "q01": -0.2552609756588936,
    "q99": 0.2197446532547474,
    "q999": 0.3688312631845506
  },
  "w_lora_q": {
    "numel": 147456,
    "mean": -0.00239895423874259,
    "std": 0.08669230341911316,
    "abs_max": 1.2039371728897095,
    "min": -1.2039371728897095,
    "max": 0.8095255494117737,
    "q001": -0.4785364311933517,
    "q01": -0.25480661541223526,
    "q99": 0.21976860538125106,
    "q999": 0.3692895205319166
  },
  "residual": {
    "mean": -7.697696673858445e-06,
    "std": 0.0013369140215218067,
    "abs_max": 0.0047311969101428986,
    "MAE": 0.0011105681769549847,
    "RMSE": 0.0013369361404329538,
    "rel_L2": 0.015417987534815814,
    "zero_ratio": 0.0008680555555555555
  },
  "ks_distance": 0.014209999999999945
}