{
  "idx": 5,
  "layer_name": "model.input_blocks.2.0.emb_layers.1",
  "w_lora": {
    "numel": 131072,
    "mean": -0.0009155194275081158,
    "std": 0.04440489411354065,
    "abs_max": 0.48377150297164917,
    "min": -0.46634724736213684,
    "max": 0.48377150297164917,
    "q001": -0.1850336202532053,
    "q01": -0.12053642071783542,
    "q99": 0.12460401758551594,
    "q999": 0.21532637873291988
  },
  "w_lora_q": {
    "numel": 131072,
    "mean": -0.0009161360212601721,
    "std": 0.04440828785300255,
    "abs_max": 0.48377150297164917,
    "min": -0.46634724736213684,
    "max": 0.48377150297164917,
    "q001": -0.1850606551170349,
    "q01": -0.12038142010569572,
    "q99": 0.12465663999319077,
    "q999": 0.21475973001122522
  },
  "residual": {
    "mean": -6.165348622744204e-07,
    "std": 0.0004413776332512498,
    "abs_max": 0.001900412142276764,
    "MAE": 0.0003545630315784365,
    "RMSE": 0.0004413780407048762,
    "rel_L2": 0.009937739357083582,
    "zero_ratio": 0.0003204345703125
  },
  "ks_distance": 0.008789999999999965
}