{
  "idx": 6,
  "layer_name": "model.input_blocks.2.0.cond_emb_layers.1",
  "w_lora": {
    "numel": 65536,
    "mean": -0.0013610447058454156,
    "std": 0.07532918453216553,
    "abs_max": 0.5688971877098083,
    "min": -0.4996947646141052,
    "max": 0.5688971877098083,
    "q001": -0.2952293859422207,
    "q01": -0.18669724464416504,
    "q99": 0.2092790342867375,
    "q999": 0.36914222553372356
  },
  "w_lora_q": {
    "numel": 65536,
    "mean": -0.0013590850867331028,
    "std": 0.07533389329910278,
    "abs_max": 0.5688971877098083,
    "min": -0.4996947646141052,
    "max": 0.5688971877098083,
    "q001": -0.295242577791214,
    "q01": -0.1868598461151123,
    "q99": 0.2098998755216599,
    "q999": 0.36865769594907416
  },
  "residual": {
    "mean": 1.959700284714927e-06,
    "std": 0.0008062634733505547,
    "abs_max": 0.0022314414381980896,
    "MAE": 0.0006708045257255435,
    "RMSE": 0.0008062658598646522,
    "rel_L2": 0.010701486394551433,
    "zero_ratio": 0.0015411376953125
  },
  "ks_distance": 0.008544921875
}