{
  "idx": 7,
  "layer_name": "model.input_blocks.2.0.out_layers.3",
  "w_lora": {
    "numel": 147456,
    "mean": -0.0010359794832766056,
    "std": 0.07928690314292908,
    "abs_max": 0.7544751167297363,
    "min": -0.7392566204071045,
    "max": 0.7544751167297363,
    "q001": -0.39933649092912676,
    "q01": -0.22615527510643005,
    "q99": 0.21375221982598322,
    "q999": 0.3572469782829334
  },
  "w_lora_q": {
    "numel": 147456,
    "mean": -0.001036131172440946,
    "std": 0.07928956300020218,
    "abs_max": 0.7544751167297363,
    "min": -0.7392566204071045,
    "max": 0.7544751167297363,
    "q001": -0.3998715041577816,
    "q01": -0.22577457502484322,
    "q99": 0.2138669490814209,
    "q999": 0.3576894493401222
  },
  "residual": {
    "mean": -1.5152602372836554e-07,
    "std": 0.000982179306447506,
    "abs_max": 0.0029691606760025024,
    "MAE": 0.0008162719896063209,
    "RMSE": 0.0009821794228628278,
    "rel_L2": 0.012386607008290319,
    "zero_ratio": 0.00079345703125
  },
  "ks_distance": 0.011699999999999988
}