{
  "idx": 8,
  "layer_name": "model.input_blocks.3.0.in_layers.2",
  "w_lora": {
    "numel": 147456,
    "mean": -0.00217684474773705,
    "std": 0.08621221035718918,
    "abs_max": 1.4098012447357178,
    "min": -1.2825742959976196,
    "max": 1.4098012447357178,
    "q001": -0.48967562317848207,
    "q01": -0.23513464853167534,
    "q99": 0.21099008172750539,
    "q999": 0.3700129322707653
  },
  "w_lora_q": {
    "numel": 147456,
    "mean": -0.0021799395326524973,
    "std": 0.08621963858604431,
    "abs_max": 1.4098012447357178,
    "min": -1.2825742959976196,
    "max": 1.4098012447357178,
    "q001": -0.4892690850794315,
    "q01": -0.23481211215257644,
    "q99": 0.2111974060535431,
    "q999": 0.37003908246756634
  },
  "residual": {
    "mean": -3.0948694984545e-06,
    "std": 0.0013452930143103004,
    "abs_max": 0.00554482638835907,
    "MAE": 0.0010827952064573765,
    "RMSE": 0.001345296623185277,
    "rel_L2": 0.015599508407333526,
    "zero_ratio": 0.0008680555555555555
  },
  "ks_distance": 0.01323000000000002
}