{
  "idx": 9,
  "layer_name": "model.input_blocks.3.0.emb_layers.1",
  "w_lora": {
    "numel": 131072,
    "mean": -0.0008026838186196983,
    "std": 0.04562945291399956,
    "abs_max": 0.6660353541374207,
    "min": -0.6660353541374207,
    "max": 0.5081377625465393,
    "q001": -0.2017078658491373,
    "q01": -0.12065233878791332,
    "q99": 0.11905311293900012,
    "q999": 0.2121273483037957
  },
  "w_lora_q": {
    "numel": 131072,
    "mean": -0.0008046961738727987,
    "std": 0.045629825443029404,
    "abs_max": 0.6660353541374207,
    "min": -0.6660353541374207,
    "max": 0.5081377625465393,
    "q001": -0.20187677443027496,
    "q01": -0.1208415935188532,
    "q99": 0.11916995793581009,
    "q999": 0.21200402048230205
  },
  "residual": {
    "mean": -2.0123857211729046e-06,
    "std": 0.00042581328307278454,
    "abs_max": 0.002620931714773178,
    "MAE": 0.00033526262268424034,
    "RMSE": 0.000425818026997149,
    "rel_L2": 0.009330642072526932,
    "zero_ratio": 0.00023651123046875
  },
  "ks_distance": 0.006780000000000008
}