{
  "idx": 10,
  "layer_name": "model.input_blocks.3.0.cond_emb_layers.1",
  "w_lora": {
    "numel": 65536,
    "mean": -0.0078039271757006645,
    "std": 0.08098232001066208,
    "abs_max": 0.6412356495857239,
    "min": -0.5399361848831177,
    "max": 0.6412356495857239,
    "q001": -0.3356128489971161,
    "q01": -0.21968392580747603,
    "q99": 0.21122612282633793,
    "q999": 0.3354902680218209
  },
  "w_lora_q": {
    "numel": 65536,
    "mean": -0.0078053707256913185,
    "std": 0.08098463714122772,
    "abs_max": 0.6412356495857239,
    "min": -0.5399361848831177,
    "max": 0.6412356495857239,
    "q001": -0.33641551807522774,
    "q01": -0.21983712911605835,
    "q99": 0.2111068218946457,
    "q999": 0.3358658254146576
  },
  "residual": {
    "mean": -1.4433379647016409e-06,
    "std": 0.0006885682232677937,
    "abs_max": 0.002521693706512451,
    "MAE": 0.0005624625482596457,
    "RMSE": 0.0006885697366669774,
    "rel_L2": 0.008463509530784738,
    "zero_ratio": 0.0010833740234375
  },
  "ks_distance": 0.0060272216796875
}