{
  "idx": 11,
  "layer_name": "model.input_blocks.3.0.out_layers.3",
  "w_lora": {
    "numel": 147456,
    "mean": -2.8366946935420856e-05,
    "std": 0.07752631604671478,
    "abs_max": 1.0750986337661743,
    "min": -1.0750986337661743,
    "max": 0.9145923852920532,
    "q001": -0.3800222985446453,
    "q01": -0.20898825898766518,
    "q99": 0.20613702982664148,
    "q999": 0.3594040915370074
  },
  "w_lora_q": {
    "numel": 147456,
    "mean": -3.038428258150816e-05,
    "std": 0.07753843069076538,
    "abs_max": 1.0750986337661743,
    "min": -1.0750986337661743,
    "max": 0.9145923852920532,
    "q001": -0.381052872389555,
    "q01": -0.20919889807701111,
    "q99": 0.20644931495189667,
    "q999": 0.3590403833985357
  },
  "residual": {
    "mean": -2.0173504253762076e-06,
    "std": 0.0011166143231093884,
    "abs_max": 0.004232440143823624,
    "MAE": 0.000905949214939028,
    "RMSE": 0.0011166161857545376,
    "rel_L2": 0.01440305905250918,
    "zero_ratio": 0.0008205837673611111
  },
  "ks_distance": 0.013500000000000012
}