{
  "idx": 12,
  "layer_name": "model.input_blocks.4.0.in_layers.2",
  "w_lora": {
    "numel": 147456,
    "mean": -0.0034101521596312523,
    "std": 0.0880337506532669,
    "abs_max": 1.57188880443573,
    "min": -1.57188880443573,
    "max": 0.7015398740768433,
    "q001": -0.4804671722650528,
    "q01": -0.24814746677875518,
    "q99": 0.21079716011881944,
    "q999": 0.33624969124794096
  },
  "w_lora_q": {
    "numel": 147456,
    "mean": -0.0034115901216864586,
    "std": 0.08804713934659958,
    "abs_max": 1.57188880443573,
    "min": -1.57188880443573,
    "max": 0.7015398740768433,
    "q001": -0.4800046883523464,
    "q01": -0.24805760532617568,
    "q99": 0.21093463897705078,
    "q999": 0.3371853590011601
  },
  "residual": {
    "mean": -1.438647700524598e-06,
    "std": 0.0013618564698845148,
    "abs_max": 0.006181000731885433,
    "MAE": 0.0011214244877919555,
    "RMSE": 0.0013618572847917676,
    "rel_L2": 0.015458122641771122,
    "zero_ratio": 0.0008680555555555555
  },
  "ks_distance": 0.012969999999999982
}