{
  "idx": 13,
  "layer_name": "model.input_blocks.4.0.emb_layers.1",
  "w_lora": {
    "numel": 131072,
    "mean": -0.0015060019213706255,
    "std": 0.04686746001243591,
    "abs_max": 0.4169149696826935,
    "min": -0.4169149696826935,
    "max": 0.3923777937889099,
    "q001": -0.1955147261172533,
    "q01": -0.12494207605719566,
    "q99": 0.120301588475704,
    "q999": 0.1992657278329153
  },
  "w_lora_q": {
    "numel": 131072,
    "mean": -0.001503947889432311,
    "std": 0.046869538724422455,
    "abs_max": 0.4169149696826935,
    "min": -0.4169149696826935,
    "max": 0.3923777937889099,
    "q001": -0.19603880675137042,
    "q01": -0.12485793977975845,
    "q99": 0.12021404750645144,
    "q999": 0.19948980706930317
  },
  "residual": {
    "mean": 2.053909383903374e-06,
    "std": 0.0004142223915550858,
    "abs_max": 0.0016392804682254791,
    "MAE": 0.00033698976039886475,
    "RMSE": 0.0004142274847254157,
    "rel_L2": 0.008833715497636008,
    "zero_ratio": 0.00020599365234375
  },
  "ks_distance": 0.006970000000000032
}