{
  "idx": 14,
  "layer_name": "model.input_blocks.4.0.cond_emb_layers.1",
  "w_lora": {
    "numel": 65536,
    "mean": -0.00395929254591465,
    "std": 0.08132144063711166,
    "abs_max": 0.5975882411003113,
    "min": -0.569983184337616,
    "max": 0.5975882411003113,
    "q001": -0.3183590078353882,
    "q01": -0.21196964755654335,
    "q99": 0.20416434705257425,
    "q999": 0.3120492285490021
  },
  "w_lora_q": {
    "numel": 65536,
    "mean": -0.003960719332098961,
    "std": 0.08132676035165787,
    "abs_max": 0.5975882411003113,
    "min": -0.569983184337616,
    "max": 0.5975882411003113,
    "q001": -0.3178732869029045,
    "q01": -0.21214550137519836,
    "q99": 0.2038665696978569,
    "q999": 0.3123083372414068
  },
  "residual": {
    "mean": -1.4267495771491667e-06,
    "std": 0.0006790945772081614,
    "abs_max": 0.002347998321056366,
    "MAE": 0.0005642566247843206,
    "RMSE": 0.0006790960323996842,
    "rel_L2": 0.008340881614882096,
    "zero_ratio": 0.0012054443359375
  },
  "ks_distance": 0.0064697265625
}