{
  "idx": 15,
  "layer_name": "model.input_blocks.4.0.out_layers.3",
  "w_lora": {
    "numel": 147456,
    "mean": -0.000786379911005497,
    "std": 0.07069858908653259,
    "abs_max": 0.7001065611839294,
    "min": -0.6903032064437866,
    "max": 0.7001065611839294,
    "q001": -0.3345288130640984,
    "q01": -0.20067958086729049,
    "q99": 0.19213771149516257,
    "q999": 0.3099702739715577
  },
  "w_lora_q": {
    "numel": 147456,
    "mean": -0.0007847099332138896,
    "std": 0.07070234417915344,
    "abs_max": 0.7001065611839294,
    "min": -0.6903032064437866,
    "max": 0.7001065611839294,
    "q001": -0.33388676211237905,
    "q01": -0.20100072175264358,
    "q99": 0.1921736523509042,
    "q999": 0.31024617493152834
  },
  "residual": {
    "mean": 1.6698787703717244e-06,
    "std": 0.0008897245861589909,
    "abs_max": 0.002755429595708847,
    "MAE": 0.0007349285297095776,
    "RMSE": 0.0008897262159734964,
    "rel_L2": 0.012584000368263137,
    "zero_ratio": 0.0007595486111111111
  },
  "ks_distance": 0.011819999999999997
}