{
  "idx": 16,
  "layer_name": "model.input_blocks.5.0.in_layers.2",
  "w_lora": {
    "numel": 147456,
    "mean": -0.0017049390589818358,
    "std": 0.0853235125541687,
    "abs_max": 1.3506228923797607,
    "min": -1.3506228923797607,
    "max": 0.7981947660446167,
    "q001": -0.48269215404987337,
    "q01": -0.25042367428541185,
    "q99": 0.21137222424149543,
    "q999": 0.3509776009619247
  },
  "w_lora_q": {
    "numel": 147456,
    "mean": -0.0017078738892450929,
    "std": 0.08533929288387299,
    "abs_max": 1.3506228923797607,
    "min": -1.3506228923797607,
    "max": 0.7981947660446167,
    "q001": -0.482449931949377,
    "q01": -0.2504689127206802,
    "q99": 0.2110555827617647,
    "q999": 0.35124121233821604
  },
  "residual": {
    "mean": -2.9349585020099767e-06,
    "std": 0.0014483435079455376,
    "abs_max": 0.005312593653798103,
    "MAE": 0.0011988584883511066,
    "RMSE": 0.0014483464183285832,
    "rel_L2": 0.016971378654259392,
    "zero_ratio": 0.0008680555555555555
  },
  "ks_distance": 0.014739999999999975
}