{
  "idx": 17,
  "layer_name": "model.input_blocks.5.0.emb_layers.1",
  "w_lora": {
    "numel": 131072,
    "mean": -0.00046780912089161575,
    "std": 0.04812898859381676,
    "abs_max": 0.36832988262176514,
    "min": -0.36832988262176514,
    "max": 0.35176780819892883,
    "q001": -0.18633132308721542,
    "q01": -0.12426806755363941,
    "q99": 0.12321058206260177,
    "q999": 0.18037937407195587
  },
  "w_lora_q": {
    "numel": 131072,
    "mean": -0.0004672867653425783,
    "std": 0.04813047870993614,
    "abs_max": 0.36832988262176514,
    "min": -0.36832988262176514,
    "max": 0.35176780819892883,
    "q001": -0.1862866593003273,
    "q01": -0.12409482739865779,
    "q99": 0.12326586738228787,
    "q999": 0.18019445110857488
  },
  "residual": {
    "mean": 5.223860739533848e-07,
    "std": 0.0003970539546571672,
    "abs_max": 0.0014492496848106384,
    "MAE": 0.0003246492415200919,
    "RMSE": 0.0003970543039031327,
    "rel_L2": 0.008249406278746433,
    "zero_ratio": 0.0001983642578125
  },
  "ks_distance": 0.005919999999999981
}