{
  "idx": 18,
  "layer_name": "model.input_blocks.5.0.cond_emb_layers.1",
  "w_lora": {
    "numel": 65536,
    "mean": 9.416013199370354e-05,
    "std": 0.08413716405630112,
    "abs_max": 0.8593652248382568,
    "min": -0.573848307132721,
    "max": 0.8593652248382568,
    "q001": -0.31161565348505976,
    "q01": -0.21058864444494246,
    "q99": 0.2144207388162613,
    "q999": 0.328741188049311
  },
  "w_lora_q": {
    "numel": 65536,
    "mean": 9.053597750607878e-05,
    "std": 0.0841367244720459,
    "abs_max": 0.8593652248382568,
    "min": -0.573848307132721,
    "max": 0.8593652248382568,
    "q001": -0.311266154050827,
    "q01": -0.21052838936448098,
    "q99": 0.2147149853408337,
    "q999": 0.32785419389604403
  },
  "residual": {
    "mean": -3.6241929137759143e-06,
    "std": 0.000705855549313128,
    "abs_max": 0.0033829808235168457,
    "MAE": 0.0005873391637578607,
    "RMSE": 0.0007058648625388741,
    "rel_L2": 0.008389448740186807,
    "zero_ratio": 0.0014495849609375
  },
  "ks_distance": 0.00634765625
}