{
  "idx": 19,
  "layer_name": "model.input_blocks.5.0.out_layers.3",
  "w_lora": {
    "numel": 147456,
    "mean": -0.00039149215444922447,
    "std": 0.06830509006977081,
    "abs_max": 0.6688857078552246,
    "min": -0.6650377511978149,
    "max": 0.6688857078552246,
    "q001": -0.30837131455540656,
    "q01": -0.18793668001890182,
    "q99": 0.18013196438550988,
    "q999": 0.2943601298332228
  },
  "w_lora_q": {
    "numel": 147456,
    "mean": -0.0003922625910490751,
    "std": 0.06831076741218567,
    "abs_max": 0.6688857078552246,
    "min": -0.6650377511978149,
    "max": 0.6688857078552246,
    "q001": -0.3079507040977478,
    "q01": -0.18825276345014572,
    "q99": 0.18019054308533675,
    "q999": 0.29486197665333974
  },
  "residual": {
    "mean": -7.704102245043032e-07,
    "std": 0.0008079035324044526,
    "abs_max": 0.002630600705742836,
    "MAE": 0.0006718660588376224,
    "RMSE": 0.000807903881650418,
    "rel_L2": 0.011827678754585654,
    "zero_ratio": 0.0007527669270833334
  },
  "ks_distance": 0.010150000000000103
}