{
  "idx": 20,
  "layer_name": "model.input_blocks.6.0.in_layers.2",
  "w_lora": {
    "numel": 147456,
    "mean": -0.003098215674981475,
    "std": 0.08410317450761795,
    "abs_max": 1.365673542022705,
    "min": -1.1008907556533813,
    "max": 1.365673542022705,
    "q001": -0.4020334295928478,
    "q01": -0.22755900993943215,
    "q99": 0.20350225642323524,
    "q999": 0.33934110254049543
  },
  "w_lora_q": {
    "numel": 147456,
    "mean": -0.0030975649133324623,
    "std": 0.0841061994433403,
    "abs_max": 1.365673542022705,
    "min": -1.1008907556533813,
    "max": 1.365673542022705,
    "q001": -0.4028085994720459,
    "q01": -0.22783394530415535,
    "q99": 0.2035730414092541,
    "q999": 0.3392062488198307
  },
  "residual": {
    "mean": 6.512032086902764e-07,
    "std": 0.001125926268287003,
    "abs_max": 0.005374804139137268,
    "MAE": 0.0009041339508257806,
    "RMSE": 0.0011259265011176467,
    "rel_L2": 0.013378368104881522,
    "zero_ratio": 0.0008273654513888889
  },
  "ks_distance": 0.010199999999999987
}