{
  "idx": 21,
  "layer_name": "model.input_blocks.6.0.emb_layers.1",
  "w_lora": {
    "numel": 131072,
    "mean": -0.0016983909299597144,
    "std": 0.048004355281591415,
    "abs_max": 0.44287654757499695,
    "min": -0.44287654757499695,
    "max": 0.32989081740379333,
    "q001": -0.21589878903329374,
    "q01": -0.12715601772069932,
    "q99": 0.11978015281260013,
    "q999": 0.19199690446257645
  },
  "w_lora_q": {
    "numel": 131072,
    "mean": -0.0016978339990600944,
    "std": 0.04800792038440704,
    "abs_max": 0.44287654757499695,
    "min": -0.44287654757499695,
    "max": 0.32989081740379333,
    "q001": -0.21634909059107305,
    "q01": -0.12701023414731025,
    "q99": 0.11969824120402334,
    "q999": 0.19191613793373108
  },
  "residual": {
    "mean": 5.569580139308528e-07,
    "std": 0.0004080798535142094,
    "abs_max": 0.001734960824251175,
    "MAE": 0.0003308182640466839,
    "RMSE": 0.00040808023186400533,
    "rel_L2": 0.008495584953719368,
    "zero_ratio": 0.00017547607421875
  },
  "ks_distance": 0.005979999999999985
}