{
  "idx": 22,
  "layer_name": "model.input_blocks.6.0.cond_emb_layers.1",
  "w_lora": {
    "numel": 65536,
    "mean": -0.009156227111816406,
    "std": 0.0932910367846489,
    "abs_max": 0.7900076508522034,
    "min": -0.5193503499031067,
    "max": 0.7900076508522034,
    "q001": -0.3525829640030861,
    "q01": -0.2401889033615589,
    "q99": 0.22910033017396927,
    "q999": 0.3568299542367419
  },
  "w_lora_q": {
    "numel": 65536,
    "mean": -0.009154729545116425,
    "std": 0.09329522401094437,
    "abs_max": 0.7900076508522034,
    "min": -0.5193503499031067,
    "max": 0.7900076508522034,
    "q001": -0.35367162078619,
    "q01": -0.24023183509707452,
    "q99": 0.22887143865227708,
    "q999": 0.3572825442254534
  },
  "residual": {
    "mean": 1.4976510556152789e-06,
    "std": 0.0007960029179230332,
    "abs_max": 0.0030942102894186974,
    "MAE": 0.000664154882542789,
    "RMSE": 0.0007960043149068952,
    "rel_L2": 0.008491683813572544,
    "zero_ratio": 0.0016632080078125
  },
  "ks_distance": 0.005889892578125
}