{
  "idx": 23,
  "layer_name": "model.input_blocks.6.0.out_layers.3",
  "w_lora": {
    "numel": 147456,
    "mean": 0.0003511562244966626,
    "std": 0.07778573036193848,
    "abs_max": 0.9167006015777588,
    "min": -0.9167006015777588,
    "max": 0.7608218789100647,
    "q001": -0.34641017228364945,
    "q01": -0.2105170249938965,
    "q99": 0.20789238959550876,
    "q999": 0.3420390842855043
  },
  "w_lora_q": {
    "numel": 147456,
    "mean": 0.00035206321626901627,
    "std": 0.07778851687908173,
    "abs_max": 0.9167006015777588,
    "min": -0.9167006015777588,
    "max": 0.7608218789100647,
    "q001": -0.3462196837365627,
    "q01": -0.21052543669939042,
    "q99": 0.20824337005615234,
    "q999": 0.3414820942282699
  },
  "residual": {
    "mean": 9.070715805137297e-07,
    "std": 0.0010048614349216223,
    "abs_max": 0.003601647913455963,
    "MAE": 0.0008173867827281356,
    "RMSE": 0.0010048619005829096,
    "rel_L2": 0.012918199810619,
    "zero_ratio": 0.0008002387152777778
  },
  "ks_distance": 0.011629999999999974
}