{
  "idx": 24,
  "layer_name": "model.input_blocks.7.0.in_layers.2",
  "w_lora": {
    "numel": 294912,
    "mean": -0.002482181414961815,
    "std": 0.0866638571023941,
    "abs_max": 1.5609493255615234,
    "min": -1.125975251197815,
    "max": 1.5609493255615234,
    "q001": -0.432382647305727,
    "q01": -0.23518750891089438,
    "q99": 0.2080052255094053,
    "q999": 0.3352611716091589
  },
  "w_lora_q": {
    "numel": 294912,
    "mean": -0.002482840558513999,
    "std": 0.08667469769716263,
    "abs_max": 1.5609493255615234,
    "min": -1.125975251197815,
    "max": 1.5609493255615234,
    "q001": -0.4326429068148136,
    "q01": -0.23524049818515777,
    "q99": 0.20804396271705627,
    "q999": 0.33522796604036653
  },
  "residual": {
    "mean": -6.593057264581148e-07,
    "std": 0.0011887784348800778,
    "abs_max": 0.006144896149635315,
    "MAE": 0.0009741096291691065,
    "RMSE": 0.0011887785512953997,
    "rel_L2": 0.013711495712812173,
    "zero_ratio": 0.0008544921875
  },
  "ks_distance": 0.010409999999999975
}