{
  "idx": 25,
  "layer_name": "model.input_blocks.7.0.emb_layers.1",
  "w_lora": {
    "numel": 262144,
    "mean": -0.0009914441034197807,
    "std": 0.04600667208433151,
    "abs_max": 0.4526127874851227,
    "min": -0.44436657428741455,
    "max": 0.4526127874851227,
    "q001": -0.19410474763810634,
    "q01": -0.11799626566469669,
    "q99": 0.11870372787117958,
    "q999": 0.199489881768819
  },
  "w_lora_q": {
    "numel": 262144,
    "mean": -0.000991538050584495,
    "std": 0.04600946605205536,
    "abs_max": 0.4526127874851227,
    "min": -0.44548502564430237,
    "max": 0.4526127874851227,
    "q001": -0.1947250556051731,
    "q01": -0.11802004411816597,
    "q99": 0.11876539245247844,
    "q999": 0.1992623535990691
  },
  "residual": {
    "mean": -9.39527780019489e-08,
    "std": 0.00037916412111371756,
    "abs_max": 0.0017810538411140442,
    "MAE": 0.00031027907971292734,
    "RMSE": 0.00037916412111371756,
    "rel_L2": 0.008239590149495409,
    "zero_ratio": 0.00011444091796875
  },
  "ks_distance": 0.006060000000000065
}