{
  "idx": 26,
  "layer_name": "model.input_blocks.7.0.cond_emb_layers.1",
  "w_lora": {
    "numel": 131072,
    "mean": -0.006366290617734194,
    "std": 0.08967148512601852,
    "abs_max": 0.7999836802482605,
    "min": -0.7999836802482605,
    "max": 0.5670315623283386,
    "q001": -0.33981314185261724,
    "q01": -0.22802225172519683,
    "q99": 0.21747727900743474,
    "q999": 0.3207597933411601
  },
  "w_lora_q": {
    "numel": 131072,
    "mean": -0.0063679413869977,
    "std": 0.08967442810535431,
    "abs_max": 0.7999836802482605,
    "min": -0.7999836802482605,
    "max": 0.5670315623283386,
    "q001": -0.3399317737817764,
    "q01": -0.22821245834231377,
    "q99": 0.21753211438655848,
    "q999": 0.32099205681681725
  },
  "residual": {
    "mean": -1.6512794900336303e-06,
    "std": 0.0007524374523200095,
    "abs_max": 0.003136351704597473,
    "MAE": 0.0006294028135016561,
    "RMSE": 0.0007524392567574978,
    "rel_L2": 0.008369997484120303,
    "zero_ratio": 0.00160980224609375
  },
  "ks_distance": 0.006040000000000045
}