{
  "idx": 27,
  "layer_name": "model.input_blocks.7.0.out_layers.3",
  "w_lora": {
    "numel": 589824,
    "mean": -0.000926906883250922,
    "std": 0.06634233891963959,
    "abs_max": 1.3672887086868286,
    "min": -1.3672887086868286,
    "max": 0.896969735622406,
    "q001": -0.2901730049550533,
    "q01": -0.17802783444523812,
    "q99": 0.1698256233334542,
    "q999": 0.2661335559487392
  },
  "w_lora_q": {
    "numel": 589824,
    "mean": -0.0009259441867470741,
    "std": 0.06635002046823502,
    "abs_max": 1.3672887086868286,
    "min": -1.3672887086868286,
    "max": 0.896969735622406,
    "q001": -0.29059285736083984,
    "q01": -0.17817976653575898,
    "q99": 0.16978896871209145,
    "q999": 0.2661173209548035
  },
  "residual": {
    "mean": 9.624801577956532e-07,
    "std": 0.0009615573799237609,
    "abs_max": 0.005377765744924545,
    "MAE": 0.0007829236565157771,
    "RMSE": 0.0009615578455850482,
    "rel_L2": 0.014492461275376596,
    "zero_ratio": 0.0004238552517361111
  },
  "ks_distance": 0.012039999999999995
}