{
  "idx": 28,
  "layer_name": "model.input_blocks.8.0.in_layers.2",
  "w_lora": {
    "numel": 589824,
    "mean": -0.0001945408876053989,
    "std": 0.08494959771633148,
    "abs_max": 1.5701403617858887,
    "min": -1.3244229555130005,
    "max": 1.5701403617858887,
    "q001": -0.4653534235954285,
    "q01": -0.23398190826177598,
    "q99": 0.20107971549034134,
    "q999": 0.3198225247561939
  },
  "w_lora_q": {
    "numel": 589824,
    "mean": -0.00019645462452899665,
    "std": 0.08496066182851791,
    "abs_max": 1.5701403617858887,
    "min": -1.3244229555130005,
    "max": 1.5701403617858887,
    "q001": -0.4665786462724209,
    "q01": -0.23417316377162933,
    "q99": 0.2010471373796463,
    "q999": 0.31993041208386425
  },
  "residual": {
    "mean": -1.913735331982025e-06,
    "std": 0.001453211298212409,
    "abs_max": 0.006169050931930542,
    "MAE": 0.0011756665771827102,
    "RMSE": 0.0014532128116115928,
    "rel_L2": 0.01710671995703123,
    "zero_ratio": 0.00042894151475694444
  },
  "ks_distance": 0.013490000000000002
}