{
  "idx": 29,
  "layer_name": "model.input_blocks.8.0.emb_layers.1",
  "w_lora": {
    "numel": 262144,
    "mean": -0.0005892989574931562,
    "std": 0.04904688149690628,
    "abs_max": 0.5372994542121887,
    "min": -0.5372994542121887,
    "max": 0.5186623334884644,
    "q001": -0.20810729011893273,
    "q01": -0.1232978954911232,
    "q99": 0.12268012516200547,
    "q999": 0.2078266476094673
  },
  "w_lora_q": {
    "numel": 262144,
    "mean": -0.0005897184601053596,
    "std": 0.04904890060424805,
    "abs_max": 0.5372994542121887,
    "min": -0.5372994542121887,
    "max": 0.5186623334884644,
    "q001": -0.2080990842282772,
    "q01": -0.12327529683709144,
    "q99": 0.12274646028876311,
    "q999": 0.20784366926550518
  },
  "residual": {
    "mean": -4.1958978158618265e-07,
    "std": 0.00036912562791258097,
    "abs_max": 0.0021145492792129517,
    "MAE": 0.0002983984595630318,
    "RMSE": 0.0003691258898470551,
    "rel_L2": 0.007525437801433613,
    "zero_ratio": 0.0001068115234375
  },
  "ks_distance": 0.005539999999999989
}