{
  "idx": 30,
  "layer_name": "model.input_blocks.8.0.cond_emb_layers.1",
  "w_lora": {
    "numel": 131072,
    "mean": -0.003587323473766446,
    "std": 0.09440507739782333,
    "abs_max": 0.7197917699813843,
    "min": -0.7197917699813843,
    "max": 0.6601463556289673,
    "q001": -0.36241323718428614,
    "q01": -0.24090974628925324,
    "q99": 0.23377223774790742,
    "q999": 0.3474266045987653
  },
  "w_lora_q": {
    "numel": 131072,
    "mean": -0.003586831735447049,
    "std": 0.09440941363573074,
    "abs_max": 0.7197917699813843,
    "min": -0.7197917699813843,
    "max": 0.6601463556289673,
    "q001": -0.3620685668587685,
    "q01": -0.24052186369895934,
    "q99": 0.23372982099652237,
    "q999": 0.347459941625598
  },
  "residual": {
    "mean": 4.919878620057716e-07,
    "std": 0.0007846007938496768,
    "abs_max": 0.0028332695364952087,
    "MAE": 0.0006589738768525422,
    "RMSE": 0.0007846010266803205,
    "rel_L2": 0.008305009633508437,
    "zero_ratio": 0.001739501953125
  },
  "ks_distance": 0.006220000000000003
}