{
  "idx": 31,
  "layer_name": "model.input_blocks.8.0.out_layers.3",
  "w_lora": {
    "numel": 589824,
    "mean": -0.0006182445795275271,
    "std": 0.06670985370874405,
    "abs_max": 1.1110049486160278,
    "min": -0.7179725766181946,
    "max": 1.1110049486160278,
    "q001": -0.29845388314127924,
    "q01": -0.18503895550966262,
    "q99": 0.17662340581417107,
    "q999": 0.28605133947730194
  },
  "w_lora_q": {
    "numel": 589824,
    "mean": -0.0006179083720780909,
    "std": 0.06671435385942459,
    "abs_max": 1.1110049486160278,
    "min": -0.7179725766181946,
    "max": 1.1110049486160278,
    "q001": -0.2985197491943836,
    "q01": -0.18511444330215454,
    "q99": 0.17653542757034302,
    "q999": 0.28581431713700356
  },
  "residual": {
    "mean": 3.361135725299391e-07,
    "std": 0.0008763658697716892,
    "abs_max": 0.004370555281639099,
    "MAE": 0.000732415122911334,
    "RMSE": 0.0008763660443946719,
    "rel_L2": 0.013136415625831562,
    "zero_ratio": 0.00042724609375
  },
  "ks_distance": 0.01146999999999998
}