{
  "idx": 32,
  "layer_name": "model.input_blocks.9.0.in_layers.2",
  "w_lora": {
    "numel": 589824,
    "mean": -0.0008951446507126093,
    "std": 0.08024141937494278,
    "abs_max": 1.5046948194503784,
    "min": -1.5046948194503784,
    "max": 0.9372783899307251,
    "q001": -0.3578228220641613,
    "q01": -0.208840509057045,
    "q99": 0.18856404796242715,
    "q999": 0.2887882937192936
  },
  "w_lora_q": {
    "numel": 589824,
    "mean": -0.000892902200575918,
    "std": 0.08024627715349197,
    "abs_max": 1.5046948194503784,
    "min": -1.5046948194503784,
    "max": 0.9372783899307251,
    "q001": -0.35765707221627235,
    "q01": -0.20884433388710022,
    "q99": 0.18851971626281738,
    "q999": 0.28830514785647404
  },
  "residual": {
    "mean": 2.2425047063734382e-06,
    "std": 0.0010960795916616917,
    "abs_max": 0.0059166112914681435,
    "MAE": 0.0008895926875993609,
    "RMSE": 0.0010960818035528064,
    "rel_L2": 0.013658952682063222,
    "zero_ratio": 0.0004374186197916667
  },
  "ks_distance": 0.010470000000000035
}