{
  "idx": 33,
  "layer_name": "model.input_blocks.9.0.emb_layers.1",
  "w_lora": {
    "numel": 262144,
    "mean": -0.0007696726825088263,
    "std": 0.04564980790019035,
    "abs_max": 0.547102689743042,
    "min": -0.547102689743042,
    "max": 0.42952069640159607,
    "q001": -0.21227518497407435,
    "q01": -0.12431084275245667,
    "q99": 0.12451735101640227,
    "q999": 0.21871308837830994
  },
  "w_lora_q": {
    "numel": 262144,
    "mean": -0.0007710906793363392,
    "std": 0.04565003514289856,
    "abs_max": 0.547102689743042,
    "min": -0.547102689743042,
    "max": 0.42937299609184265,
    "q001": -0.21140579676628113,
    "q01": -0.12444029003381729,
    "q99": 0.12465889312326955,
    "q999": 0.21898152855038533
  },
  "residual": {
    "mean": -1.417919861523842e-06,
    "std": 0.00036417521187104285,
    "abs_max": 0.0021473243832588196,
    "MAE": 0.0002867151633836329,
    "RMSE": 0.0003641779185272753,
    "rel_L2": 0.007976511435392008,
    "zero_ratio": 0.000156402587890625
  },
  "ks_distance": 0.005700000000000038
}