{
  "idx": 34,
  "layer_name": "model.input_blocks.9.0.cond_emb_layers.1",
  "w_lora": {
    "numel": 131072,
    "mean": -0.009303010068833828,
    "std": 0.10069394111633301,
    "abs_max": 0.5496488809585571,
    "min": -0.5288266539573669,
    "max": 0.5496488809585571,
    "q001": -0.3579811002612114,
    "q01": -0.2551459774374962,
    "q99": 0.23911338195204704,
    "q999": 0.34295682501792957
  },
  "w_lora_q": {
    "numel": 131072,
    "mean": -0.009301058016717434,
    "std": 0.10069813579320908,
    "abs_max": 0.5496488809585571,
    "min": -0.5288266539573669,
    "max": 0.5496488809585571,
    "q001": -0.35823670119047163,
    "q01": -0.2552721983194351,
    "q99": 0.23915424942970276,
    "q999": 0.3428504205644133
  },
  "residual": {
    "mean": 1.95147595150047e-06,
    "std": 0.000819236331153661,
    "abs_max": 0.0021524839103221893,
    "MAE": 0.0006971522234380245,
    "RMSE": 0.0008192386594600976,
    "rel_L2": 0.008101426711470782,
    "zero_ratio": 0.0018768310546875
  },
  "ks_distance": 0.005469999999999975
}