{
  "idx": 35,
  "layer_name": "model.input_blocks.9.0.out_layers.3",
  "w_lora": {
    "numel": 589824,
    "mean": -0.001504055573605001,
    "std": 0.08448679745197296,
    "abs_max": 0.8516833186149597,
    "min": -0.8516833186149597,
    "max": 0.7412611246109009,
    "q001": -0.38759793677926063,
    "q01": -0.2412054033577442,
    "q99": 0.23193959563970573,
    "q999": 0.3735966909825826
  },
  "w_lora_q": {
    "numel": 589824,
    "mean": -0.001503614243119955,
    "std": 0.08449538797140121,
    "abs_max": 0.8516833186149597,
    "min": -0.8516833186149597,
    "max": 0.7412611246109009,
    "q001": -0.38767613366246223,
    "q01": -0.24138057738542554,
    "q99": 0.2320227383077147,
    "q999": 0.37331250309944153
  },
  "residual": {
    "mean": 4.41442949750126e-07,
    "std": 0.001061542658135295,
    "abs_max": 0.0033502504229545593,
    "MAE": 0.0008981212158687413,
    "RMSE": 0.001061542658135295,
    "rel_L2": 0.012562609737875268,
    "zero_ratio": 0.0004323323567708333
  },
  "ks_distance": 0.012260000000000049
}