{
  "idx": 36,
  "layer_name": "model.input_blocks.10.0.in_layers.2",
  "w_lora": {
    "numel": 884736,
    "mean": -0.0027024815790355206,
    "std": 0.08279401063919067,
    "abs_max": 1.1772549152374268,
    "min": -1.1772549152374268,
    "max": 0.8356714248657227,
    "q001": -0.35196096912026403,
    "q01": -0.21351616382598876,
    "q99": 0.18928608521819126,
    "q999": 0.27473549738526376
  },
  "w_lora_q": {
    "numel": 884736,
    "mean": -0.002702094381675124,
    "std": 0.08280046284198761,
    "abs_max": 1.1772549152374268,
    "min": -1.1772549152374268,
    "max": 0.8356714248657227,
    "q001": -0.35163597017526627,
    "q01": -0.2135162204504013,
    "q99": 0.189216696470976,
    "q999": 0.2748113413155086
  },
  "residual": {
    "mean": 3.8675878499816463e-07,
    "std": 0.0010708466870710254,
    "abs_max": 0.00463443249464035,
    "MAE": 0.0008832665625959635,
    "RMSE": 0.0010708466870710254,
    "rel_L2": 0.012926985005352084,
    "zero_ratio": 0.00043402777777777775
  },
  "ks_distance": 0.009629999999999972
}