{
  "idx": 37,
  "layer_name": "model.input_blocks.10.0.emb_layers.1",
  "w_lora": {
    "numel": 393216,
    "mean": -0.0006937974249012768,
    "std": 0.0487595871090889,
    "abs_max": 0.45701754093170166,
    "min": -0.41340431571006775,
    "max": 0.45701754093170166,
    "q001": -0.18964701630175113,
    "q01": -0.12477973587810993,
    "q99": 0.12506945580244055,
    "q999": 0.1893241596221868
  },
  "w_lora_q": {
    "numel": 393216,
    "mean": -0.0006925412453711033,
    "std": 0.048760849982500076,
    "abs_max": 0.45701754093170166,
    "min": -0.4138347804546356,
    "max": 0.45701754093170166,
    "q001": -0.18964509293437004,
    "q01": -0.1248084120452404,
    "q99": 0.12500876188278198,
    "q999": 0.18940348640083737
  },
  "residual": {
    "mean": 1.2562526308101951e-06,
    "std": 0.00034375631366856396,
    "abs_max": 0.001799076795578003,
    "MAE": 0.00027903594309464097,
    "RMSE": 0.0003437585837673396,
    "rel_L2": 0.0070493580451515105,
    "zero_ratio": 8.138020833333333e-05
  },
  "ks_distance": 0.005260000000000042
}