{
  "idx": 38,
  "layer_name": "model.input_blocks.10.0.cond_emb_layers.1",
  "w_lora": {
    "numel": 196608,
    "mean": -0.007775871083140373,
    "std": 0.10883786529302597,
    "abs_max": 0.6333666443824768,
    "min": -0.6333666443824768,
    "max": 0.6289628744125366,
    "q001": -0.3865815993845463,
    "q01": -0.27184711962938307,
    "q99": 0.2663819172978401,
    "q999": 0.38574832603335724
  },
  "w_lora_q": {
    "numel": 196608,
    "mean": -0.007773860823363066,
    "std": 0.1088470071554184,
    "abs_max": 0.6333666443824768,
    "min": -0.6333666443824768,
    "max": 0.6289628744125366,
    "q001": -0.38629056933522227,
    "q01": -0.2720874881744385,
    "q99": 0.26638543128967257,
    "q999": 0.38516095855832383
  },
  "residual": {
    "mean": 2.0101722384424647e-06,
    "std": 0.0008880304521881044,
    "abs_max": 0.0024863481521606445,
    "MAE": 0.0007541636005043983,
    "RMSE": 0.00088803272228688,
    "rel_L2": 0.008138481378201893,
    "zero_ratio": 0.0019022623697916667
  },
  "ks_distance": 0.006170000000000009
}