{
  "idx": 39,
  "layer_name": "model.input_blocks.10.0.out_layers.3",
  "w_lora": {
    "numel": 1327104,
    "mean": -0.0010954290628433228,
    "std": 0.07457097619771957,
    "abs_max": 0.7560035586357117,
    "min": -0.7560035586357117,
    "max": 0.6880636215209961,
    "q001": -0.3441324713528156,
    "q01": -0.20877934679388999,
    "q99": 0.19882753968238828,
    "q999": 0.31531381165981465
  },
  "w_lora_q": {
    "numel": 1327104,
    "mean": -0.0010943182278424501,
    "std": 0.07457692176103592,
    "abs_max": 0.7560035586357117,
    "min": -0.7560035586357117,
    "max": 0.6880636215209961,
    "q001": -0.34432315325737,
    "q01": -0.20864388346672058,
    "q99": 0.1988477982580661,
    "q999": 0.31528462481498865
  },
  "residual": {
    "mean": 1.1103326187367202e-06,
    "std": 0.0010101123480126262,
    "abs_max": 0.0029760077595710754,
    "MAE": 0.0008596151601523161,
    "RMSE": 0.0010101129300892353,
    "rel_L2": 0.013544197422317836,
    "zero_ratio": 0.0002901053722993827
  },
  "ks_distance": 0.011830000000000007
}