{
  "idx": 40,
  "layer_name": "model.input_blocks.11.0.in_layers.2",
  "w_lora": {
    "numel": 1327104,
    "mean": -0.0027164777275174856,
    "std": 0.08109775185585022,
    "abs_max": 1.1125211715698242,
    "min": -1.1125211715698242,
    "max": 0.7804180979728699,
    "q001": -0.3119112966954708,
    "q01": -0.20600938707590102,
    "q99": 0.1833858819305896,
    "q999": 0.2558752239942562
  },
  "w_lora_q": {
    "numel": 1327104,
    "mean": -0.002717390423640609,
    "std": 0.08110442012548447,
    "abs_max": 1.1125211715698242,
    "min": -1.1125211715698242,
    "max": 0.7804180979728699,
    "q001": -0.31170861127972604,
    "q01": -0.2060159295797348,
    "q99": 0.1833416074514389,
    "q999": 0.255971601694825
  },
  "residual": {
    "mean": -9.145849730884947e-07,
    "std": 0.0009753916529007256,
    "abs_max": 0.004378792829811573,
    "MAE": 0.0008067779126577079,
    "RMSE": 0.0009753921185620129,
    "rel_L2": 0.012020621903772618,
    "zero_ratio": 0.0002878448109567901
  },
  "ks_distance": 0.008629999999999971
}