{
  "idx": 41,
  "layer_name": "model.input_blocks.11.0.emb_layers.1",
  "w_lora": {
    "numel": 393216,
    "mean": -0.00027266275719739497,
    "std": 0.047003600746393204,
    "abs_max": 0.3891333043575287,
    "min": -0.3645492196083069,
    "max": 0.3891333043575287,
    "q001": -0.16709704160690309,
    "q01": -0.11919244676828385,
    "q99": 0.12168359048664558,
    "q999": 0.17180568113922864
  },
  "w_lora_q": {
    "numel": 393216,
    "mean": -0.00027267387486062944,
    "std": 0.04700445756316185,
    "abs_max": 0.3891333043575287,
    "min": -0.36462095379829407,
    "max": 0.3891333043575287,
    "q001": -0.16674277678132057,
    "q01": -0.11925912797451019,
    "q99": 0.12178880721330643,
    "q999": 0.17192518800496723
  },
  "residual": {
    "mean": -1.1102723185274499e-08,
    "std": 0.00032328307861462235,
    "abs_max": 0.0015311315655708313,
    "MAE": 0.0002633692929521203,
    "RMSE": 0.0003232830495107919,
    "rel_L2": 0.006877720579361364,
    "zero_ratio": 3.814697265625e-05
  },
  "ks_distance": 0.005149999999999988
}