{
  "idx": 42,
  "layer_name": "model.input_blocks.11.0.cond_emb_layers.1",
  "w_lora": {
    "numel": 196608,
    "mean": -0.006270626559853554,
    "std": 0.10509873926639557,
    "abs_max": 0.7076496481895447,
    "min": -0.6113687753677368,
    "max": 0.7076496481895447,
    "q001": -0.36215756759047507,
    "q01": -0.26098112285137176,
    "q99": 0.2559603959321975,
    "q999": 0.3663319373726858
  },
  "w_lora_q": {
    "numel": 196608,
    "mean": -0.006270458921790123,
    "std": 0.10510246455669403,
    "abs_max": 0.7076496481895447,
    "min": -0.6113687753677368,
    "max": 0.7076496481895447,
    "q001": -0.36287006735801697,
    "q01": -0.2611517843604088,
    "q99": 0.256022185087204,
    "q999": 0.3660288371741797
  },
  "residual": {
    "mean": 1.6721099882488488e-07,
    "std": 0.0008577858097851276,
    "abs_max": 0.002779196947813034,
    "MAE": 0.0007295075338333845,
    "RMSE": 0.0008577859262004495,
    "rel_L2": 0.008147225178865332,
    "zero_ratio": 0.0019175211588541667
  },
  "ks_distance": 0.006310000000000038
}