{
  "idx": 43,
  "layer_name": "model.input_blocks.11.0.out_layers.3",
  "w_lora": {
    "numel": 1327104,
    "mean": -0.0016525036189705133,
    "std": 0.07781412452459335,
    "abs_max": 0.9283174872398376,
    "min": -0.9283174872398376,
    "max": 0.6677653789520264,
    "q001": -0.3459033900797367,
    "q01": -0.2110239399969578,
    "q99": 0.1965258587896823,
    "q999": 0.3011063289344361
  },
  "w_lora_q": {
    "numel": 1327104,
    "mean": -0.0016531578730791807,
    "std": 0.0778191089630127,
    "abs_max": 0.9283174872398376,
    "min": -0.9283174872398376,
    "max": 0.6677653789520264,
    "q001": -0.34604206681251526,
    "q01": -0.21115249395370483,
    "q99": 0.19665391743183136,
    "q999": 0.3010420799255371
  },
  "residual": {
    "mean": -6.53320796573098e-07,
    "std": 0.0010249607730656862,
    "abs_max": 0.003653501160442829,
    "MAE": 0.000866742164362222,
    "RMSE": 0.0010249610058963299,
    "rel_L2": 0.013168946367822822,
    "zero_ratio": 0.0002931194540895062
  },
  "ks_distance": 0.01053000000000004
}