{
  "idx": 44,
  "layer_name": "model.input_blocks.12.0.in_layers.2",
  "w_lora": {
    "numel": 1327104,
    "mean": -0.002464579651132226,
    "std": 0.08293160796165466,
    "abs_max": 0.7185155749320984,
    "min": -0.7185155749320984,
    "max": 0.3913811147212982,
    "q001": -0.2856116875708103,
    "q01": -0.20565884426236153,
    "q99": 0.1867062850296497,
    "q999": 0.2515122506022468
  },
  "w_lora_q": {
    "numel": 1327104,
    "mean": -0.0024659743066877127,
    "std": 0.08293557167053223,
    "abs_max": 0.7185155749320984,
    "min": -0.7185155749320984,
    "max": 0.3913811147212982,
    "q001": -0.2857401669025421,
    "q01": -0.20562967658042908,
    "q99": 0.18667808175086975,
    "q999": 0.2514783442020416
  },
  "residual": {
    "mean": -1.394795276610239e-06,
    "std": 0.0007997503853403032,
    "abs_max": 0.002828039228916168,
    "MAE": 0.0006846474134363234,
    "RMSE": 0.0007997514330781996,
    "rel_L2": 0.009639251874614906,
    "zero_ratio": 0.00029161241319444444
  },
  "ks_distance": 0.006920000000000037
}