{
  "idx": 45,
  "layer_name": "model.input_blocks.12.0.emb_layers.1",
  "w_lora": {
    "numel": 393216,
    "mean": -0.0006194290472194552,
    "std": 0.049898408353328705,
    "abs_max": 0.2376687079668045,
    "min": -0.23055478930473328,
    "max": 0.2376687079668045,
    "q001": -0.1582844926416874,
    "q01": -0.12231370806694031,
    "q99": 0.12322506867349138,
    "q999": 0.15956967614591064
  },
  "w_lora_q": {
    "numel": 393216,
    "mean": -0.000620293605607003,
    "std": 0.04989960789680481,
    "abs_max": 0.2376687228679657,
    "min": -0.23018309473991394,
    "max": 0.2376687228679657,
    "q001": -0.15840035401284694,
    "q01": -0.12229391187429428,
    "q99": 0.12331067211925976,
    "q999": 0.15965553224086707
  },
  "residual": {
    "mean": -8.646033506920503e-07,
    "std": 0.0003223348467145115,
    "abs_max": 0.0009356364607810974,
    "MAE": 0.000272809382295236,
    "RMSE": 0.0003223360108677298,
    "rel_L2": 0.006459348846822852,
    "zero_ratio": 2.5431315104166665e-06
  },
  "ks_distance": 0.0047800000000000065
}