{
  "idx": 46,
  "layer_name": "model.input_blocks.12.0.cond_emb_layers.1",
  "w_lora": {
    "numel": 196608,
    "mean": -0.005286797881126404,
    "std": 0.10865268856287003,
    "abs_max": 0.6117396354675293,
    "min": -0.6117396354675293,
    "max": 0.5909547209739685,
    "q001": -0.3649778009355068,
    "q01": -0.26614446520805357,
    "q99": 0.26150304108858097,
    "q999": 0.3696011144816908
  },
  "w_lora_q": {
    "numel": 196608,
    "mean": -0.00528545118868351,
    "std": 0.10865689814090729,
    "abs_max": 0.6117396354675293,
    "min": -0.6117396354675293,
    "max": 0.5909547209739685,
    "q001": -0.36518968921899797,
    "q01": -0.26628606259822846,
    "q99": 0.2616932067275047,
    "q999": 0.3698105878531979
  },
  "residual": {
    "mean": 1.3470183830577298e-06,
    "std": 0.0008736714953556657,
    "abs_max": 0.002402074635028839,
    "MAE": 0.0007473218720406294,
    "RMSE": 0.000873672601301223,
    "rel_L2": 0.008031464943860036,
    "zero_ratio": 0.0019582112630208335
  },
  "ks_distance": 0.005870000000000042
}