{
  "idx": 47,
  "layer_name": "model.input_blocks.12.0.out_layers.3",
  "w_lora": {
    "numel": 1327104,
    "mean": -0.0009935537818819284,
    "std": 0.07048530876636505,
    "abs_max": 0.7127919793128967,
    "min": -0.7127919793128967,
    "max": 0.6899706721305847,
    "q001": -0.2731079300045967,
    "q01": -0.17926962926983833,
    "q99": 0.1750156199932097,
    "q999": 0.2641147469878234
  },
  "w_lora_q": {
    "numel": 1327104,
    "mean": -0.000994027592241764,
    "std": 0.07048984616994858,
    "abs_max": 0.7127919793128967,
    "min": -0.7127919793128967,
    "max": 0.6899706721305847,
    "q001": -0.27308415654301643,
    "q01": -0.17927715331315994,
    "q99": 0.17494690418243408,
    "q999": 0.26404551574588025
  },
  "residual": {
    "mean": -4.735574066216941e-07,
    "std": 0.0008614098187536001,
    "abs_max": 0.002805843949317932,
    "MAE": 0.0007330857333727181,
    "RMSE": 0.0008614100515842438,
    "rel_L2": 0.012219918254920577,
    "zero_ratio": 0.00029161241319444444
  },
  "ks_distance": 0.008979999999999988
}