{
  "idx": 48,
  "layer_name": "model.input_blocks.13.0.in_layers.2",
  "w_lora": {
    "numel": 1769472,
    "mean": -0.0022718855179846287,
    "std": 0.0837361142039299,
    "abs_max": 0.8514004349708557,
    "min": -0.8514004349708557,
    "max": 0.8396314978599548,
    "q001": -0.2855383751690388,
    "q01": -0.20606243267655372,
    "q99": 0.18849951088428502,
    "q999": 0.25467597195506597
  },
  "w_lora_q": {
    "numel": 1769472,
    "mean": -0.0022727763280272484,
    "std": 0.08373968303203583,
    "abs_max": 0.8514004349708557,
    "min": -0.8514004349708557,
    "max": 0.8396314978599548,
    "q001": -0.2856097165942192,
    "q01": -0.20610620692372325,
    "q99": 0.18849097192287445,
    "q999": 0.25463102981448227
  },
  "residual": {
    "mean": -8.911475219974818e-07,
    "std": 0.000802003254648298,
    "abs_max": 0.0033514797687530518,
    "MAE": 0.0006860102876089513,
    "RMSE": 0.0008020037785172462,
    "rel_L2": 0.009574232316558982,
    "zero_ratio": 0.00029161241319444444
  },
  "ks_distance": 0.006709999999999994
}