{
  "idx": 49,
  "layer_name": "model.input_blocks.13.0.emb_layers.1",
  "w_lora": {
    "numel": 524288,
    "mean": -0.00048061879351735115,
    "std": 0.050434064120054245,
    "abs_max": 0.38458725810050964,
    "min": -0.38458725810050964,
    "max": 0.2893821895122528,
    "q001": -0.17047082529962063,
    "q01": -0.12642041206359864,
    "q99": 0.127046804279089,
    "q999": 0.17162450306117502
  },
  "w_lora_q": {
    "numel": 524288,
    "mean": -0.00048073113430291414,
    "std": 0.05043566972017288,
    "abs_max": 0.38458725810050964,
    "min": -0.38458725810050964,
    "max": 0.2892223596572876,
    "q001": -0.17024405300617218,
    "q01": -0.12648099660873413,
    "q99": 0.12705722630023963,
    "q999": 0.17158305644989014
  },
  "residual": {
    "mean": -1.1236053865104623e-07,
    "std": 0.00033435909426771104,
    "abs_max": 0.0015125907957553864,
    "MAE": 0.0002791600418277085,
    "RMSE": 0.0003343591233715415,
    "rel_L2": 0.006629327479252516,
    "zero_ratio": 1.9073486328125e-05
  },
  "ks_distance": 0.004770000000000052
}