{
  "idx": 50,
  "layer_name": "model.input_blocks.13.0.cond_emb_layers.1",
  "w_lora": {
    "numel": 262144,
    "mean": -0.006776021793484688,
    "std": 0.11054765433073044,
    "abs_max": 0.6383889317512512,
    "min": -0.6383889317512512,
    "max": 0.621006965637207,
    "q001": -0.37368787777423856,
    "q01": -0.2717292004823685,
    "q99": 0.26125794619321824,
    "q999": 0.3615378641784177
  },
  "w_lora_q": {
    "numel": 262144,
    "mean": -0.006775300484150648,
    "std": 0.11055386811494827,
    "abs_max": 0.6383889317512512,
    "min": -0.6383889317512512,
    "max": 0.6233088970184326,
    "q001": -0.3737877187728882,
    "q01": -0.2717718735337257,
    "q99": 0.261339664757252,
    "q999": 0.3619176385402675
  },
  "residual": {
    "mean": 7.218131941044703e-07,
    "std": 0.0008803474484011531,
    "abs_max": 0.0025123506784439087,
    "MAE": 0.0007543228566646576,
    "RMSE": 0.0008803476230241358,
    "rel_L2": 0.007948596636031337,
    "zero_ratio": 0.00194549560546875
  },
  "ks_distance": 0.005859999999999976
}