{
  "idx": 51,
  "layer_name": "model.input_blocks.13.0.out_layers.3",
  "w_lora": {
    "numel": 2359296,
    "mean": -0.001867527374997735,
    "std": 0.07593531161546707,
    "abs_max": 1.0052635669708252,
    "min": -1.0052635669708252,
    "max": 0.5960924625396729,
    "q001": -0.30198646038770677,
    "q01": -0.19395046457648277,
    "q99": 0.18279418870806657,
    "q999": 0.27186641827225727
  },
  "w_lora_q": {
    "numel": 2359296,
    "mean": -0.0018675391329452395,
    "std": 0.07594054937362671,
    "abs_max": 1.0052635669708252,
    "min": -1.0052635669708252,
    "max": 0.5960924625396729,
    "q001": -0.3019330693781376,
    "q01": -0.19406194984912872,
    "q99": 0.1826861947774887,
    "q999": 0.2719384901225567
  },
  "residual": {
    "mean": -1.111729286407126e-08,
    "std": 0.000969690561760217,
    "abs_max": 0.003957189619541168,
    "MAE": 0.0008240442257374525,
    "RMSE": 0.000969690503552556,
    "rel_L2": 0.012766100778707223,
    "zero_ratio": 0.00021998087565104166
  },
  "ks_distance": 0.00945000000000007
}