{
  "idx": 52,
  "layer_name": "model.input_blocks.14.0.in_layers.2",
  "w_lora": {
    "numel": 2359296,
    "mean": -0.0016934762243181467,
    "std": 0.07879745960235596,
    "abs_max": 0.7843931317329407,
    "min": -0.7843931317329407,
    "max": 0.7690696716308594,
    "q001": -0.2647966232895851,
    "q01": -0.19159778505563735,
    "q99": 0.17855758443474745,
    "q999": 0.23916464783251293
  },
  "w_lora_q": {
    "numel": 2359296,
    "mean": -0.0016934155719354749,
    "std": 0.0788017213344574,
    "abs_max": 0.7843931317329407,
    "min": -0.7843931317329407,
    "max": 0.7690696716308594,
    "q001": -0.26480256736278535,
    "q01": -0.1916007250547409,
    "q99": 0.17858414351940155,
    "q999": 0.2390765579044825
  },
  "residual": {
    "mean": 6.151060460979352e-08,
    "std": 0.000773539359215647,
    "abs_max": 0.0030870544724166393,
    "MAE": 0.0006554769352078438,
    "RMSE": 0.0007735391845926642,
    "rel_L2": 0.009814541557855215,
    "zero_ratio": 0.00021616617838541666
  },
  "ks_distance": 0.006869999999999932
}