{
  "idx": 53,
  "layer_name": "model.input_blocks.14.0.emb_layers.1",
  "w_lora": {
    "numel": 524288,
    "mean": -0.0004397139709908515,
    "std": 0.04623287916183472,
    "abs_max": 0.4015321135520935,
    "min": -0.4015321135520935,
    "max": 0.3030187487602234,
    "q001": -0.18503062254190444,
    "q01": -0.12023123644292355,
    "q99": 0.12209833763539792,
    "q999": 0.17824730958044493
  },
  "w_lora_q": {
    "numel": 524288,
    "mean": -0.0004396626027300954,
    "std": 0.04623396322131157,
    "abs_max": 0.4015321135520935,
    "min": -0.4015321135520935,
    "max": 0.30223408341407776,
    "q001": -0.18501550543308257,
    "q01": -0.12027156472206116,
    "q99": 0.12215483754873277,
    "q999": 0.17829876039922232
  },
  "residual": {
    "mean": 5.1427797131964326e-08,
    "std": 0.0003306843573227525,
    "abs_max": 0.0015769973397254944,
    "MAE": 0.00027161993784829974,
    "RMSE": 0.0003306843573227525,
    "rel_L2": 0.007152258038795242,
    "zero_ratio": 4.00543212890625e-05
  },
  "ks_distance": 0.005209999999999937
}