{
  "idx": 54,
  "layer_name": "model.input_blocks.14.0.cond_emb_layers.1",
  "w_lora": {
    "numel": 262144,
    "mean": -0.009829546324908733,
    "std": 0.10628635436296463,
    "abs_max": 0.6019658446311951,
    "min": -0.6019658446311951,
    "max": 0.5692098736763,
    "q001": -0.3628704910874367,
    "q01": -0.2640095934271812,
    "q99": 0.24680515229701996,
    "q999": 0.34483027070760663
  },
  "w_lora_q": {
    "numel": 262144,
    "mean": -0.009828092530369759,
    "std": 0.10628508776426315,
    "abs_max": 0.6019658446311951,
    "min": -0.6019658446311951,
    "max": 0.5692098736763,
    "q001": -0.3623204285502434,
    "q01": -0.2641333943605423,
    "q99": 0.24686098173260718,
    "q999": 0.34507394811510983
  },
  "residual": {
    "mean": 1.453534764550568e-06,
    "std": 0.000855203834362328,
    "abs_max": 0.0023697614669799805,
    "MAE": 0.000730375584680587,
    "RMSE": 0.0008552051731385291,
    "rel_L2": 0.008012045441981228,
    "zero_ratio": 0.001934051513671875
  },
  "ks_distance": 0.005330000000000057
}