{
  "idx": 55,
  "layer_name": "model.input_blocks.14.0.out_layers.3",
  "w_lora": {
    "numel": 2359296,
    "mean": -0.0015605087392032146,
    "std": 0.0791345164179802,
    "abs_max": 1.051384687423706,
    "min": -1.051384687423706,
    "max": 0.7800023555755615,
    "q001": -0.32041315659880637,
    "q01": -0.20015156269073486,
    "q99": 0.18850513398647178,
    "q999": 0.28840897977352165
  },
  "w_lora_q": {
    "numel": 2359296,
    "mean": -0.0015611856942996383,
    "std": 0.07914114743471146,
    "abs_max": 1.051384687423706,
    "min": -1.051384687423706,
    "max": 0.7800023555755615,
    "q001": -0.32070392191410063,
    "q01": -0.2001204639673233,
    "q99": 0.18850745260715485,
    "q999": 0.2884937727451331
  },
  "residual": {
    "mean": -6.768401590306894e-07,
    "std": 0.0011063598794862628,
    "abs_max": 0.004139132797718048,
    "MAE": 0.000931945105548948,
    "RMSE": 0.0011063602287322283,
    "rel_L2": 0.013978042832905919,
    "zero_ratio": 0.00021786159939236112
  },
  "ks_distance": 0.009730000000000016
}