{
  "idx": 56,
  "layer_name": "model.middle_block.0.in_layers.2",
  "w_lora": {
    "numel": 2359296,
    "mean": -0.0018600954208523035,
    "std": 0.08044547587633133,
    "abs_max": 0.9658240079879761,
    "min": -0.9658240079879761,
    "max": 0.8191080093383789,
    "q001": -0.26623217567801477,
    "q01": -0.1954956278204918,
    "q99": 0.18099516108632008,
    "q999": 0.2406657622754586
  },
  "w_lora_q": {
    "numel": 2359296,
    "mean": -0.0018601162591949105,
    "std": 0.08044879883527756,
    "abs_max": 0.9658240079879761,
    "min": -0.9658240079879761,
    "max": 0.8191080093383789,
    "q001": -0.2661697268486023,
    "q01": -0.19551441818475723,
    "q99": 0.18102365732192993,
    "q999": 0.24076388686895467
  },
  "residual": {
    "mean": -2.1643055347908557e-08,
    "std": 0.0007638730457983911,
    "abs_max": 0.0038008028641343117,
    "MAE": 0.0006512601976282895,
    "RMSE": 0.0007638730457983911,
    "rel_L2": 0.009492995431701633,
    "zero_ratio": 0.00021828545464409722
  },
  "ks_distance": 0.006709999999999994
}