{
  "idx": 57,
  "layer_name": "model.middle_block.0.emb_layers.1",
  "w_lora": {
    "numel": 524288,
    "mean": -0.0006586677627637982,
    "std": 0.04686255753040314,
    "abs_max": 0.3436909317970276,
    "min": -0.3436909317970276,
    "max": 0.2860959768295288,
    "q001": -0.17010980312526225,
    "q01": -0.11855133086442947,
    "q99": 0.11815583221614367,
    "q999": 0.16435828828811622
  },
  "w_lora_q": {
    "numel": 524288,
    "mean": -0.0006589640397578478,
    "std": 0.046863146126270294,
    "abs_max": 0.3436909317970276,
    "min": -0.3436909317970276,
    "max": 0.2860959768295288,
    "q001": -0.17013200092315672,
    "q01": -0.11859929382801056,
    "q99": 0.11815289936959748,
    "q999": 0.16420424404740297
  },
  "residual": {
    "mean": -2.9629069331349456e-07,
    "std": 0.00032572014606557786,
    "abs_max": 0.00135035440325737,
    "MAE": 0.0002741559292189777,
    "RMSE": 0.0003257203206885606,
    "rel_L2": 0.0069498592678307585,
    "zero_ratio": 3.0517578125e-05
  },
  "ks_distance": 0.005210000000000048
}