{
  "idx": 58,
  "layer_name": "model.middle_block.0.cond_emb_layers.1",
  "w_lora": {
    "numel": 262144,
    "mean": -0.003094916930422187,
    "std": 0.10028939694166183,
    "abs_max": 0.6809754371643066,
    "min": -0.6809754371643066,
    "max": 0.5984969139099121,
    "q001": -0.347451950520277,
    "q01": -0.2487589591741562,
    "q99": 0.23769927471876165,
    "q999": 0.32923476636409565
  },
  "w_lora_q": {
    "numel": 262144,
    "mean": -0.0030962435994297266,
    "std": 0.10029146075248718,
    "abs_max": 0.6809754371643066,
    "min": -0.6809754371643066,
    "max": 0.5984969139099121,
    "q001": -0.34781078168749807,
    "q01": -0.24866893887519836,
    "q99": 0.23767738163471233,
    "q999": 0.3292319874763467
  },
  "residual": {
    "mean": -1.3255287285574013e-06,
    "std": 0.0008055470534600317,
    "abs_max": 0.002668781206011772,
    "MAE": 0.0006860592402517796,
    "RMSE": 0.0008055481594055891,
    "rel_L2": 0.008028415172263029,
    "zero_ratio": 0.001922607421875
  },
  "ks_distance": 0.00598999999999994
}