{
  "idx": 59,
  "layer_name": "model.middle_block.0.out_layers.3",
  "w_lora": {
    "numel": 2359296,
    "mean": -0.0010939716594293714,
    "std": 0.07634193450212479,
    "abs_max": 0.94484543800354,
    "min": -0.9330735206604004,
    "max": 0.94484543800354,
    "q001": -0.28698059141635895,
    "q01": -0.18499290347099304,
    "q99": 0.17753556147217736,
    "q999": 0.2596269886195674
  },
  "w_lora_q": {
    "numel": 2359296,
    "mean": -0.001093373168259859,
    "std": 0.07634861767292023,
    "abs_max": 0.94484543800354,
    "min": -0.9330735206604004,
    "max": 0.94484543800354,
    "q001": -0.28677260532975196,
    "q01": -0.18513353168964386,
    "q99": 0.17751173675060272,
    "q999": 0.25942280888557434
  },
  "residual": {
    "mean": 5.980312494102691e-07,
    "std": 0.001010129926726222,
    "abs_max": 0.0037187784910202026,
    "MAE": 0.0008470694883726537,
    "RMSE": 0.001010129926726222,
    "rel_L2": 0.013230300252185708,
    "zero_ratio": 0.00021870930989583334
  },
  "ks_distance": 0.00936999999999999
}