{
  "idx": 60,
  "layer_name": "model.middle_block.2.in_layers.2",
  "w_lora": {
    "numel": 2359296,
    "mean": -0.0020031591411679983,
    "std": 0.08158138394355774,
    "abs_max": 0.7305209040641785,
    "min": -0.7305209040641785,
    "max": 0.6274434328079224,
    "q001": -0.2680905768275261,
    "q01": -0.1976173125207424,
    "q99": 0.18400271534919738,
    "q999": 0.24431340090930517
  },
  "w_lora_q": {
    "numel": 2359296,
    "mean": -0.0020035230554640293,
    "std": 0.08158479630947113,
    "abs_max": 0.7305209040641785,
    "min": -0.7305209040641785,
    "max": 0.6274434328079224,
    "q001": -0.26828211799263957,
    "q01": -0.19763541221618652,
    "q99": 0.1839827001094818,
    "q999": 0.24414759874343872
  },
  "residual": {
    "mean": -3.637830161551392e-07,
    "std": 0.000761425937525928,
    "abs_max": 0.0028745681047439575,
    "MAE": 0.0006518890149891376,
    "RMSE": 0.0007614259957335889,
    "rel_L2": 0.009330519987607604,
    "zero_ratio": 0.00021616617838541666
  },
  "ks_distance": 0.00607000000000002
}