{
  "idx": 61,
  "layer_name": "model.middle_block.2.emb_layers.1",
  "w_lora": {
    "numel": 524288,
    "mean": -0.0009210336720570922,
    "std": 0.04682149738073349,
    "abs_max": 0.34760695695877075,
    "min": -0.34760695695877075,
    "max": 0.2906367778778076,
    "q001": -0.16395138230919837,
    "q01": -0.11797603860497474,
    "q99": 0.1174858781695366,
    "q999": 0.16186704653501485
  },
  "w_lora_q": {
    "numel": 524288,
    "mean": -0.0009211921715177596,
    "std": 0.046822719275951385,
    "abs_max": 0.34760695695877075,
    "min": -0.34760695695877075,
    "max": 0.29192808270454407,
    "q001": -0.16388025879859924,
    "q01": -0.11799805521965027,
    "q99": 0.1174712111800909,
    "q999": 0.16212854903936383
  },
  "residual": {
    "mean": -1.5846720202716824e-07,
    "std": 0.0003251131565775722,
    "abs_max": 0.0013666003942489624,
    "MAE": 0.00027500756550580263,
    "RMSE": 0.00032511321478523314,
    "rel_L2": 0.006942331439452745,
    "zero_ratio": 1.71661376953125e-05
  },
  "ks_distance": 0.005079999999999973
}