{
  "idx": 62,
  "layer_name": "model.middle_block.2.cond_emb_layers.1",
  "w_lora": {
    "numel": 262144,
    "mean": -0.0009207973489537835,
    "std": 0.09584859013557434,
    "abs_max": 0.6777521371841431,
    "min": -0.6777521371841431,
    "max": 0.498950719833374,
    "q001": -0.33813147693872453,
    "q01": -0.23619232729077339,
    "q99": 0.2287365996837616,
    "q999": 0.3175017598867395
  },
  "w_lora_q": {
    "numel": 262144,
    "mean": -0.0009194613667204976,
    "std": 0.09585262835025787,
    "abs_max": 0.6777521371841431,
    "min": -0.6777521371841431,
    "max": 0.498950719833374,
    "q001": -0.33842588210105895,
    "q01": -0.23610267981886865,
    "q99": 0.22879386126995097,
    "q999": 0.31804570993780895
  },
  "residual": {
    "mean": 1.3359884860619786e-06,
    "std": 0.0007607679581269622,
    "abs_max": 0.002665415406227112,
    "MAE": 0.0006473008543252945,
    "RMSE": 0.0007607691222801805,
    "rel_L2": 0.007936830940788748,
    "zero_ratio": 0.001888275146484375
  },
  "ks_distance": 0.005649999999999933
}