{
  "idx": 63,
  "layer_name": "model.middle_block.2.out_layers.3",
  "w_lora": {
    "numel": 2359296,
    "mean": -0.0011130705242976546,
    "std": 0.07665053755044937,
    "abs_max": 0.9621927738189697,
    "min": -0.9621927738189697,
    "max": 0.6091492176055908,
    "q001": -0.25562755316495894,
    "q01": -0.18288490176200867,
    "q99": 0.1784813120961188,
    "q999": 0.2452576867491019
  },
  "w_lora_q": {
    "numel": 2359296,
    "mean": -0.001112385536544025,
    "std": 0.07665365934371948,
    "abs_max": 0.9621927738189697,
    "min": -0.9621927738189697,
    "max": 0.6091492176055908,
    "q001": -0.2556654365360737,
    "q01": -0.18296165764331818,
    "q99": 0.17843909561634053,
    "q999": 0.24528987035155375
  },
  "residual": {
    "mean": 6.839806587777275e-07,
    "std": 0.0008109876071102917,
    "abs_max": 0.0037881582975387573,
    "MAE": 0.0006883784662932158,
    "RMSE": 0.0008109879563562572,
    "rel_L2": 0.010579215994772892,
    "zero_ratio": 0.00021870930989583334
  },
  "ks_distance": 0.007509999999999961
}