{
  "idx": 64,
  "layer_name": "model.output_blocks.0.0.in_layers.2",
  "w_lora": {
    "numel": 4718592,
    "mean": -0.0011163422605022788,
    "std": 0.07823792845010757,
    "abs_max": 0.8408308625221252,
    "min": -0.8408308625221252,
    "max": 0.6137296557426453,
    "q001": -0.2545209968984127,
    "q01": -0.18737413585186005,
    "q99": 0.1784816004335878,
    "q999": 0.23806022718548764
  },
  "w_lora_q": {
    "numel": 4718592,
    "mean": -0.0011163516901433468,
    "std": 0.07824154943227768,
    "abs_max": 0.8408308625221252,
    "min": -0.8408308625221252,
    "max": 0.6137296557426453,
    "q001": -0.25442224740982056,
    "q01": -0.18740025162696838,
    "q99": 0.1785508096218109,
    "q999": 0.23801659460365718
  },
  "residual": {
    "mean": -9.184142335527667e-09,
    "std": 0.0007769411895424128,
    "abs_max": 0.00331009179353714,
    "MAE": 0.0006630372372455895,
    "RMSE": 0.0007769411895424128,
    "rel_L2": 0.009929495751542129,
    "zero_ratio": 0.00011041429307725694
  },
  "ks_distance": 0.006620000000000015
}