{
  "idx": 65,
  "layer_name": "model.output_blocks.0.0.emb_layers.1",
  "w_lora": {
    "numel": 524288,
    "mean": -0.0010991523740813136,
    "std": 0.050349075347185135,
    "abs_max": 0.3548376262187958,
    "min": -0.3405754566192627,
    "max": 0.3548376262187958,
    "q001": -0.20937296643853187,
    "q01": -0.12950892850756646,
    "q99": 0.12889519333839417,
    "q999": 0.21455786694586276
  },
  "w_lora_q": {
    "numel": 524288,
    "mean": -0.0010992848547175527,
    "std": 0.05035078153014183,
    "abs_max": 0.3548376262187958,
    "min": -0.3405754566192627,
    "max": 0.3548376262187958,
    "q001": -0.2093670281022787,
    "q01": -0.12962174624204637,
    "q99": 0.1289002442359925,
    "q999": 0.21469198854267577
  },
  "residual": {
    "mean": -1.3229251294433197e-07,
    "std": 0.0003512086404953152,
    "abs_max": 0.0013929083943367004,
    "MAE": 0.00029281407478265464,
    "RMSE": 0.00035120866959914565,
    "rel_L2": 0.006973813359509271,
    "zero_ratio": 7.62939453125e-05
  },
  "ks_distance": 0.005160000000000053
}