{
  "idx": 66,
  "layer_name": "model.output_blocks.0.0.cond_emb_layers.1",
  "w_lora": {
    "numel": 262144,
    "mean": -0.0023417144548147917,
    "std": 0.10203073173761368,
    "abs_max": 0.5887436270713806,
    "min": -0.5887436270713806,
    "max": 0.5668906569480896,
    "q001": -0.3579474714398384,
    "q01": -0.25434450328350067,
    "q99": 0.24294263571500782,
    "q999": 0.342758202433584
  },
  "w_lora_q": {
    "numel": 262144,
    "mean": -0.002342402236536145,
    "std": 0.10203421860933304,
    "abs_max": 0.5887436270713806,
    "min": -0.5887436270713806,
    "max": 0.5668906569480896,
    "q001": -0.35753837978839875,
    "q01": -0.2544968691468239,
    "q99": 0.24304184317588806,
    "q999": 0.34258788210153535
  },
  "residual": {
    "mean": -6.877870077914849e-07,
    "std": 0.0008029741002246737,
    "abs_max": 0.0023169368505477905,
    "MAE": 0.000684054393786937,
    "RMSE": 0.0008029743912629783,
    "rel_L2": 0.00786785505091022,
    "zero_ratio": 0.00193023681640625
  },
  "ks_distance": 0.006279999999999952
}