{
  "idx": 67,
  "layer_name": "model.output_blocks.0.0.out_layers.3",
  "w_lora": {
    "numel": 2359296,
    "mean": -0.0013837652513757348,
    "std": 0.08473964780569077,
    "abs_max": 0.8618592619895935,
    "min": -0.8618592619895935,
    "max": 0.6857069134712219,
    "q001": -0.284781297147274,
    "q01": -0.20291652008891106,
    "q99": 0.19777734056115115,
    "q999": 0.2749057281017304
  },
  "w_lora_q": {
    "numel": 2359296,
    "mean": -0.0013833678094670177,
    "std": 0.08474607765674591,
    "abs_max": 0.8618592619895935,
    "min": -0.8618592619895935,
    "max": 0.6857069134712219,
    "q001": -0.2847084701061249,
    "q01": -0.2029803842306137,
    "q99": 0.19786423444747925,
    "q999": 0.2747572819888621
  },
  "residual": {
    "mean": 3.9825397379900096e-07,
    "std": 0.0009425953612662852,
    "abs_max": 0.003392629325389862,
    "MAE": 0.0007998107466846704,
    "RMSE": 0.0009425956523045897,
    "rel_L2": 0.011121952711687113,
    "zero_ratio": 0.00022040473090277778
  },
  "ks_distance": 0.00828000000000001
}