{
  "idx": 68,
  "layer_name": "model.output_blocks.1.0.in_layers.2",
  "w_lora": {
    "numel": 4718592,
    "mean": -0.0014533869689330459,
    "std": 0.0792100802063942,
    "abs_max": 0.8543577194213867,
    "min": -0.8543577194213867,
    "max": 0.646056056022644,
    "q001": -0.25736937853693964,
    "q01": -0.1897918999195099,
    "q99": 0.18160787761211394,
    "q999": 0.24406952446699137
  },
  "w_lora_q": {
    "numel": 4718592,
    "mean": -0.0014533594949170947,
    "std": 0.07921409606933594,
    "abs_max": 0.8543577194213867,
    "min": -0.8543577194213867,
    "max": 0.646056056022644,
    "q001": -0.25741225481033325,
    "q01": -0.1898079663515091,
    "q99": 0.1815733617544173,
    "q999": 0.24410874171555028
  },
  "residual": {
    "mean": 2.8198151369451807e-08,
    "std": 0.0008188399369828403,
    "abs_max": 0.003363102674484253,
    "MAE": 0.0006940082530491054,
    "RMSE": 0.0008188399369828403,
    "rel_L2": 0.01033583390981723,
    "zero_ratio": 0.00011168585883246528
  },
  "ks_distance": 0.007349999999999968
}