{
  "idx": 69,
  "layer_name": "model.output_blocks.1.0.emb_layers.1",
  "w_lora": {
    "numel": 524288,
    "mean": -0.00097676704172045,
    "std": 0.05511278659105301,
    "abs_max": 0.36090511083602905,
    "min": -0.33253753185272217,
    "max": 0.36090511083602905,
    "q001": -0.23399228645861148,
    "q01": -0.15163856253027916,
    "q99": 0.15764118507504468,
    "q999": 0.24894111040234385
  },
  "w_lora_q": {
    "numel": 524288,
    "mean": -0.0009770049946382642,
    "std": 0.055114127695560455,
    "abs_max": 0.36090511083602905,
    "min": -0.33157604932785034,
    "max": 0.36090511083602905,
    "q001": -0.23399904672801494,
    "q01": -0.15160267785191536,
    "q99": 0.15769313111901284,
    "q999": 0.24892998725175844
  },
  "residual": {
    "mean": -2.3800339477020316e-07,
    "std": 0.0003811880887951702,
    "abs_max": 0.0014192461967468262,
    "MAE": 0.0003069454978685826,
    "RMSE": 0.00038118817610666156,
    "rel_L2": 0.006915423632418207,
    "zero_ratio": 0.0002117156982421875
  },
  "ks_distance": 0.004850000000000021
}