{
  "idx": 70,
  "layer_name": "model.output_blocks.1.0.cond_emb_layers.1",
  "w_lora": {
    "numel": 262144,
    "mean": -0.008788269013166428,
    "std": 0.11307919025421143,
    "abs_max": 0.6122986078262329,
    "min": -0.5732492804527283,
    "max": 0.6122986078262329,
    "q001": -0.39086376416683194,
    "q01": -0.2828229182958603,
    "q99": 0.26593205749988585,
    "q999": 0.37023257109522734
  },
  "w_lora_q": {
    "numel": 262144,
    "mean": -0.008787575177848339,
    "std": 0.11308808624744415,
    "abs_max": 0.6122986078262329,
    "min": -0.5732492804527283,
    "max": 0.6122986078262329,
    "q001": -0.3907081186771393,
    "q01": -0.2829758021235466,
    "q99": 0.26592407077550906,
    "q999": 0.37017216759920113
  },
  "residual": {
    "mean": 6.965098009459325e-07,
    "std": 0.0009000973077490926,
    "abs_max": 0.002410273998975754,
    "MAE": 0.0007698959088884294,
    "RMSE": 0.0009000975987873971,
    "rel_L2": 0.007935955770051895,
    "zero_ratio": 0.0019378662109375
  },
  "ks_distance": 0.005700000000000038
}