{
  "idx": 71,
  "layer_name": "model.output_blocks.1.0.out_layers.3",
  "w_lora": {
    "numel": 2359296,
    "mean": -0.0013235558290034533,
    "std": 0.09190496057271957,
    "abs_max": 1.080371618270874,
    "min": -1.0015485286712646,
    "max": 1.080371618270874,
    "q001": -0.3386304570734501,
    "q01": -0.22326021566987037,
    "q99": 0.2168889485299586,
    "q999": 0.3236463564634333
  },
  "w_lora_q": {
    "numel": 2359296,
    "mean": -0.0013238177634775639,
    "std": 0.0919126346707344,
    "abs_max": 1.080371618270874,
    "min": -1.0015485286712646,
    "max": 1.080371618270874,
    "q001": -0.33872592598199847,
    "q01": -0.2232820987701416,
    "q99": 0.2169128954410553,
    "q999": 0.3234591518342504
  },
  "residual": {
    "mean": -2.6131667141271464e-07,
    "std": 0.0011528421891853213,
    "abs_max": 0.0042533245868980885,
    "MAE": 0.0009721069363877177,
    "RMSE": 0.001152842422015965,
    "rel_L2": 0.012542561770202708,
    "zero_ratio": 0.00021701388888888888
  },
  "ks_distance": 0.00945000000000007
}