{
  "idx": 72,
  "layer_name": "model.output_blocks.2.0.in_layers.2",
  "w_lora": {
    "numel": 4128768,
    "mean": -0.001465805689804256,
    "std": 0.08118895441293716,
    "abs_max": 1.135127067565918,
    "min": -1.135127067565918,
    "max": 0.7182517051696777,
    "q001": -0.27051820015907285,
    "q01": -0.1958027569949627,
    "q99": 0.18618344217538835,
    "q999": 0.2508172464668751
  },
  "w_lora_q": {
    "numel": 4128768,
    "mean": -0.0014656276907771826,
    "std": 0.08119487017393112,
    "abs_max": 1.135127067565918,
    "min": -1.135127067565918,
    "max": 0.7182517051696777,
    "q001": -0.2704731312394142,
    "q01": -0.19573277235031128,
    "q99": 0.18626166880130768,
    "q999": 0.2507614195346832
  },
  "residual": {
    "mean": 1.7762917536856548e-07,
    "std": 0.0009369176696054637,
    "abs_max": 0.004468828439712524,
    "MAE": 0.0007760413573123515,
    "RMSE": 0.0009369177860207856,
    "rel_L2": 0.011538109906235319,
    "zero_ratio": 0.0001261877635168651
  },
  "ks_distance": 0.007939999999999947
}