{
  "idx": 73,
  "layer_name": "model.output_blocks.2.0.emb_layers.1",
  "w_lora": {
    "numel": 524288,
    "mean": -0.001451941323466599,
    "std": 0.05336512625217438,
    "abs_max": 0.40204930305480957,
    "min": -0.40204930305480957,
    "max": 0.33071836829185486,
    "q001": -0.1969586253017187,
    "q01": -0.13769610360264778,
    "q99": 0.13597991019487382,
    "q999": 0.2020796760469653
  },
  "w_lora_q": {
    "numel": 524288,
    "mean": -0.0014516058145090938,
    "std": 0.05336620658636093,
    "abs_max": 0.40204930305480957,
    "min": -0.40204930305480957,
    "max": 0.33071836829185486,
    "q001": -0.1968457927107811,
    "q01": -0.1377081733942032,
    "q99": 0.1359500153362751,
    "q999": 0.20192067325115204
  },
  "residual": {
    "mean": 3.356402658027946e-07,
    "std": 0.0003471443196758628,
    "abs_max": 0.001580946147441864,
    "MAE": 0.0002884907880797982,
    "RMSE": 0.0003471444360911846,
    "rel_L2": 0.006502674158916172,
    "zero_ratio": 4.76837158203125e-05
  },
  "ks_distance": 0.004510000000000014
}