{
  "idx": 74,
  "layer_name": "model.output_blocks.2.0.cond_emb_layers.1",
  "w_lora": {
    "numel": 262144,
    "mean": -0.00735580874606967,
    "std": 0.1110321432352066,
    "abs_max": 0.655369758605957,
    "min": -0.655369758605957,
    "max": 0.5744858980178833,
    "q001": -0.37597150403261187,
    "q01": -0.27602757573127745,
    "q99": 0.2639675262570382,
    "q999": 0.3733556926548417
  },
  "w_lora_q": {
    "numel": 262144,
    "mean": -0.007354998029768467,
    "std": 0.11103295534849167,
    "abs_max": 0.655369758605957,
    "min": -0.655369758605957,
    "max": 0.5744858980178833,
    "q001": -0.375746914088726,
    "q01": -0.27602465242147445,
    "q99": 0.26396599918603897,
    "q999": 0.373062767744063
  },
  "residual": {
    "mean": 8.099995056909393e-07,
    "std": 0.0008959810365922749,
    "abs_max": 0.002576397266238928,
    "MAE": 0.0007666589226573706,
    "RMSE": 0.0008959813858382404,
    "rel_L2": 0.00805191792793081,
    "zero_ratio": 0.001953125
  },
  "ks_distance": 0.005950000000000011
}