{
  "idx": 75,
  "layer_name": "model.output_blocks.2.0.out_layers.3",
  "w_lora": {
    "numel": 2359296,
    "mean": -0.0018503088504076004,
    "std": 0.09074357897043228,
    "abs_max": 1.152252197265625,
    "min": -1.152252197265625,
    "max": 0.7983933091163635,
    "q001": -0.33363120168447497,
    "q01": -0.22300809100270272,
    "q99": 0.21501016095280628,
    "q999": 0.31714290216565294
  },
  "w_lora_q": {
    "numel": 2359296,
    "mean": -0.001851649140007794,
    "std": 0.09075190126895905,
    "abs_max": 1.152252197265625,
    "min": -1.152252197265625,
    "max": 0.7983933091163635,
    "q001": -0.33365379586815835,
    "q01": -0.22308561205863953,
    "q99": 0.21506910026073456,
    "q999": 0.3170090317726135
  },
  "residual": {
    "mean": -1.3407757251115981e-06,
    "std": 0.0011142711155116558,
    "abs_max": 0.004534224048256874,
    "MAE": 0.0009427855839021504,
    "RMSE": 0.0011142719304189086,
    "rel_L2": 0.012276798296369962,
    "zero_ratio": 0.000217437744140625
  },
  "ks_distance": 0.008839999999999959
}