{
  "idx": 76,
  "layer_name": "model.output_blocks.2.1.in_layers.2",
  "w_lora": {
    "numel": 2359296,
    "mean": -0.002275018487125635,
    "std": 0.08117347210645676,
    "abs_max": 0.8885055780410767,
    "min": -0.8885055780410767,
    "max": 0.766602635383606,
    "q001": -0.28538112685084344,
    "q01": -0.20102668628096582,
    "q99": 0.18698111698031378,
    "q999": 0.26077507734298777
  },
  "w_lora_q": {
    "numel": 2359296,
    "mean": -0.0022747169714421034,
    "std": 0.08117729425430298,
    "abs_max": 0.8885055780410767,
    "min": -0.8885055780410767,
    "max": 0.766602635383606,
    "q001": -0.2853457444906235,
    "q01": -0.2010418027639389,
    "q99": 0.18707899004220954,
    "q999": 0.2608164305984975
  },
  "residual": {
    "mean": 3.0027734965187847e-07,
    "std": 0.0008809752180241048,
    "abs_max": 0.0034979023039340973,
    "MAE": 0.0007435146253556013,
    "RMSE": 0.0008809750434011221,
    "rel_L2": 0.010848733394165628,
    "zero_ratio": 0.00022167629665798612
  },
  "ks_distance": 0.008559999999999901
}