{
  "idx": 77,
  "layer_name": "model.output_blocks.2.1.emb_layers.1",
  "w_lora": {
    "numel": 524288,
    "mean": -0.0008685258217155933,
    "std": 0.05038529634475708,
    "abs_max": 0.38527193665504456,
    "min": -0.38527193665504456,
    "max": 0.3529606759548187,
    "q001": -0.21205493654310703,
    "q01": -0.12810475632548332,
    "q99": 0.13121690034866335,
    "q999": 0.21669660504162233
  },
  "w_lora_q": {
    "numel": 524288,
    "mean": -0.0008681336184963584,
    "std": 0.0503864623606205,
    "abs_max": 0.38527193665504456,
    "min": -0.38527193665504456,
    "max": 0.3529606759548187,
    "q001": -0.21208138619363306,
    "q01": -0.12809465646743776,
    "q99": 0.13117393746972097,
    "q999": 0.21681323646008915
  },
  "residual": {
    "mean": 3.9210613067552913e-07,
    "std": 0.0003472001408226788,
    "abs_max": 0.001516716554760933,
    "MAE": 0.00028476634179241955,
    "RMSE": 0.00034720031544566154,
    "rel_L2": 0.006889882564130014,
    "zero_ratio": 9.5367431640625e-05
  },
  "ks_distance": 0.00541999999999998
}