{
  "idx": 78,
  "layer_name": "model.output_blocks.2.1.cond_emb_layers.1",
  "w_lora": {
    "numel": 262144,
    "mean": -0.008760423399508,
    "std": 0.11381033807992935,
    "abs_max": 0.733008086681366,
    "min": -0.6441081762313843,
    "max": 0.733008086681366,
    "q001": -0.389370122641325,
    "q01": -0.2822097277641296,
    "q99": 0.2701124185323716,
    "q999": 0.3766032840013504
  },
  "w_lora_q": {
    "numel": 262144,
    "mean": -0.00876111164689064,
    "std": 0.11381368339061737,
    "abs_max": 0.733008086681366,
    "min": -0.6441081762313843,
    "max": 0.733008086681366,
    "q001": -0.3894725979864597,
    "q01": -0.2824478641152382,
    "q99": 0.2701096934080132,
    "q999": 0.3768865526914585
  },
  "residual": {
    "mean": -6.881657554913545e-07,
    "std": 0.000916073564440012,
    "abs_max": 0.002883031964302063,
    "MAE": 0.000784465461038053,
    "RMSE": 0.0009160738554783165,
    "rel_L2": 0.008025386537990703,
    "zero_ratio": 0.00196075439453125
  },
  "ks_distance": 0.006399999999999961
}