{
  "idx": 79,
  "layer_name": "model.output_blocks.2.1.out_layers.3",
  "w_lora": {
    "numel": 2359296,
    "mean": -0.0018474799580872059,
    "std": 0.09808339178562164,
    "abs_max": 1.0368459224700928,
    "min": -1.0368459224700928,
    "max": 0.9593654870986938,
    "q001": -0.4136421093344688,
    "q01": -0.25225950926542284,
    "q99": 0.24292310550808882,
    "q999": 0.398295343518259
  },
  "w_lora_q": {
    "numel": 2359296,
    "mean": -0.0018460556166246533,
    "std": 0.09809109568595886,
    "abs_max": 1.0368459224700928,
    "min": -1.0368459224700928,
    "max": 0.9633686542510986,
    "q001": -0.4138793349266052,
    "q01": -0.252260684967041,
    "q99": 0.24306021630764008,
    "q999": 0.39850698992609995
  },
  "residual": {
    "mean": 1.424675701855449e-06,
    "std": 0.0012675178004428744,
    "abs_max": 0.0040816329419612885,
    "MAE": 0.0010762738529592752,
    "RMSE": 0.0012675189645960927,
    "rel_L2": 0.012920584379201527,
    "zero_ratio": 0.00021913316514756944
  },
  "ks_distance": 0.009739999999999971
}