{
  "idx": 80,
  "layer_name": "model.output_blocks.3.0.in_layers.2",
  "w_lora": {
    "numel": 3096576,
    "mean": -0.0016589940059930086,
    "std": 0.07883688807487488,
    "abs_max": 0.9859814047813416,
    "min": -0.9809157848358154,
    "max": 0.9859814047813416,
    "q001": -0.2867388859391212,
    "q01": -0.19609360024333,
    "q99": 0.18439007177948952,
    "q999": 0.2591760650277128
  },
  "w_lora_q": {
    "numel": 3096576,
    "mean": -0.0016585931880399585,
    "std": 0.07884201407432556,
    "abs_max": 0.9859814047813416,
    "min": -0.9809157848358154,
    "max": 0.9859814047813416,
    "q001": -0.28680462911725046,
    "q01": -0.19597746431827545,
    "q99": 0.18448275327682495,
    "q999": 0.259106308221817
  },
  "residual": {
    "mean": 4.0069772921924596e-07,
    "std": 0.0009756871731951833,
    "abs_max": 0.0038815587759017944,
    "MAE": 0.000817669671960175,
    "RMSE": 0.0009756871731951833,
    "rel_L2": 0.01237328656555672,
    "zero_ratio": 0.00012562262318121693
  },
  "ks_distance": 0.009399999999999964
}