{
  "idx": 81,
  "layer_name": "model.output_blocks.3.0.emb_layers.1",
  "w_lora": {
    "numel": 393216,
    "mean": -0.00109680590685457,
    "std": 0.05021120235323906,
    "abs_max": 0.46646901965141296,
    "min": -0.3666263520717621,
    "max": 0.46646901965141296,
    "q001": -0.2252259922772646,
    "q01": -0.12840198799967767,
    "q99": 0.12783230468630763,
    "q999": 0.21650993265210208
  },
  "w_lora_q": {
    "numel": 393216,
    "mean": -0.0010966842528432608,
    "std": 0.05021296441555023,
    "abs_max": 0.46646901965141296,
    "min": -0.36591529846191406,
    "max": 0.46646901965141296,
    "q001": -0.22511146500706672,
    "q01": -0.12840562164783478,
    "q99": 0.1278063803911209,
    "q999": 0.21676575824617816
  },
  "residual": {
    "mean": 1.2153090267474909e-07,
    "std": 0.00034810134093277156,
    "abs_max": 0.0018342584371566772,
    "MAE": 0.0002782674855552614,
    "RMSE": 0.000348101370036602,
    "rel_L2": 0.006931091155765735,
    "zero_ratio": 0.00010172526041666667
  },
  "ks_distance": 0.0049399999999999444
}