{
  "idx": 82,
  "layer_name": "model.output_blocks.3.0.cond_emb_layers.1",
  "w_lora": {
    "numel": 196608,
    "mean": -0.006451392080634832,
    "std": 0.10868891328573227,
    "abs_max": 0.6064490675926208,
    "min": -0.6064490675926208,
    "max": 0.5822479724884033,
    "q001": -0.3804906875789166,
    "q01": -0.27095216900110247,
    "q99": 0.26370875269174493,
    "q999": 0.3801345134377497
  },
  "w_lora_q": {
    "numel": 196608,
    "mean": -0.006450748071074486,
    "std": 0.108688585460186,
    "abs_max": 0.6064490675926208,
    "min": -0.6064490675926208,
    "max": 0.5822479724884033,
    "q001": -0.3801974568963051,
    "q01": -0.27056183487176894,
    "q99": 0.26373952895402886,
    "q999": 0.3798859097659589
  },
  "residual": {
    "mean": 6.442553512897575e-07,
    "std": 0.0008809285936877131,
    "abs_max": 0.0023858100175857544,
    "MAE": 0.0007519279606640339,
    "RMSE": 0.0008809288265183568,
    "rel_L2": 0.008090808770804205,
    "zero_ratio": 0.0019327799479166667
  },
  "ks_distance": 0.006199999999999983
}