{
  "idx": 83,
  "layer_name": "model.output_blocks.3.0.out_layers.3",
  "w_lora": {
    "numel": 1327104,
    "mean": -0.002122625708580017,
    "std": 0.10860253125429153,
    "abs_max": 1.069982886314392,
    "min": -0.973737359046936,
    "max": 1.069982886314392,
    "q001": -0.45067539805173873,
    "q01": -0.279909580051899,
    "q99": 0.26818837940692897,
    "q999": 0.4235227210819768
  },
  "w_lora_q": {
    "numel": 1327104,
    "mean": -0.0021211302373558283,
    "std": 0.10861079394817352,
    "abs_max": 1.069982886314392,
    "min": -0.973737359046936,
    "max": 1.069982886314392,
    "q001": -0.45079754981398584,
    "q01": -0.27990806102752686,
    "q99": 0.2681931257247925,
    "q999": 0.4235883732736219
  },
  "residual": {
    "mean": 1.496283744018001e-06,
    "std": 0.0013069745618849993,
    "abs_max": 0.004211306571960449,
    "MAE": 0.0011079327668994665,
    "RMSE": 0.0013069752603769302,
    "rel_L2": 0.012032183562567737,
    "zero_ratio": 0.00029161241319444444
  },
  "ks_distance": 0.008889999999999953
}