{
  "idx": 84,
  "layer_name": "model.output_blocks.4.0.in_layers.2",
  "w_lora": {
    "numel": 2654208,
    "mean": -0.0018512451788410544,
    "std": 0.08079742640256882,
    "abs_max": 1.5584633350372314,
    "min": -1.5584633350372314,
    "max": 1.1652284860610962,
    "q001": -0.3025423179268837,
    "q01": -0.20117487549781798,
    "q99": 0.18734257176518482,
    "q999": 0.2648079396784311
  },
  "w_lora_q": {
    "numel": 2654208,
    "mean": -0.0018517530988901854,
    "std": 0.08080494403839111,
    "abs_max": 1.5584633350372314,
    "min": -1.5584633350372314,
    "max": 1.1652284860610962,
    "q001": -0.3026450996696949,
    "q01": -0.20107384026050568,
    "q99": 0.1873845010995865,
    "q999": 0.2646353840827942
  },
  "residual": {
    "mean": -5.076584557173192e-07,
    "std": 0.0011176678817719221,
    "abs_max": 0.006133547052741051,
    "MAE": 0.000918448087759316,
    "RMSE": 0.0011176681146025658,
    "rel_L2": 0.013829345908250714,
    "zero_ratio": 0.00014618296682098765
  },
  "ks_distance": 0.009700000000000042
}