{
  "idx": 85,
  "layer_name": "model.output_blocks.4.0.emb_layers.1",
  "w_lora": {
    "numel": 393216,
    "mean": -0.0014897189103066921,
    "std": 0.05096026137471199,
    "abs_max": 0.726597011089325,
    "min": -0.726597011089325,
    "max": 0.5980768799781799,
    "q001": -0.2174563291668892,
    "q01": -0.12647834867239,
    "q99": 0.12324276864528655,
    "q999": 0.20145641967654207
  },
  "w_lora_q": {
    "numel": 393216,
    "mean": -0.0014889658195897937,
    "std": 0.05096030235290527,
    "abs_max": 0.726597011089325,
    "min": -0.726597011089325,
    "max": 0.6007298231124878,
    "q001": -0.2176188263297081,
    "q01": -0.1263917103409767,
    "q99": 0.12329339534044263,
    "q999": 0.2019077657163094
  },
  "residual": {
    "mean": 7.529588401666842e-07,
    "std": 0.00036677485331892967,
    "abs_max": 0.002854723483324051,
    "MAE": 0.00029183109290897846,
    "RMSE": 0.00036677561001852155,
    "rel_L2": 0.007194214374299494,
    "zero_ratio": 0.00011444091796875
  },
  "ks_distance": 0.0050200000000000244
}