{
  "idx": 86,
  "layer_name": "model.output_blocks.4.0.cond_emb_layers.1",
  "w_lora": {
    "numel": 196608,
    "mean": -0.004804774187505245,
    "std": 0.10727807134389877,
    "abs_max": 0.6110154390335083,
    "min": -0.6110154390335083,
    "max": 0.5382370352745056,
    "q001": -0.37911419931054113,
    "q01": -0.2698810723423958,
    "q99": 0.2615065291523931,
    "q999": 0.3698478685021422
  },
  "w_lora_q": {
    "numel": 196608,
    "mean": -0.004806796088814735,
    "std": 0.10728579759597778,
    "abs_max": 0.6110154390335083,
    "min": -0.6110154390335083,
    "max": 0.5382370352745056,
    "q001": -0.3801163787841797,
    "q01": -0.27009622633457187,
    "q99": 0.2614944428205489,
    "q999": 0.36921434718370877
  },
  "residual": {
    "mean": -2.0220520582370227e-06,
    "std": 0.0008678386220708489,
    "abs_max": 0.00240403413772583,
    "MAE": 0.0007384477066807449,
    "RMSE": 0.0008678408921696246,
    "rel_L2": 0.008081539034591217,
    "zero_ratio": 0.0019327799479166667
  },
  "ks_distance": 0.006190000000000029
}