{
  "idx": 87,
  "layer_name": "model.output_blocks.4.0.out_layers.3",
  "w_lora": {
    "numel": 1327104,
    "mean": -0.0018750032177194953,
    "std": 0.10486787557601929,
    "abs_max": 1.176487922668457,
    "min": -1.1639944314956665,
    "max": 1.176487922668457,
    "q001": -0.4634519101381302,
    "q01": -0.2707850381731987,
    "q99": 0.2619273486733436,
    "q999": 0.4386928651630903
  },
  "w_lora_q": {
    "numel": 1327104,
    "mean": -0.0018751525785773993,
    "std": 0.10487545281648636,
    "abs_max": 1.176487922668457,
    "min": -1.1639944314956665,
    "max": 1.176487922668457,
    "q001": -0.4634797275066376,
    "q01": -0.2707816925644874,
    "q99": 0.26216762691736173,
    "q999": 0.43908125162124634
  },
  "residual": {
    "mean": -1.4955497817936703e-07,
    "std": 0.0013010733528062701,
    "abs_max": 0.004630271345376968,
    "MAE": 0.0010894947918131948,
    "RMSE": 0.0013010733528062701,
    "rel_L2": 0.012404808187920505,
    "zero_ratio": 0.00029085889274691357
  },
  "ks_distance": 0.009830000000000005
}