{
  "idx": 88,
  "layer_name": "model.output_blocks.5.0.in_layers.2",
  "w_lora": {
    "numel": 2211840,
    "mean": -0.0018058144487440586,
    "std": 0.08224181830883026,
    "abs_max": 1.44717276096344,
    "min": -1.44717276096344,
    "max": 0.8355886340141296,
    "q001": -0.3132369801700115,
    "q01": -0.2058858424425125,
    "q99": 0.19007847994565957,
    "q999": 0.2720927706956861
  },
  "w_lora_q": {
    "numel": 2211840,
    "mean": -0.0018059104913845658,
    "std": 0.08224920928478241,
    "abs_max": 1.44717276096344,
    "min": -1.44717276096344,
    "max": 0.8355886340141296,
    "q001": -0.31333291041851047,
    "q01": -0.2059183120727539,
    "q99": 0.19014905393123627,
    "q999": 0.27181643584370235
  },
  "residual": {
    "mean": -9.703328629484531e-08,
    "std": 0.0011445452691987157,
    "abs_max": 0.0056947506964206696,
    "MAE": 0.0009290712769143283,
    "RMSE": 0.0011445452691987157,
    "rel_L2": 0.013913472308411,
    "zero_ratio": 0.00017496744791666667
  },
  "ks_distance": 0.010009999999999963
}