{
  "idx": 89,
  "layer_name": "model.output_blocks.5.0.emb_layers.1",
  "w_lora": {
    "numel": 393216,
    "mean": -0.0014743190258741379,
    "std": 0.05069751292467117,
    "abs_max": 0.49994799494743347,
    "min": -0.49994799494743347,
    "max": 0.487566739320755,
    "q001": -0.19749911457300184,
    "q01": -0.12390062659978866,
    "q99": 0.11945498213171954,
    "q999": 0.1764420536905508
  },
  "w_lora_q": {
    "numel": 393216,
    "mean": -0.0014746417291462421,
    "std": 0.05069904029369354,
    "abs_max": 0.49994799494743347,
    "min": -0.49994799494743347,
    "max": 0.487566739320755,
    "q001": -0.1972633472830057,
    "q01": -0.12390885651111602,
    "q99": 0.11953691914677586,
    "q999": 0.1765594261139616
  },
  "residual": {
    "mean": -3.2289915452565765e-07,
    "std": 0.00036105039180256426,
    "abs_max": 0.0019680093973875046,
    "MAE": 0.0002948609471786767,
    "RMSE": 0.00036105053732171655,
    "rel_L2": 0.007118652208726453,
    "zero_ratio": 9.1552734375e-05
  },
  "ks_distance": 0.004850000000000021
}