{
  "idx": 90,
  "layer_name": "model.output_blocks.5.0.cond_emb_layers.1",
  "w_lora": {
    "numel": 196608,
    "mean": -0.0051710354164242744,
    "std": 0.10238063335418701,
    "abs_max": 0.557339072227478,
    "min": -0.557339072227478,
    "max": 0.547311544418335,
    "q001": -0.3672293980419636,
    "q01": -0.2592352283000946,
    "q99": 0.25055641323327993,
    "q999": 0.3524801757037644
  },
  "w_lora_q": {
    "numel": 196608,
    "mean": -0.005172133911401033,
    "std": 0.10238422453403473,
    "abs_max": 0.557339072227478,
    "min": -0.557339072227478,
    "max": 0.547311544418335,
    "q001": -0.36743066748976705,
    "q01": -0.25911438137292864,
    "q99": 0.25057406812906263,
    "q999": 0.35196395891905013
  },
  "residual": {
    "mean": -1.0983109177686856e-06,
    "std": 0.0008271629922091961,
    "abs_max": 0.002192605286836624,
    "MAE": 0.0007049711421132088,
    "RMSE": 0.000827163748908788,
    "rel_L2": 0.008069011733012563,
    "zero_ratio": 0.0018870035807291667
  },
  "ks_distance": 0.006340000000000012
}