{
  "idx": 91,
  "layer_name": "model.output_blocks.5.0.out_layers.3",
  "w_lora": {
    "numel": 1327104,
    "mean": -0.0017275572754442692,
    "std": 0.08989445865154266,
    "abs_max": 1.124864101409912,
    "min": -1.124864101409912,
    "max": 0.941749632358551,
    "q001": -0.34010975143313404,
    "q01": -0.22385251834988593,
    "q99": 0.21566028282046315,
    "q999": 0.32608875703812523
  },
  "w_lora_q": {
    "numel": 1327104,
    "mean": -0.0017262141918763518,
    "std": 0.08989918231964111,
    "abs_max": 1.124864101409912,
    "min": -1.124864101409912,
    "max": 0.9388629794120789,
    "q001": -0.33994531631469727,
    "q01": -0.22382675111293793,
    "q99": 0.21556255221366882,
    "q999": 0.3262710404694106
  },
  "residual": {
    "mean": 1.3429710179480026e-06,
    "std": 0.0010222147684544325,
    "abs_max": 0.0044260174036026,
    "MAE": 0.0008626642520539463,
    "RMSE": 0.001022215699777007,
    "rel_L2": 0.011369192165763044,
    "zero_ratio": 0.00029085889274691357
  },
  "ks_distance": 0.008660000000000001
}