{
  "idx": 92,
  "layer_name": "model.output_blocks.5.2.in_layers.2",
  "w_lora": {
    "numel": 1327104,
    "mean": -0.003247844288125634,
    "std": 0.08684948086738586,
    "abs_max": 1.0259029865264893,
    "min": -1.0259029865264893,
    "max": 0.6874967217445374,
    "q001": -0.3123977747857571,
    "q01": -0.21699559792876244,
    "q99": 0.19731785118579845,
    "q999": 0.2738672485947609
  },
  "w_lora_q": {
    "numel": 1327104,
    "mean": -0.003248182823881507,
    "std": 0.08685342967510223,
    "abs_max": 1.0259029865264893,
    "min": -1.0259029865264893,
    "max": 0.6874967217445374,
    "q001": -0.31256494551897046,
    "q01": -0.21704710111021994,
    "q99": 0.19738632008433318,
    "q999": 0.2738437318503918
  },
  "residual": {
    "mean": -3.391909046968067e-07,
    "std": 0.0009394651860930026,
    "abs_max": 0.004038646817207336,
    "MAE": 0.0007888789987191558,
    "RMSE": 0.0009394651860930026,
    "rel_L2": 0.010809617956879009,
    "zero_ratio": 0.00028935185185185184
  },
  "ks_distance": 0.007399999999999962
}