{
  "idx": 93,
  "layer_name": "model.output_blocks.5.2.emb_layers.1",
  "w_lora": {
    "numel": 393216,
    "mean": -0.0015436079120263457,
    "std": 0.05263660475611687,
    "abs_max": 0.39133530855178833,
    "min": -0.39133530855178833,
    "max": 0.36542484164237976,
    "q001": -0.19009051024913787,
    "q01": -0.12765108719468116,
    "q99": 0.12379019036889051,
    "q999": 0.17772852078080048
  },
  "w_lora_q": {
    "numel": 393216,
    "mean": -0.0015428103506565094,
    "std": 0.05263745039701462,
    "abs_max": 0.39133530855178833,
    "min": -0.39133530855178833,
    "max": 0.36542484164237976,
    "q001": -0.1902906523644924,
    "q01": -0.12774103432893752,
    "q99": 0.12381795570254298,
    "q999": 0.1773362495005119
  },
  "residual": {
    "mean": 7.97619122749893e-07,
    "std": 0.00035408628173172474,
    "abs_max": 0.0015363916754722595,
    "MAE": 0.0002952201757580042,
    "RMSE": 0.0003540871839504689,
    "rel_L2": 0.006724124149141187,
    "zero_ratio": 7.375081380208333e-05
  },
  "ks_distance": 0.0045600000000000085
}