{
  "idx": 94,
  "layer_name": "model.output_blocks.5.2.cond_emb_layers.1",
  "w_lora": {
    "numel": 196608,
    "mean": -0.003334871493279934,
    "std": 0.10839419811964035,
    "abs_max": 0.6327146887779236,
    "min": -0.6327146887779236,
    "max": 0.6091206669807434,
    "q001": -0.38906155875325205,
    "q01": -0.27222785651683806,
    "q99": 0.2631768411397934,
    "q999": 0.37768560707569354
  },
  "w_lora_q": {
    "numel": 196608,
    "mean": -0.0033366417046636343,
    "std": 0.10839767009019852,
    "abs_max": 0.6327146887779236,
    "min": -0.6327146887779236,
    "max": 0.6091206669807434,
    "q001": -0.3891756602525711,
    "q01": -0.2723475590348244,
    "q99": 0.2631625533103943,
    "q999": 0.3773788511753082
  },
  "residual": {
    "mean": -1.769902951309632e-06,
    "std": 0.0008879563538357615,
    "abs_max": 0.002481237053871155,
    "MAE": 0.0007582140970043838,
    "RMSE": 0.0008879581582732499,
    "rel_L2": 0.008188060485087818,
    "zero_ratio": 0.0019429524739583333
  },
  "ks_distance": 0.006730000000000014
}