{
  "idx": 95,
  "layer_name": "model.output_blocks.5.2.out_layers.3",
  "w_lora": {
    "numel": 1327104,
    "mean": -0.0020876070484519005,
    "std": 0.10006649792194366,
    "abs_max": 1.9330719709396362,
    "min": -1.5375481843948364,
    "max": 1.9330719709396362,
    "q001": -0.3597316167652607,
    "q01": -0.2465131889283657,
    "q99": 0.23444978848099704,
    "q999": 0.3315724440515051
  },
  "w_lora_q": {
    "numel": 1327104,
    "mean": -0.0020858626812696457,
    "std": 0.10007316619157791,
    "abs_max": 1.9330719709396362,
    "min": -1.5373249053955078,
    "max": 1.9330719709396362,
    "q001": -0.35971414732933044,
    "q01": -0.2466392223536968,
    "q99": 0.23459553465247152,
    "q999": 0.33174150669576064
  },
  "residual": {
    "mean": 1.7441548152419273e-06,
    "std": 0.0011163658928126097,
    "abs_max": 0.00760747492313385,
    "MAE": 0.000930408074054867,
    "RMSE": 0.0011163672897964716,
    "rel_L2": 0.011153831968861917,
    "zero_ratio": 0.0002931194540895062
  },
  "ks_distance": 0.007990000000000053
}