{
  "idx": 96,
  "layer_name": "model.output_blocks.6.0.in_layers.2",
  "w_lora": {
    "numel": 1474560,
    "mean": -0.0016741192666813731,
    "std": 0.08487808704376221,
    "abs_max": 1.6391421556472778,
    "min": -1.6391421556472778,
    "max": 1.260230541229248,
    "q001": -0.3235916157066822,
    "q01": -0.2134064629673958,
    "q99": 0.19896528840064986,
    "q999": 0.2839243354797366
  },
  "w_lora_q": {
    "numel": 1474560,
    "mean": -0.0016737338155508041,
    "std": 0.0848875343799591,
    "abs_max": 1.6391421556472778,
    "min": -1.6391421556472778,
    "max": 1.2648497819900513,
    "q001": -0.32346904277801514,
    "q01": -0.21335484087467194,
    "q99": 0.1990370750427246,
    "q999": 0.2839615808129349
  },
  "residual": {
    "mean": 3.852200904930214e-07,
    "std": 0.0011407581623643637,
    "abs_max": 0.006450153887271881,
    "MAE": 0.0009452025988139212,
    "RMSE": 0.0011407582787796855,
    "rel_L2": 0.013437351544360498,
    "zero_ratio": 0.00017632378472222222
  },
  "ks_distance": 0.009610000000000007
}