{
  "idx": 97,
  "layer_name": "model.output_blocks.6.0.emb_layers.1",
  "w_lora": {
    "numel": 262144,
    "mean": -0.0016314659733325243,
    "std": 0.052675772458314896,
    "abs_max": 0.584257960319519,
    "min": -0.584257960319519,
    "max": 0.499991774559021,
    "q001": -0.237889838039875,
    "q01": -0.1372252458333969,
    "q99": 0.12781610891223005,
    "q999": 0.22662081535160514
  },
  "w_lora_q": {
    "numel": 262144,
    "mean": -0.0016312693478539586,
    "std": 0.052678175270557404,
    "abs_max": 0.584257960319519,
    "min": -0.584257960319519,
    "max": 0.499991774559021,
    "q001": -0.23766914477944373,
    "q01": -0.13721961811184882,
    "q99": 0.12784272834658625,
    "q999": 0.22681399303674532
  },
  "residual": {
    "mean": 1.9651625393635186e-07,
    "std": 0.00040136498864740133,
    "abs_max": 0.0022982489317655563,
    "MAE": 0.0003177968319505453,
    "RMSE": 0.00040136504685506225,
    "rel_L2": 0.0076158856397732805,
    "zero_ratio": 0.000209808349609375
  },
  "ks_distance": 0.005340000000000011
}