{
  "idx": 98,
  "layer_name": "model.output_blocks.6.0.cond_emb_layers.1",
  "w_lora": {
    "numel": 131072,
    "mean": -0.004992606583982706,
    "std": 0.09677283465862274,
    "abs_max": 0.6616600751876831,
    "min": -0.6616600751876831,
    "max": 0.5906652808189392,
    "q001": -0.36050906324386595,
    "q01": -0.24920539543032647,
    "q99": 0.23332088485360078,
    "q999": 0.344960220754147
  },
  "w_lora_q": {
    "numel": 131072,
    "mean": -0.0049938601441681385,
    "std": 0.09677701443433762,
    "abs_max": 0.6616600751876831,
    "min": -0.6616600751876831,
    "max": 0.5906652808189392,
    "q001": -0.36009472781419755,
    "q01": -0.2492486545443535,
    "q99": 0.23344045877456665,
    "q999": 0.3448689840436008
  },
  "residual": {
    "mean": -1.2537232123577269e-06,
    "std": 0.0007988570141606033,
    "abs_max": 0.0026045292615890503,
    "MAE": 0.0006739968666806817,
    "RMSE": 0.0007988580036908388,
    "rel_L2": 0.008244019056358338,
    "zero_ratio": 0.00186920166015625
  },
  "ks_distance": 0.006259999999999932
}