{
  "idx": 99,
  "layer_name": "model.output_blocks.6.0.out_layers.3",
  "w_lora": {
    "numel": 589824,
    "mean": -0.0026827051769942045,
    "std": 0.10915664583444595,
    "abs_max": 2.6332597732543945,
    "min": -2.0948843955993652,
    "max": 2.6332597732543945,
    "q001": -0.4465132435560226,
    "q01": -0.27524531066417696,
    "q99": 0.26448200166225444,
    "q999": 0.42649359783530777
  },
  "w_lora_q": {
    "numel": 589824,
    "mean": -0.00267877709120512,
    "std": 0.10917142033576965,
    "abs_max": 2.6332597732543945,
    "min": -2.0941672325134277,
    "max": 2.6332597732543945,
    "q001": -0.4475631309747696,
    "q01": -0.27515336871147156,
    "q99": 0.2644176781177521,
    "q999": 0.42628509831428596
  },
  "residual": {
    "mean": 3.928666956198867e-06,
    "std": 0.0016051542479544878,
    "abs_max": 0.010366983711719513,
    "MAE": 0.0012979963794350624,
    "RMSE": 0.0016051591373980045,
    "rel_L2": 0.014700659427935503,
    "zero_ratio": 0.00043402777777777775
  },
  "ks_distance": 0.010769999999999946
}