{
  "idx": 100,
  "layer_name": "model.output_blocks.7.0.in_layers.2",
  "w_lora": {
    "numel": 1179648,
    "mean": -0.0013455479638651013,
    "std": 0.08399290591478348,
    "abs_max": 1.4451624155044556,
    "min": -1.4451624155044556,
    "max": 0.8722262978553772,
    "q001": -0.3669226261973381,
    "q01": -0.21717003852128983,
    "q99": 0.19968368321657187,
    "q999": 0.30143764516711086
  },
  "w_lora_q": {
    "numel": 1179648,
    "mean": -0.0013470769627019763,
    "std": 0.08400294184684753,
    "abs_max": 1.4451624155044556,
    "min": -1.4451624155044556,
    "max": 0.8722262978553772,
    "q001": -0.3672448729276657,
    "q01": -0.21713163226842883,
    "q99": 0.19955247223377243,
    "q999": 0.30150037059187346
  },
  "residual": {
    "mean": -1.5292243915610015e-06,
    "std": 0.0013053524307906628,
    "abs_max": 0.005689509212970734,
    "MAE": 0.0010733159724622965,
    "RMSE": 0.001305353594943881,
    "rel_L2": 0.015539243968850478,
    "zero_ratio": 0.00021701388888888888
  },
  "ks_distance": 0.011399999999999966
}