{
  "idx": 101,
  "layer_name": "model.output_blocks.7.0.emb_layers.1",
  "w_lora": {
    "numel": 262144,
    "mean": -0.0015178994508460164,
    "std": 0.049707964062690735,
    "abs_max": 0.4548298120498657,
    "min": -0.4278220236301422,
    "max": 0.4548298120498657,
    "q001": -0.21888284178078174,
    "q01": -0.12804052576422692,
    "q99": 0.1207837001234294,
    "q999": 0.2050834874808777
  },
  "w_lora_q": {
    "numel": 262144,
    "mean": -0.0015167315723374486,
    "std": 0.049709122627973557,
    "abs_max": 0.4548298120498657,
    "min": -0.4278220236301422,
    "max": 0.4548298120498657,
    "q001": -0.21865676335990428,
    "q01": -0.12811726540327073,
    "q99": 0.12083529680967331,
    "q999": 0.2052585646659101
  },
  "residual": {
    "mean": 1.1675795121846022e-06,
    "std": 0.0003798632533289492,
    "abs_max": 0.001788027584552765,
    "MAE": 0.0003060972667299211,
    "RMSE": 0.0003798649995587766,
    "rel_L2": 0.00763837374909164,
    "zero_ratio": 0.0001373291015625
  },
  "ks_distance": 0.005319999999999991
}