{
  "idx": 102,
  "layer_name": "model.output_blocks.7.0.cond_emb_layers.1",
  "w_lora": {
    "numel": 131072,
    "mean": -0.004939027596265078,
    "std": 0.09313962608575821,
    "abs_max": 0.5973793268203735,
    "min": -0.5533987879753113,
    "max": 0.5973793268203735,
    "q001": -0.35076673498749733,
    "q01": -0.2395407374203205,
    "q99": 0.22789906665682788,
    "q999": 0.3359513355493548
  },
  "w_lora_q": {
    "numel": 131072,
    "mean": -0.004936092533171177,
    "std": 0.09314290434122086,
    "abs_max": 0.5973793268203735,
    "min": -0.5533987879753113,
    "max": 0.5973793268203735,
    "q001": -0.3500022034943104,
    "q01": -0.23944929242134094,
    "q99": 0.2279695250093937,
    "q999": 0.33590238606929784
  },
  "residual": {
    "mean": 2.9347638701437972e-06,
    "std": 0.0007698970148339868,
    "abs_max": 0.002351433038711548,
    "MAE": 0.0006491314270533621,
    "RMSE": 0.0007699026609770954,
    "rel_L2": 0.008254515804308948,
    "zero_ratio": 0.00174713134765625
  },
  "ks_distance": 0.006169999999999898
}