{
  "idx": 103,
  "layer_name": "model.output_blocks.7.0.out_layers.3",
  "w_lora": {
    "numel": 589824,
    "mean": -0.002239885739982128,
    "std": 0.09572228044271469,
    "abs_max": 1.4425395727157593,
    "min": -1.4090931415557861,
    "max": 1.4425395727157593,
    "q001": -0.39992356902360915,
    "q01": -0.24613037303090093,
    "q99": 0.23632849812507656,
    "q999": 0.3799737330675178
  },
  "w_lora_q": {
    "numel": 589824,
    "mean": -0.0022388878278434277,
    "std": 0.0957334116101265,
    "abs_max": 1.4425395727157593,
    "min": -1.4090931415557861,
    "max": 1.4425395727157593,
    "q001": -0.3996876807510853,
    "q01": -0.24597272753715513,
    "q99": 0.23644790053367615,
    "q999": 0.3792239103019267
  },
  "residual": {
    "mean": 9.97621441456431e-07,
    "std": 0.0012748539447784424,
    "abs_max": 0.0056745074689388275,
    "MAE": 0.0010574324987828732,
    "RMSE": 0.001274854177609086,
    "rel_L2": 0.013314616446478678,
    "zero_ratio": 0.00043572319878472225
  },
  "ks_distance": 0.01036999999999999
}