{
  "idx": 104,
  "layer_name": "model.output_blocks.8.0.in_layers.2",
  "w_lora": {
    "numel": 884736,
    "mean": -0.0018415882950648665,
    "std": 0.08598988503217697,
    "abs_max": 1.7520675659179688,
    "min": -1.7520675659179688,
    "max": 0.9497987031936646,
    "q001": -0.38376822143793105,
    "q01": -0.2237434133887291,
    "q99": 0.20391656681895257,
    "q999": 0.3094001692533498
  },
  "w_lora_q": {
    "numel": 884736,
    "mean": -0.0018413097131997347,
    "std": 0.08600088208913803,
    "abs_max": 1.7520675659179688,
    "min": -1.7520675659179688,
    "max": 0.9489707946777344,
    "q001": -0.3842004264891148,
    "q01": -0.22378878742456437,
    "q99": 0.20390824973583221,
    "q999": 0.3092302690446382
  },
  "residual": {
    "mean": 2.7824023618450155e-07,
    "std": 0.0013695554807782173,
    "abs_max": 0.006897889077663422,
    "MAE": 0.0010935432510450482,
    "RMSE": 0.0013695554807782173,
    "rel_L2": 0.015923289443915967,
    "zero_ratio": 0.00029048213252314816
  },
  "ks_distance": 0.012139999999999984
}