{
  "idx": 105,
  "layer_name": "model.output_blocks.8.0.emb_layers.1",
  "w_lora": {
    "numel": 262144,
    "mean": -0.0015756187494844198,
    "std": 0.04702243208885193,
    "abs_max": 0.48553526401519775,
    "min": -0.48553526401519775,
    "max": 0.34615638852119446,
    "q001": -0.2111412510573864,
    "q01": -0.1199465212225914,
    "q99": 0.11236736968159677,
    "q999": 0.1849220990538597
  },
  "w_lora_q": {
    "numel": 262144,
    "mean": -0.0015755246859043837,
    "std": 0.04702279344201088,
    "abs_max": 0.48553526401519775,
    "min": -0.48553526401519775,
    "max": 0.34790322184562683,
    "q001": -0.21081324957311154,
    "q01": -0.11992684751749039,
    "q99": 0.11234445333480839,
    "q999": 0.18489422647654985
  },
  "residual": {
    "mean": 9.408990564452324e-08,
    "std": 0.000364350009476766,
    "abs_max": 0.0018989890813827515,
    "MAE": 0.0002942150749731809,
    "RMSE": 0.00036435003858059645,
    "rel_L2": 0.007744086021462807,
    "zero_ratio": 0.000164031982421875
  },
  "ks_distance": 0.005230000000000068
}