{
  "idx": 106,
  "layer_name": "model.output_blocks.8.0.cond_emb_layers.1",
  "w_lora": {
    "numel": 131072,
    "mean": -0.0055997190065681934,
    "std": 0.08806565403938293,
    "abs_max": 0.5990394949913025,
    "min": -0.5990394949913025,
    "max": 0.5690166354179382,
    "q001": -0.347483156055212,
    "q01": -0.23037005901336668,
    "q99": 0.2136187015473837,
    "q999": 0.3243125418424608
  },
  "w_lora_q": {
    "numel": 131072,
    "mean": -0.005597529001533985,
    "std": 0.08806561678647995,
    "abs_max": 0.5990394949913025,
    "min": -0.5990394949913025,
    "max": 0.5690166354179382,
    "q001": -0.34812378883361816,
    "q01": -0.23028678193688393,
    "q99": 0.21369706019759177,
    "q999": 0.32506466478109386
  },
  "residual": {
    "mean": 2.189335191360442e-06,
    "std": 0.0007226531160995364,
    "abs_max": 0.002351224422454834,
    "MAE": 0.0006057065329514444,
    "RMSE": 0.0007226564921438694,
    "rel_L2": 0.008189343896054645,
    "zero_ratio": 0.00153350830078125
  },
  "ks_distance": 0.006700000000000039
}