{
  "idx": 107,
  "layer_name": "model.output_blocks.8.0.out_layers.3",
  "w_lora": {
    "numel": 589824,
    "mean": -0.0009671853040345013,
    "std": 0.08376193791627884,
    "abs_max": 2.0554871559143066,
    "min": -1.4737272262573242,
    "max": 2.0554871559143066,
    "q001": -0.3401903454661369,
    "q01": -0.2175889402627945,
    "q99": 0.2079072651267052,
    "q999": 0.3186053921282337
  },
  "w_lora_q": {
    "numel": 589824,
    "mean": -0.0009670236613601446,
    "std": 0.08376970887184143,
    "abs_max": 2.0554871559143066,
    "min": -1.4737272262573242,
    "max": 2.0554871559143066,
    "q001": -0.34016703817248345,
    "q01": -0.2173856496810913,
    "q99": 0.20793059468269348,
    "q999": 0.3176835167408023
  },
  "residual": {
    "mean": 1.615486411310485e-07,
    "std": 0.0011188662610948086,
    "abs_max": 0.008088922128081322,
    "MAE": 0.0009092240361496806,
    "RMSE": 0.0011188662610948086,
    "rel_L2": 0.013356801251412127,
    "zero_ratio": 0.0004374186197916667
  },
  "ks_distance": 0.010670000000000068
}