{
  "idx": 108,
  "layer_name": "model.output_blocks.8.1.in_layers.2",
  "w_lora": {
    "numel": 589824,
    "mean": -0.003854745766147971,
    "std": 0.08822305500507355,
    "abs_max": 1.4316779375076294,
    "min": -1.4316779375076294,
    "max": 0.7662228345870972,
    "q001": -0.3347697400152683,
    "q01": -0.2243612053990364,
    "q99": 0.2030127722024918,
    "q999": 0.2992011519372507
  },
  "w_lora_q": {
    "numel": 589824,
    "mean": -0.003854266367852688,
    "std": 0.08822891861200333,
    "abs_max": 1.4316779375076294,
    "min": -1.4316779375076294,
    "max": 0.7662228345870972,
    "q001": -0.33503075048327446,
    "q01": -0.22419409200549126,
    "q99": 0.20298466086387634,
    "q999": 0.2990111485719699
  },
  "residual": {
    "mean": 4.775777711074625e-07,
    "std": 0.0009808839531615376,
    "abs_max": 0.005633987486362457,
    "MAE": 0.0008136567194014788,
    "RMSE": 0.0009808839531615376,
    "rel_L2": 0.011107630899019552,
    "zero_ratio": 0.00043402777777777775
  },
  "ks_distance": 0.008020000000000027
}