{
  "idx": 109,
  "layer_name": "model.output_blocks.8.1.emb_layers.1",
  "w_lora": {
    "numel": 262144,
    "mean": -0.001512090559117496,
    "std": 0.05200503021478653,
    "abs_max": 0.4913693964481354,
    "min": -0.4913693964481354,
    "max": 0.4259946644306183,
    "q001": -0.23231991969048976,
    "q01": -0.13320926547050477,
    "q99": 0.12534143701195732,
    "q999": 0.21050859634577973
  },
  "w_lora_q": {
    "numel": 262144,
    "mean": -0.0015126460930332541,
    "std": 0.052007291465997696,
    "abs_max": 0.4913693964481354,
    "min": -0.4913693964481354,
    "max": 0.4259946644306183,
    "q001": -0.23222638128697873,
    "q01": -0.13316269010305404,
    "q99": 0.12532882392406464,
    "q999": 0.21116169840096985
  },
  "residual": {
    "mean": -5.557290023716632e-07,
    "std": 0.00039111208752729,
    "abs_max": 0.0019289124757051468,
    "MAE": 0.00031672429759055376,
    "RMSE": 0.0003911124949809164,
    "rel_L2": 0.0075174905571738235,
    "zero_ratio": 0.000164031982421875
  },
  "ks_distance": 0.005589999999999984
}