{
  "idx": 110,
  "layer_name": "model.output_blocks.8.1.cond_emb_layers.1",
  "w_lora": {
    "numel": 131072,
    "mean": -0.002320539904758334,
    "std": 0.10411655902862549,
    "abs_max": 0.8904799222946167,
    "min": -0.8904799222946167,
    "max": 0.749278724193573,
    "q001": -0.416837821751833,
    "q01": -0.27082406014204025,
    "q99": 0.25661295235157,
    "q999": 0.3828672506213199
  },
  "w_lora_q": {
    "numel": 131072,
    "mean": -0.0023170202039182186,
    "std": 0.10411874949932098,
    "abs_max": 0.8904799222946167,
    "min": -0.8904799222946167,
    "max": 0.749278724193573,
    "q001": -0.4173869090080261,
    "q01": -0.27093486070632933,
    "q99": 0.25689431905746457,
    "q999": 0.38286337453127006
  },
  "residual": {
    "mean": 3.5195148484490346e-06,
    "std": 0.000868393515702337,
    "abs_max": 0.0034989863634109497,
    "MAE": 0.0007265363819897175,
    "RMSE": 0.0008684006752446294,
    "rel_L2": 0.008338588319868325,
    "zero_ratio": 0.00186920166015625
  },
  "ks_distance": 0.006799999999999973
}