{
  "idx": 111,
  "layer_name": "model.output_blocks.8.1.out_layers.3",
  "w_lora": {
    "numel": 589824,
    "mean": -0.0030373791232705116,
    "std": 0.10684353113174438,
    "abs_max": 1.3023524284362793,
    "min": -1.3023524284362793,
    "max": 1.054688572883606,
    "q001": -0.4114371280968189,
    "q01": -0.27429399281740185,
    "q99": 0.25188152432441746,
    "q999": 0.3678712674677376
  },
  "w_lora_q": {
    "numel": 589824,
    "mean": -0.0030361267272382975,
    "std": 0.10685017704963684,
    "abs_max": 1.3023524284362793,
    "min": -1.3023524284362793,
    "max": 1.054688572883606,
    "q001": -0.41120625552535056,
    "q01": -0.27424225211143494,
    "q99": 0.251849731206894,
    "q999": 0.36774646842480085
  },
  "residual": {
    "mean": 1.2522983752205619e-06,
    "std": 0.0012302709510549903,
    "abs_max": 0.005127072334289551,
    "MAE": 0.0010380094172433019,
    "RMSE": 0.0012302716495469213,
    "rel_L2": 0.011510057761169505,
    "zero_ratio": 0.00043572319878472225
  },
  "ks_distance": 0.008469999999999978
}