{
  "idx": 112,
  "layer_name": "model.output_blocks.9.0.in_layers.2",
  "w_lora": {
    "numel": 442368,
    "mean": -0.002905243542045355,
    "std": 0.08835038542747498,
    "abs_max": 1.340970516204834,
    "min": -1.340970516204834,
    "max": 0.7570347785949707,
    "q001": -0.40647169613838197,
    "q01": -0.2364364029467106,
    "q99": 0.20908325657248497,
    "q999": 0.32155670863389063
  },
  "w_lora_q": {
    "numel": 442368,
    "mean": -0.0029096545185893774,
    "std": 0.08836067467927933,
    "abs_max": 1.340970516204834,
    "min": -1.340970516204834,
    "max": 0.7547423243522644,
    "q001": -0.405818254172802,
    "q01": -0.23649367690086365,
    "q99": 0.20903459191322327,
    "q999": 0.32210078901052347
  },
  "residual": {
    "mean": -4.4109829104854725e-06,
    "std": 0.0014209121000021696,
    "abs_max": 0.005276981741189957,
    "MAE": 0.0011761047644540668,
    "RMSE": 0.0014209188520908356,
    "rel_L2": 0.016074079643724433,
    "zero_ratio": 0.00028935185185185184
  },
  "ks_distance": 0.01263000000000003
}