{
  "idx": 113,
  "layer_name": "model.output_blocks.9.0.emb_layers.1",
  "w_lora": {
    "numel": 131072,
    "mean": -0.0021784731652587652,
    "std": 0.04498624429106712,
    "abs_max": 0.4999982416629791,
    "min": -0.4999982416629791,
    "max": 0.25116512179374695,
    "q001": -0.16879391132295132,
    "q01": -0.11547495484352112,
    "q99": 0.10889842443168163,
    "q999": 0.15233545249700584
  },
  "w_lora_q": {
    "numel": 131072,
    "mean": -0.0021778768859803677,
    "std": 0.04498752951622009,
    "abs_max": 0.4999982416629791,
    "min": -0.4999982416629791,
    "max": 0.2513720691204071,
    "q001": -0.16902715609967708,
    "q01": -0.11546430975198746,
    "q99": 0.10904698535799967,
    "q999": 0.15268671752512683
  },
  "residual": {
    "mean": 5.965176228528435e-07,
    "std": 0.00034522422356531024,
    "abs_max": 0.001965414732694626,
    "MAE": 0.0002830595476552844,
    "RMSE": 0.00034522474743425846,
    "rel_L2": 0.007665025886780588,
    "zero_ratio": 8.392333984375e-05
  },
  "ks_distance": 0.005669999999999953
}