{
  "idx": 114,
  "layer_name": "model.output_blocks.9.0.cond_emb_layers.1",
  "w_lora": {
    "numel": 65536,
    "mean": -0.0009986474178731441,
    "std": 0.08695773780345917,
    "abs_max": 0.5456658601760864,
    "min": -0.5454072952270508,
    "max": 0.5456658601760864,
    "q001": -0.33580747321248056,
    "q01": -0.22368952855467797,
    "q99": 0.21595774069428458,
    "q999": 0.3159421488642688
  },
  "w_lora_q": {
    "numel": 65536,
    "mean": -0.0010000148322433233,
    "std": 0.08696062117815018,
    "abs_max": 0.5456658601760864,
    "min": -0.5454072952270508,
    "max": 0.5456658601760864,
    "q001": -0.33462919294834137,
    "q01": -0.2236226186156273,
    "q99": 0.2161139689385891,
    "q999": 0.31603521972894555
  },
  "residual": {
    "mean": -1.367421418763115e-06,
    "std": 0.0007044179947115481,
    "abs_max": 0.0021472126245498657,
    "MAE": 0.0005926333833485842,
    "RMSE": 0.0007044192752800882,
    "rel_L2": 0.008100173978798907,
    "zero_ratio": 0.00152587890625
  },
  "ks_distance": 0.006134033203125
}