{
  "idx": 115,
  "layer_name": "model.output_blocks.9.0.out_layers.3",
  "w_lora": {
    "numel": 147456,
    "mean": -0.0011705304495990276,
    "std": 0.11651575565338135,
    "abs_max": 1.4410514831542969,
    "min": -1.4410514831542969,
    "max": 1.2721515893936157,
    "q001": -0.5342563834786415,
    "q01": -0.3181175395846367,
    "q99": 0.3052250042557726,
    "q999": 0.4811812004447037
  },
  "w_lora_q": {
    "numel": 147456,
    "mean": -0.0011625736951828003,
    "std": 0.11652877181768417,
    "abs_max": 1.4410514831542969,
    "min": -1.4410514831542969,
    "max": 1.2721515893936157,
    "q001": -0.5334595373272896,
    "q01": -0.31823872625827787,
    "q99": 0.30451813638210473,
    "q999": 0.4792871050536769
  },
  "residual": {
    "mean": 7.956801709951833e-06,
    "std": 0.0015294780023396015,
    "abs_max": 0.005666729062795639,
    "MAE": 0.0012741178506985307,
    "RMSE": 0.0015294986078515649,
    "rel_L2": 0.013126305900736027,
    "zero_ratio": 0.0008680555555555555
  },
  "ks_distance": 0.011210000000000053
}