{
  "idx": 116,
  "layer_name": "model.output_blocks.10.0.in_layers.2",
  "w_lora": {
    "numel": 294912,
    "mean": -0.0018962323665618896,
    "std": 0.08611121773719788,
    "abs_max": 1.0941778421401978,
    "min": -1.0941778421401978,
    "max": 0.8078141808509827,
    "q001": -0.43575205942988393,
    "q01": -0.23898765474557876,
    "q99": 0.2108763398230076,
    "q999": 0.3427786027491083
  },
  "w_lora_q": {
    "numel": 294912,
    "mean": -0.0018943676259368658,
    "std": 0.08612319827079773,
    "abs_max": 1.0941778421401978,
    "min": -1.0941778421401978,
    "max": 0.8078141808509827,
    "q001": -0.4352066759467125,
    "q01": -0.23886197462677955,
    "q99": 0.21059894561767578,
    "q999": 0.34348132371902435
  },
  "residual": {
    "mean": 1.8646018133949838e-06,
    "std": 0.0013517549959942698,
    "abs_max": 0.004306413233280182,
    "MAE": 0.0011286861263215542,
    "RMSE": 0.00135175627656281,
    "rel_L2": 0.0156939927108058,
    "zero_ratio": 0.0004374186197916667
  },
  "ks_distance": 0.013639999999999985
}