{
  "idx": 117,
  "layer_name": "model.output_blocks.10.0.emb_layers.1",
  "w_lora": {
    "numel": 131072,
    "mean": -0.0018148204544559121,
    "std": 0.04727746918797493,
    "abs_max": 0.3675483167171478,
    "min": -0.3675483167171478,
    "max": 0.3375910818576813,
    "q001": -0.19080845069885255,
    "q01": -0.12152595765888691,
    "q99": 0.11609303787350654,
    "q999": 0.17308563546836497
  },
  "w_lora_q": {
    "numel": 131072,
    "mean": -0.0018147514201700687,
    "std": 0.047280289232730865,
    "abs_max": 0.3675483167171478,
    "min": -0.3675483167171478,
    "max": 0.3375910818576813,
    "q001": -0.1907163613885641,
    "q01": -0.12160544097423553,
    "q99": 0.11611860066652265,
    "q999": 0.1727428701072937
  },
  "residual": {
    "mean": 6.922473971826548e-08,
    "std": 0.0003820122219622135,
    "abs_max": 0.0014449022710323334,
    "MAE": 0.0003125002549495548,
    "RMSE": 0.000382012251066044,
    "rel_L2": 0.00807427131418028,
    "zero_ratio": 0.0001678466796875
  },
  "ks_distance": 0.005700000000000038
}