{
  "idx": 118,
  "layer_name": "model.output_blocks.10.0.cond_emb_layers.1",
  "w_lora": {
    "numel": 65536,
    "mean": -0.002198023023083806,
    "std": 0.08541300892829895,
    "abs_max": 0.8997902274131775,
    "min": -0.8997902274131775,
    "max": 0.6986059546470642,
    "q001": -0.3531350626051426,
    "q01": -0.21964875683188437,
    "q99": 0.21158495992422113,
    "q999": 0.33054455548524564
  },
  "w_lora_q": {
    "numel": 65536,
    "mean": -0.002199979033321142,
    "std": 0.08541819453239441,
    "abs_max": 0.8997902274131775,
    "min": -0.8997902274131775,
    "max": 0.701411247253418,
    "q001": -0.3531605337560177,
    "q01": -0.21963383257389069,
    "q99": 0.211552415788174,
    "q999": 0.33156453683972104
  },
  "residual": {
    "mean": -1.956044798134826e-06,
    "std": 0.0007083218661136925,
    "abs_max": 0.0035359524190425873,
    "MAE": 0.0005849698791280389,
    "RMSE": 0.0007083245436660945,
    "rel_L2": 0.008290190777647024,
    "zero_ratio": 0.0013427734375
  },
  "ks_distance": 0.006683349609375
}