{
  "idx": 119,
  "layer_name": "model.output_blocks.10.0.out_layers.3",
  "w_lora": {
    "numel": 147456,
    "mean": -0.0014300539623945951,
    "std": 0.08659698069095612,
    "abs_max": 0.8448148965835571,
    "min": -0.8448148965835571,
    "max": 0.8421510457992554,
    "q001": -0.40396925941109657,
    "q01": -0.2337358497083187,
    "q99": 0.2258476905524732,
    "q999": 0.3652116282284331
  },
  "w_lora_q": {
    "numel": 147456,
    "mean": -0.001432170276530087,
    "std": 0.08660633116960526,
    "abs_max": 0.8448148965835571,
    "min": -0.8448148965835571,
    "max": 0.8421510457992554,
    "q001": -0.4037579819560051,
    "q01": -0.23382142186164856,
    "q99": 0.22611665725708008,
    "q999": 0.3649654826521891
  },
  "residual": {
    "mean": -2.1163830297155073e-06,
    "std": 0.001144055975601077,
    "abs_max": 0.0033238285686820745,
    "MAE": 0.000962784222792834,
    "RMSE": 0.0011440579546615481,
    "rel_L2": 0.01320948826644014,
    "zero_ratio": 0.0008748372395833334
  },
  "ks_distance": 0.012230000000000019
}