{
  "idx": 120,
  "layer_name": "model.output_blocks.11.0.in_layers.2",
  "w_lora": {
    "numel": 294912,
    "mean": -0.0021642502397298813,
    "std": 0.08468282967805862,
    "abs_max": 1.233501672744751,
    "min": -1.233501672744751,
    "max": 0.950204074382782,
    "q001": -0.4579956990778446,
    "q01": -0.23716224372386932,
    "q99": 0.21132654398679748,
    "q999": 0.3531786449253289
  },
  "w_lora_q": {
    "numel": 294912,
    "mean": -0.002165110083296895,
    "std": 0.08469343930482864,
    "abs_max": 1.233501672744751,
    "min": -1.233501672744751,
    "max": 0.950204074382782,
    "q001": -0.45716328421235086,
    "q01": -0.23704397678375244,
    "q99": 0.21141854271292715,
    "q999": 0.3532065675854533
  },
  "residual": {
    "mean": -8.604176855442347e-07,
    "std": 0.0014819038333371282,
    "abs_max": 0.004855208098888397,
    "MAE": 0.001223843079060316,
    "RMSE": 0.0014819041825830936,
    "rel_L2": 0.01749375390309794,
    "zero_ratio": 0.00043402777777777775
  },
  "ks_distance": 0.014909999999999979
}