{
  "idx": 121,
  "layer_name": "model.output_blocks.11.0.emb_layers.1",
  "w_lora": {
    "numel": 131072,
    "mean": -0.0009675680776126683,
    "std": 0.052817679941654205,
    "abs_max": 0.5075839757919312,
    "min": -0.5075839757919312,
    "max": 0.42187875509262085,
    "q001": -0.22676404386758806,
    "q01": -0.140993422716856,
    "q99": 0.13595402777194976,
    "q999": 0.2164923876374961
  },
  "w_lora_q": {
    "numel": 131072,
    "mean": -0.0009679815266281366,
    "std": 0.05281880497932434,
    "abs_max": 0.5075839757919312,
    "min": -0.5075839757919312,
    "max": 0.42187875509262085,
    "q001": -0.2277099851369858,
    "q01": -0.14109260767698287,
    "q99": 0.13585180044174194,
    "q999": 0.21591028726100936
  },
  "residual": {
    "mean": -4.134470827921177e-07,
    "std": 0.00047711250954307616,
    "abs_max": 0.001997441053390503,
    "MAE": 0.00038664587191306055,
    "RMSE": 0.0004771126841660589,
    "rel_L2": 0.009031686562089147,
    "zero_ratio": 0.0003814697265625
  },
  "ks_distance": 0.007120000000000015
}