{
  "idx": 122,
  "layer_name": "model.output_blocks.11.0.cond_emb_layers.1",
  "w_lora": {
    "numel": 65536,
    "mean": -0.0007914389716461301,
    "std": 0.07944764941930771,
    "abs_max": 0.5410882830619812,
    "min": -0.4737643599510193,
    "max": 0.5410882830619812,
    "q001": -0.31039086416363715,
    "q01": -0.20787614360451698,
    "q99": 0.19871450215578082,
    "q999": 0.2925055457651595
  },
  "w_lora_q": {
    "numel": 65536,
    "mean": -0.0007931136060506105,
    "std": 0.07945197075605392,
    "abs_max": 0.5410882830619812,
    "min": -0.4737643599510193,
    "max": 0.5410882830619812,
    "q001": -0.3100000385940075,
    "q01": -0.20805638879537583,
    "q99": 0.1985609084367752,
    "q999": 0.2929011616110794
  },
  "residual": {
    "mean": -1.6746589608374052e-06,
    "std": 0.0006382192368619144,
    "abs_max": 0.0021269824355840683,
    "MAE": 0.0005319199990481138,
    "RMSE": 0.0006382214487530291,
    "rel_L2": 0.00803283336012175,
    "zero_ratio": 0.0010986328125
  },
  "ks_distance": 0.0061492919921875
}