{
  "idx": 123,
  "layer_name": "model.output_blocks.11.0.out_layers.3",
  "w_lora": {
    "numel": 147456,
    "mean": 0.0010545807890594006,
    "std": 0.07413038611412048,
    "abs_max": 1.0821356773376465,
    "min": -1.0821356773376465,
    "max": 0.8878657817840576,
    "q001": -0.3807173965871334,
    "q01": -0.2084782786667347,
    "q99": 0.2060889817774297,
    "q999": 0.3844056610763103
  },
  "w_lora_q": {
    "numel": 147456,
    "mean": 0.0010519215138629079,
    "std": 0.07413695752620697,
    "abs_max": 1.0821356773376465,
    "min": -1.0821356773376465,
    "max": 0.8878657817840576,
    "q001": -0.38089546412229536,
    "q01": -0.20822769403457642,
    "q99": 0.20603151619434357,
    "q999": 0.3846843457222044
  },
  "residual": {
    "mean": -2.659275196492672e-06,
    "std": 0.0010826968355104327,
    "abs_max": 0.0042598918080329895,
    "MAE": 0.0008962907595559955,
    "RMSE": 0.0010827002115547657,
    "rel_L2": 0.014603872049287123,
    "zero_ratio": 0.0008680555555555555
  },
  "ks_distance": 0.013639999999999985
}