{
  "idx": 124,
  "layer_name": "model.output_blocks.11.1.in_layers.2",
  "w_lora": {
    "numel": 147456,
    "mean": -0.002296617953106761,
    "std": 0.08279605954885483,
    "abs_max": 1.2142157554626465,
    "min": -1.2142157554626465,
    "max": 0.6527066230773926,
    "q001": -0.33472767561674116,
    "q01": -0.2171838901937008,
    "q99": 0.20220862030982995,
    "q999": 0.30570468276740154
  },
  "w_lora_q": {
    "numel": 147456,
    "mean": -0.0022940104827284813,
    "std": 0.08280207216739655,
    "abs_max": 1.2142157554626465,
    "min": -1.2142157554626465,
    "max": 0.6527066230773926,
    "q001": -0.3355794335901737,
    "q01": -0.21737492084503174,
    "q99": 0.20254988968372345,
    "q999": 0.3068906921148355
  },
  "residual": {
    "mean": 2.6075313144247048e-06,
    "std": 0.0009416915709152818,
    "abs_max": 0.004779726266860962,
    "MAE": 0.0007655916269868612,
    "RMSE": 0.0009416952379979193,
    "rel_L2": 0.011369298433146671,
    "zero_ratio": 0.0008544921875
  },
  "ks_distance": 0.008929999999999993
}