{
  "idx": 125,
  "layer_name": "model.output_blocks.11.1.emb_layers.1",
  "w_lora": {
    "numel": 131072,
    "mean": -0.0008027202566154301,
    "std": 0.04967799410223961,
    "abs_max": 0.6817817091941833,
    "min": -0.6817817091941833,
    "max": 0.35097911953926086,
    "q001": -0.20569657336175443,
    "q01": -0.13144091233611108,
    "q99": 0.12769108578562716,
    "q999": 0.19968884395062933
  },
  "w_lora_q": {
    "numel": 131072,
    "mean": -0.0008024913258850574,
    "std": 0.049679577350616455,
    "abs_max": 0.6817817091941833,
    "min": -0.6817817091941833,
    "max": 0.35097911953926086,
    "q001": -0.20560414296388627,
    "q01": -0.13145827129483223,
    "q99": 0.1277700960636139,
    "q999": 0.2002033293247223
  },
  "residual": {
    "mean": 2.289095988317058e-07,
    "std": 0.00041767547372728586,
    "abs_max": 0.002680182456970215,
    "MAE": 0.0003368333855178207,
    "RMSE": 0.00041767547372728586,
    "rel_L2": 0.008406559049314921,
    "zero_ratio": 0.00022125244140625
  },
  "ks_distance": 0.0061500000000001
}