{
  "idx": 126,
  "layer_name": "model.output_blocks.11.1.cond_emb_layers.1",
  "w_lora": {
    "numel": 65536,
    "mean": 0.0013593336334452033,
    "std": 0.09589560329914093,
    "abs_max": 0.9955906271934509,
    "min": -0.6538239121437073,
    "max": 0.9955906271934509,
    "q001": -0.40773849219083785,
    "q01": -0.24830281734466553,
    "q99": 0.25340774357318907,
    "q999": 0.4086835382878719
  },
  "w_lora_q": {
    "numel": 65536,
    "mean": 0.0013560298830270767,
    "std": 0.09589635580778122,
    "abs_max": 0.9955906271934509,
    "min": -0.6552188992500305,
    "max": 0.9955906271934509,
    "q001": -0.4073691527545452,
    "q01": -0.24850472956895828,
    "q99": 0.2534634709358216,
    "q999": 0.40879110455512396
  },
  "residual": {
    "mean": -3.303939138277201e-06,
    "std": 0.0008141715079545975,
    "abs_max": 0.003914579749107361,
    "MAE": 0.0006627452094107866,
    "RMSE": 0.0008141782600432634,
    "rel_L2": 0.008489402958107416,
    "zero_ratio": 0.0015106201171875
  },
  "ks_distance": 0.00634765625
}