{
  "idx": 127,
  "layer_name": "model.output_blocks.11.1.out_layers.3",
  "w_lora": {
    "numel": 147456,
    "mean": -0.001955307088792324,
    "std": 0.09427645057439804,
    "abs_max": 1.6146106719970703,
    "min": -1.6146106719970703,
    "max": 0.8594681024551392,
    "q001": -0.4225481626391411,
    "q01": -0.2565148398280144,
    "q99": 0.23867937549948698,
    "q999": 0.38141303479671723
  },
  "w_lora_q": {
    "numel": 147456,
    "mean": -0.0019535969477146864,
    "std": 0.09428790211677551,
    "abs_max": 1.6146106719970703,
    "min": -1.6146106719970703,
    "max": 0.8594681024551392,
    "q001": -0.4217397886514664,
    "q01": -0.25635403394699097,
    "q99": 0.23907648026943207,
    "q999": 0.3815806224942271
  },
  "residual": {
    "mean": 1.7106447103287792e-06,
    "std": 0.0012708180584013462,
    "abs_max": 0.0063551850616931915,
    "MAE": 0.0010205099824815989,
    "RMSE": 0.0012708192225545645,
    "rel_L2": 0.013476813486847858,
    "zero_ratio": 0.0008680555555555555
  },
  "ks_distance": 0.011240000000000028
}