{
  "idx": 128,
  "layer_name": "model.output_blocks.12.0.in_layers.2",
  "w_lora": {
    "numel": 294912,
    "mean": -0.0023249201476573944,
    "std": 0.08102550357580185,
    "abs_max": 1.935058832168579,
    "min": -1.935058832168579,
    "max": 0.9660207629203796,
    "q001": -0.4407520759701729,
    "q01": -0.23198857307434081,
    "q99": 0.20089870348572753,
    "q999": 0.32857933798432226
  },
  "w_lora_q": {
    "numel": 294912,
    "mean": -0.0023223459720611572,
    "std": 0.08104623109102249,
    "abs_max": 1.935058832168579,
    "min": -1.935058832168579,
    "max": 0.9660207629203796,
    "q001": -0.4413437550663948,
    "q01": -0.23177021190524102,
    "q99": 0.20110033452510834,
    "q999": 0.32764392465351505
  },
  "residual": {
    "mean": 2.5738481781445444e-06,
    "std": 0.0016427880618721247,
    "abs_max": 0.007616517134010792,
    "MAE": 0.0013119637733325362,
    "RMSE": 0.0016427900409325957,
    "rel_L2": 0.02026663655917836,
    "zero_ratio": 0.00043402777777777775
  },
  "ks_distance": 0.01861999999999997
}