{
  "idx": 129,
  "layer_name": "model.output_blocks.12.0.emb_layers.1",
  "w_lora": {
    "numel": 131072,
    "mean": -0.0008205490885302424,
    "std": 0.05355118587613106,
    "abs_max": 0.6537101864814758,
    "min": -0.49998563528060913,
    "max": 0.6537101864814758,
    "q001": -0.21927245163917541,
    "q01": -0.13754193142056464,
    "q99": 0.1357524871826168,
    "q999": 0.20767484979331607
  },
  "w_lora_q": {
    "numel": 131072,
    "mean": -0.000821141991764307,
    "std": 0.053553108125925064,
    "abs_max": 0.6537101864814758,
    "min": -0.49998563528060913,
    "max": 0.6537101864814758,
    "q001": -0.21922526401281356,
    "q01": -0.13756278157234192,
    "q99": 0.13559075087308864,
    "q999": 0.20764346836507422
  },
  "residual": {
    "mean": -5.928613973082975e-07,
    "std": 0.00045412068720906973,
    "abs_max": 0.0025593265891075134,
    "MAE": 0.00036320657818578184,
    "RMSE": 0.00045412106555886567,
    "rel_L2": 0.008479135664264743,
    "zero_ratio": 0.00030517578125
  },
  "ks_distance": 0.006059999999999954
}