{
  "idx": 130,
  "layer_name": "model.output_blocks.12.0.cond_emb_layers.1",
  "w_lora": {
    "numel": 65536,
    "mean": 0.005881751887500286,
    "std": 0.09507443010807037,
    "abs_max": 0.6736382842063904,
    "min": -0.6371212601661682,
    "max": 0.6736382842063904,
    "q001": -0.40079479485750197,
    "q01": -0.24165355861186982,
    "q99": 0.25074681639671353,
    "q999": 0.37816643446683534
  },
  "w_lora_q": {
    "numel": 65536,
    "mean": 0.005885014776140451,
    "std": 0.09507866203784943,
    "abs_max": 0.6736382842063904,
    "min": -0.6371212601661682,
    "max": 0.6736382842063904,
    "q001": -0.4007401466369629,
    "q01": -0.24181166365742682,
    "q99": 0.25072023421526,
    "q999": 0.3775786630809293
  },
  "residual": {
    "mean": 3.263216513005318e-06,
    "std": 0.0007896246970631182,
    "abs_max": 0.0026466548442840576,
    "MAE": 0.0006561885820701718,
    "RMSE": 0.0007896314491517842,
    "rel_L2": 0.008289554852847892,
    "zero_ratio": 0.00164794921875
  },
  "ks_distance": 0.006378173828125
}