{
  "idx": 131,
  "layer_name": "model.output_blocks.12.0.out_layers.3",
  "w_lora": {
    "numel": 147456,
    "mean": -0.0005267784581519663,
    "std": 0.07545315474271774,
    "abs_max": 3.5195372104644775,
    "min": -3.5195372104644775,
    "max": 1.4681123495101929,
    "q001": -0.4043930681049824,
    "q01": -0.21287168934941292,
    "q99": 0.202461162209511,
    "q999": 0.37581784918904426
  },
  "w_lora_q": {
    "numel": 147456,
    "mean": -0.0005204965709708631,
    "std": 0.07547101378440857,
    "abs_max": 3.5195372104644775,
    "min": -3.5195372104644775,
    "max": 1.4681123495101929,
    "q001": -0.40375471487641335,
    "q01": -0.21279771775007247,
    "q99": 0.20235090926289598,
    "q999": 0.3760884940624313
  },
  "residual": {
    "mean": 6.281917194428388e-06,
    "std": 0.001607658457942307,
    "abs_max": 0.013853704556822777,
    "MAE": 0.0011266042711213231,
    "RMSE": 0.0016076709143817425,
    "rel_L2": 0.02130635299083404,
    "zero_ratio": 0.0008680555555555555
  },
  "ks_distance": 0.023280000000000023
}