{
  "idx": 132,
  "layer_name": "model.output_blocks.13.0.in_layers.2",
  "w_lora": {
    "numel": 294912,
    "mean": -0.0009102088515646756,
    "std": 0.07973019033670425,
    "abs_max": 1.6715880632400513,
    "min": -1.6715880632400513,
    "max": 1.175818681716919,
    "q001": -0.46980901119112967,
    "q01": -0.22745991006493568,
    "q99": 0.21377650558948522,
    "q999": 0.39776432648300447
  },
  "w_lora_q": {
    "numel": 294912,
    "mean": -0.0009109738166444004,
    "std": 0.07975254207849503,
    "abs_max": 1.6715880632400513,
    "min": -1.6715880632400513,
    "max": 1.175818681716919,
    "q001": -0.46988058704137803,
    "q01": -0.2275374801456928,
    "q99": 0.21333574146032339,
    "q999": 0.3981218807995295
  },
  "residual": {
    "mean": -7.648031896678731e-07,
    "std": 0.0017169286729767919,
    "abs_max": 0.006579031236469746,
    "MAE": 0.001387628959491849,
    "RMSE": 0.0017169289058074355,
    "rel_L2": 0.02153283300437791,
    "zero_ratio": 0.00043402777777777775
  },
  "ks_distance": 0.023299999999999987
}