{
  "idx": 133,
  "layer_name": "model.output_blocks.13.0.emb_layers.1",
  "w_lora": {
    "numel": 131072,
    "mean": 5.955931555945426e-06,
    "std": 0.04889625310897827,
    "abs_max": 0.601791501045227,
    "min": -0.601791501045227,
    "max": 0.5013495683670044,
    "q001": -0.19565913510322572,
    "q01": -0.12483418568968772,
    "q99": 0.1318031127750871,
    "q999": 0.21462041245401
  },
  "w_lora_q": {
    "numel": 131072,
    "mean": 6.478163413703442e-06,
    "std": 0.04889832064509392,
    "abs_max": 0.601791501045227,
    "min": -0.601791501045227,
    "max": 0.5013495683670044,
    "q001": -0.19645706413686276,
    "q01": -0.12495273649692536,
    "q99": 0.1319712062180042,
    "q999": 0.2140440710932036
  },
  "residual": {
    "mean": 5.221788228482183e-07,
    "std": 0.0004313549434300512,
    "abs_max": 0.002365194261074066,
    "MAE": 0.00034353756927885115,
    "RMSE": 0.0004313552926760167,
    "rel_L2": 0.008821846411726944,
    "zero_ratio": 0.00025177001953125
  },
  "ks_distance": 0.007029999999999981
}