{
  "idx": 134,
  "layer_name": "model.output_blocks.13.0.cond_emb_layers.1",
  "w_lora": {
    "numel": 65536,
    "mean": 0.004106756299734116,
    "std": 0.08221762627363205,
    "abs_max": 0.6857870221138,
    "min": -0.6857870221138,
    "max": 0.5926397442817688,
    "q001": -0.3395770852267742,
    "q01": -0.20904988646507264,
    "q99": 0.2278934545814991,
    "q999": 0.35816447839140314
  },
  "w_lora_q": {
    "numel": 65536,
    "mean": 0.004107386339455843,
    "std": 0.08222157508134842,
    "abs_max": 0.6857870221138,
    "min": -0.6857870221138,
    "max": 0.5926397442817688,
    "q001": -0.3392924010753632,
    "q01": -0.20983992591500283,
    "q99": 0.2282201267778876,
    "q999": 0.35685768753289826
  },
  "residual": {
    "mean": 6.298914740909822e-07,
    "std": 0.0007512611337006092,
    "abs_max": 0.0026895254850387573,
    "MAE": 0.0006129858084022999,
    "RMSE": 0.0007512613665312529,
    "rel_L2": 0.009126096864868828,
    "zero_ratio": 0.0013427734375
  },
  "ks_distance": 0.00726318359375
}