{
  "idx": 135,
  "layer_name": "model.output_blocks.13.0.out_layers.3",
  "w_lora": {
    "numel": 147456,
    "mean": -0.0005000888486392796,
    "std": 0.09518349170684814,
    "abs_max": 2.49249529838562,
    "min": -2.49249529838562,
    "max": 2.3725781440734863,
    "q001": -0.5037171703577041,
    "q01": -0.26924254894256594,
    "q99": 0.2632319465279579,
    "q999": 0.488622687160976
  },
  "w_lora_q": {
    "numel": 147456,
    "mean": -0.0005036710645072162,
    "std": 0.0951995849609375,
    "abs_max": 2.49249529838562,
    "min": -2.49249529838562,
    "max": 2.374739646911621,
    "q001": -0.503048335313797,
    "q01": -0.2695325672626495,
    "q99": 0.2633738532662397,
    "q999": 0.48973655804993826
  },
  "residual": {
    "mean": -3.5822749850922264e-06,
    "std": 0.0016998936189338565,
    "abs_max": 0.009798675775527954,
    "MAE": 0.0013153237523511052,
    "RMSE": 0.001699897344224155,
    "rel_L2": 0.017858914758333587,
    "zero_ratio": 0.0008680555555555555
  },
  "ks_distance": 0.021809999999999996
}