{
  "idx": 136,
  "layer_name": "model.output_blocks.14.0.in_layers.2",
  "w_lora": {
    "numel": 294912,
    "mean": -0.0003170423733536154,
    "std": 0.07243930548429489,
    "abs_max": 1.1735585927963257,
    "min": -1.1158195734024048,
    "max": 1.1735585927963257,
    "q001": -0.3724563749730587,
    "q01": -0.20339319333434105,
    "q99": 0.20039541438222006,
    "q999": 0.36748385322093774
  },
  "w_lora_q": {
    "numel": 294912,
    "mean": -0.0003174841986037791,
    "std": 0.07244586944580078,
    "abs_max": 1.1735585927963257,
    "min": -1.1158195734024048,
    "max": 1.1735585927963257,
    "q001": -0.3721938357651234,
    "q01": -0.2033960074186325,
    "q99": 0.20039111375808716,
    "q999": 0.3674601521492
  },
  "residual": {
    "mean": -4.4183590830471076e-07,
    "std": 0.0012117080623283982,
    "abs_max": 0.004619769752025604,
    "MAE": 0.000997848343104124,
    "RMSE": 0.00121170817874372,
    "rel_L2": 0.016727062247097288,
    "zero_ratio": 0.00042724609375
  },
  "ks_distance": 0.01606000000000002
}