{
  "idx": 137,
  "layer_name": "model.output_blocks.14.0.emb_layers.1",
  "w_lora": {
    "numel": 131072,
    "mean": -0.00025000207824632525,
    "std": 0.04696916043758392,
    "abs_max": 0.9625040888786316,
    "min": -0.7104029059410095,
    "max": 0.9625040888786316,
    "q001": -0.2409017568975687,
    "q01": -0.12685959324240684,
    "q99": 0.12833794921636568,
    "q999": 0.27894909462332806
  },
  "w_lora_q": {
    "numel": 131072,
    "mean": -0.00025054579600691795,
    "std": 0.0469721183180809,
    "abs_max": 0.9625040888786316,
    "min": -0.7104029059410095,
    "max": 0.9625040888786316,
    "q001": -0.24049918034672738,
    "q01": -0.12689881056547164,
    "q99": 0.12865564227104187,
    "q999": 0.2803628650009659
  },
  "residual": {
    "mean": -5.437457843981974e-07,
    "std": 0.000572043121792376,
    "abs_max": 0.003782861866056919,
    "MAE": 0.0004208096652291715,
    "RMSE": 0.0005720434128306806,
    "rel_L2": 0.012178954311784887,
    "zero_ratio": 0.00046539306640625
  },
  "ks_distance": 0.010079999999999978
}