{
  "idx": 138,
  "layer_name": "model.output_blocks.14.0.cond_emb_layers.1",
  "w_lora": {
    "numel": 65536,
    "mean": -0.0025369555223733187,
    "std": 0.07115652412176132,
    "abs_max": 1.0914769172668457,
    "min": -0.8080998659133911,
    "max": 1.0914769172668457,
    "q001": -0.32666081070899966,
    "q01": -0.17735164910554885,
    "q99": 0.19595425054430976,
    "q999": 0.40752724274992647
  },
  "w_lora_q": {
    "numel": 65536,
    "mean": -0.0025390400551259518,
    "std": 0.07116355001926422,
    "abs_max": 1.0914769172668457,
    "min": -0.8080998659133911,
    "max": 1.0914769172668457,
    "q001": -0.3265836536884308,
    "q01": -0.17754828929901123,
    "q99": 0.19572918340563808,
    "q999": 0.405813571512685
  },
  "residual": {
    "mean": -2.0845864128204994e-06,
    "std": 0.0007329061045311391,
    "abs_max": 0.004269510507583618,
    "MAE": 0.0005601159064099193,
    "RMSE": 0.0007329091313295066,
    "rel_L2": 0.01029341685427825,
    "zero_ratio": 0.0009765625
  },
  "ks_distance": 0.00775146484375
}