{
  "idx": 139,
  "layer_name": "model.output_blocks.14.0.out_layers.3",
  "w_lora": {
    "numel": 147456,
    "mean": -0.001334985252469778,
    "std": 0.10181763768196106,
    "abs_max": 1.0286612510681152,
    "min": -0.9980140924453735,
    "max": 1.0286612510681152,
    "q001": -0.5056992709636688,
    "q01": -0.28517892062664035,
    "q99": 0.282059694826604,
    "q999": 0.4883488470315941
  },
  "w_lora_q": {
    "numel": 147456,
    "mean": -0.0013314797542989254,
    "std": 0.10182100534439087,
    "abs_max": 1.0286612510681152,
    "min": -0.9980140924453735,
    "max": 1.0286612510681152,
    "q001": -0.5040891271829605,
    "q01": -0.2843693345785141,
    "q99": 0.282567754387856,
    "q999": 0.4877492237091096
  },
  "residual": {
    "mean": 3.505479071463924e-06,
    "std": 0.0012470531510189176,
    "abs_max": 0.004049479961395264,
    "MAE": 0.0010256771929562092,
    "RMSE": 0.001247058273293078,
    "rel_L2": 0.01224690655402213,
    "zero_ratio": 0.0008544921875
  },
  "ks_distance": 0.01365999999999995
}