{
  "meta": {
    "T": 100
  },
  "by_t": {
    "0": {
      "count": 128,
      "l1": 0.03305086866021156,
      "l2": 0.05429408140480518,
      "cosine": 0.9940093606710434
    },
    "1": {
      "count": 128,
      "l1": 0.03307991288602352,
      "l2": 0.05435262434184551,
      "cosine": 0.9939939081668854
    },
    "2": {
      "count": 128,
      "l1": 0.03312661638483405,
      "l2": 0.05445432662963867,
      "cosine": 0.9939649701118469
    },
    "3": {
      "count": 128,
      "l1": 0.03312526037916541,
      "l2": 0.05452241376042366,
      "cosine": 0.9939416646957397
    },
    "4": {
      "count": 128,
      "l1": 0.033185433596372604,
      "l2": 0.05461773183196783,
      "cosine": 0.9939141124486923
    },
    "5": {
      "count": 128,
      "l1": 0.03316560573875904,
      "l2": 0.05463803745806217,
      "cosine": 0.9939001053571701
    },
    "6": {
      "count": 128,
      "l1": 0.03315361589193344,
      "l2": 0.05466142762452364,
      "cosine": 0.9938862025737762
    },
    "7": {
      "count": 128,
      "l1": 0.03307946491986513,
      "l2": 0.05462245084345341,
      "cosine": 0.9938856810331345
    },
    "8": {
      "count": 128,
      "l1": 0.033004924189299345,
      "l2": 0.05458151176571846,
      "cosine": 0.9938804358243942
    },
    "9": {
      "count": 128,
      "l1": 0.03297526482492685,
      "l2": 0.05457853153347969,
      "cosine": 0.9938735514879227
    },
    "10": {
      "count": 128,
      "l1": 0.03295939601957798,
      "l2": 0.054533638060092926,
      "cosine": 0.9938748180866241
    },
    "11": {
      "count": 128,
      "l1": 0.03277728194370866,
      "l2": 0.054367197677493095,
      "cosine": 0.9939013719558716
    },
    "12": {
      "count": 128,
      "l1": 0.03292300971224904,
      "l2": 0.05441047716885805,
      "cosine": 0.9938839972019196
    },
    "13": {
      "count": 128,
      "l1": 0.03293820424005389,
      "l2": 0.05439338739961386,
      "cosine": 0.9938840866088867
    },
    "14": {
      "count": 128,
      "l1": 0.032951310742646456,
      "l2": 0.05436790268868208,
      "cosine": 0.9938793033361435
    },
    "15": {
      "count": 128,
      "l1": 0.0329021611250937,
      "l2": 0.05428200960159302,
      "cosine": 0.9938793182373047
    },
    "16": {
      "count": 128,
      "l1": 0.03258723020553589,
      "l2": 0.053958416916429996,
      "cosine": 0.993935838341713
    },
    "17": {
      "count": 128,
      "l1": 0.03250388940796256,
      "l2": 0.05380874592810869,
      "cosine": 0.993964433670044
    },
    "18": {
      "count": 128,
      "l1": 0.03253157576546073,
      "l2": 0.05372913833707571,
      "cosine": 0.9939781427383423
    },
    "19": {
      "count": 128,
      "l1": 0.03257378377020359,
      "l2": 0.053635766729712486,
      "cosine": 0.9939913302659988
    },
    "20": {
      "count": 128,
      "l1": 0.03242599032819271,
      "l2": 0.053436785005033016,
      "cosine": 0.9940268695354462
    },
    "21": {
      "count": 128,
      "l1": 0.03227467555552721,
      "l2": 0.053210632875561714,
      "cosine": 0.9940779358148575
    },
    "22": {
      "count": 128,
      "l1": 0.03204275108873844,
      "l2": 0.05289692152291536,
      "cosine": 0.9941392838954926
    },
    "23": {
      "count": 128,
      "l1": 0.032047813292592764,
      "l2": 0.05281380098313093,
      "cosine": 0.994166374206543
    },
    "24": {
      "count": 128,
      "l1": 0.03203208837658167,
      "l2": 0.052579124458134174,
      "cosine": 0.9942222535610199
    },
    "25": {
      "count": 128,
      "l1": 0.032158056274056435,
      "l2": 0.05254300497472286,
      "cosine": 0.9942139536142349
    },
    "26": {
      "count": 128,
      "l1": 0.03208035649731755,
      "l2": 0.05229128524661064,
      "cosine": 0.9942380487918854
    },
    "27": {
      "count": 128,
      "l1": 0.03200651053339243,
      "l2": 0.052102833054959774,
      "cosine": 0.9943145662546158
    },
    "28": {
      "count": 128,
      "l1": 0.03235579142346978,
      "l2": 0.052283178083598614,
      "cosine": 0.9942884147167206
    },
    "29": {
      "count": 128,
      "l1": 0.03217603079974651,
      "l2": 0.05188428703695536,
      "cosine": 0.9943639039993286
    },
    "30": {
      "count": 128,
      "l1": 0.03232712019234896,
      "l2": 0.05191433522850275,
      "cosine": 0.9943947196006775
    },
    "31": {
      "count": 128,
      "l1": 0.03213402349501848,
      "l2": 0.05151492636650801,
      "cosine": 0.9944271892309189
    },
    "32": {
      "count": 128,
      "l1": 0.03219459066167474,
      "l2": 0.05138455331325531,
      "cosine": 0.9944802075624466
    },
    "33": {
      "count": 128,
      "l1": 0.03189655253663659,
      "l2": 0.0509957168251276,
      "cosine": 0.9945385903120041
    },
    "34": {
      "count": 128,
      "l1": 0.03212349768728018,
      "l2": 0.05099291913211346,
      "cosine": 0.9945663213729858
    },
    "35": {
      "count": 128,
      "l1": 0.032383184880018234,
      "l2": 0.051005227491259575,
      "cosine": 0.9945527762174606
    },
    "36": {
      "count": 128,
      "l1": 0.03283487260341644,
      "l2": 0.051161603070795536,
      "cosine": 0.9945908933877945
    },
    "37": {
      "count": 128,
      "l1": 0.032049051485955715,
      "l2": 0.05032325256615877,
      "cosine": 0.9946670383214951
    },
    "38": {
      "count": 128,
      "l1": 0.03246710868552327,
      "l2": 0.050452696159482,
      "cosine": 0.9946890473365784
    },
    "39": {
      "count": 128,
      "l1": 0.03193844761699438,
      "l2": 0.049799155443906784,
      "cosine": 0.9948324859142303
    },
    "40": {
      "count": 128,
      "l1": 0.03397452551871538,
      "l2": 0.05123630538582802,
      "cosine": 0.9946205914020538
    },
    "41": {
      "count": 128,
      "l1": 0.03278840985149145,
      "l2": 0.05016383621841669,
      "cosine": 0.9947474002838135
    },
    "42": {
      "count": 128,
      "l1": 0.0321866306476295,
      "l2": 0.049289836548268795,
      "cosine": 0.9949826151132584
    },
    "43": {
      "count": 128,
      "l1": 0.03252100292593241,
      "l2": 0.04951011389493942,
      "cosine": 0.9949018806219101
    },
    "44": {
      "count": 128,
      "l1": 0.03159367339685559,
      "l2": 0.048578825779259205,
      "cosine": 0.9950483590364456
    },
    "45": {
      "count": 128,
      "l1": 0.03377373889088631,
      "l2": 0.0501581821590662,
      "cosine": 0.9949441254138947
    },
    "46": {
      "count": 128,
      "l1": 0.03356626257300377,
      "l2": 0.04991473164409399,
      "cosine": 0.9948915243148804
    },
    "47": {
      "count": 128,
      "l1": 0.033751318231225014,
      "l2": 0.0496148020029068,
      "cosine": 0.9950139373540878
    },
    "48": {
      "count": 128,
      "l1": 0.033970204181969166,
      "l2": 0.04977242276072502,
      "cosine": 0.9949191361665726
    },
    "49": {
      "count": 128,
      "l1": 0.03366055525839329,
      "l2": 0.049431212246418,
      "cosine": 0.9949830025434494
    },
    "50": {
      "count": 128,
      "l1": 0.033985087648034096,
      "l2": 0.049409084022045135,
      "cosine": 0.9949522763490677
    },
    "51": {
      "count": 128,
      "l1": 0.03398910537362099,
      "l2": 0.04942615982145071,
      "cosine": 0.9949347227811813
    },
    "52": {
      "count": 128,
      "l1": 0.03349933959543705,
      "l2": 0.04876952804625034,
      "cosine": 0.9949989914894104
    },
    "53": {
      "count": 128,
      "l1": 0.033977038227021694,
      "l2": 0.049179756082594395,
      "cosine": 0.994910791516304
    },
    "54": {
      "count": 128,
      "l1": 0.03537602536380291,
      "l2": 0.05031030252575874,
      "cosine": 0.9946489334106445
    },
    "55": {
      "count": 128,
      "l1": 0.03400593902915716,
      "l2": 0.04891311191022396,
      "cosine": 0.9949490129947662
    },
    "56": {
      "count": 128,
      "l1": 0.03636001329869032,
      "l2": 0.05126552749425173,