{
  "meta": {
    "T": 100
  },
  "by_t": {
    "0": {
      "count": 128,
      "l1": 0.0038876909529790282,
      "l2": 0.006143489037640393,
      "cosine": 0.9999208152294159
    },
    "1": {
      "count": 128,
      "l1": 0.003915499954018742,
      "l2": 0.006171629531309009,
      "cosine": 0.9999201893806458
    },
    "2": {
      "count": 128,
      "l1": 0.003941264876630157,
      "l2": 0.006205273210071027,
      "cosine": 0.9999192506074905
    },
    "3": {
      "count": 128,
      "l1": 0.0039635528228245676,
      "l2": 0.006235081353224814,
      "cosine": 0.9999183565378189
    },
    "4": {
      "count": 128,
      "l1": 0.003980271401815116,
      "l2": 0.006257671630010009,
      "cosine": 0.999917671084404
    },
    "5": {
      "count": 128,
      "l1": 0.004002783563919365,
      "l2": 0.006281185313127935,
      "cosine": 0.9999169707298279
    },
    "6": {
      "count": 128,
      "l1": 0.004028173396363854,
      "l2": 0.006314538419246674,
      "cosine": 0.9999159723520279
    },
    "7": {
      "count": 128,
      "l1": 0.004042172047775239,
      "l2": 0.006332373828627169,
      "cosine": 0.9999153763055801
    },
    "8": {
      "count": 128,
      "l1": 0.004065347951836884,
      "l2": 0.006356793339364231,
      "cosine": 0.9999146461486816
    },
    "9": {
      "count": 128,
      "l1": 0.0040955375880002975,
      "l2": 0.006385704502463341,
      "cosine": 0.9999138414859772
    },
    "10": {
      "count": 128,
      "l1": 0.004117167554795742,
      "l2": 0.006407062872312963,
      "cosine": 0.9999133199453354
    },
    "11": {
      "count": 128,
      "l1": 0.004144091275520623,
      "l2": 0.0064317898359149694,
      "cosine": 0.9999125003814697
    },
    "12": {
      "count": 128,
      "l1": 0.004169838270172477,
      "l2": 0.006450589280575514,
      "cosine": 0.9999118894338608
    },
    "13": {
      "count": 128,
      "l1": 0.0042095978278666735,
      "l2": 0.0064857108518481255,
      "cosine": 0.9999111294746399
    },
    "14": {
      "count": 128,
      "l1": 0.004241321119479835,
      "l2": 0.006522687501274049,
      "cosine": 0.9999098181724548
    },
    "15": {
      "count": 128,
      "l1": 0.004241223447024822,
      "l2": 0.006524455500766635,
      "cosine": 0.9999097734689713
    },
    "16": {
      "count": 128,
      "l1": 0.004280869383364916,
      "l2": 0.006544466712512076,
      "cosine": 0.9999089390039444
    },
    "17": {
      "count": 128,
      "l1": 0.0043143886141479015,
      "l2": 0.006577996537089348,
      "cosine": 0.9999081939458847
    },
    "18": {
      "count": 128,
      "l1": 0.004350914037786424,
      "l2": 0.006603768561035395,
      "cosine": 0.9999076575040817
    },
    "19": {
      "count": 128,
      "l1": 0.0043866802006959915,
      "l2": 0.006623968598432839,
      "cosine": 0.9999073296785355
    },
    "20": {
      "count": 128,
      "l1": 0.0044257924892008305,
      "l2": 0.0066520130494609475,
      "cosine": 0.9999063462018967
    },
    "21": {
      "count": 128,
      "l1": 0.004459069226868451,
      "l2": 0.006681041792035103,
      "cosine": 0.9999061673879623
    },
    "22": {
      "count": 128,
      "l1": 0.004532154533080757,
      "l2": 0.006744267069734633,
      "cosine": 0.9999045729637146
    },
    "23": {
      "count": 128,
      "l1": 0.004570910125039518,
      "l2": 0.006798471789807081,
      "cosine": 0.9999037384986877
    },
    "24": {
      "count": 128,
      "l1": 0.004634001641534269,
      "l2": 0.006826821598224342,
      "cosine": 0.9999032318592072
    },
    "25": {
      "count": 128,
      "l1": 0.004680009209550917,
      "l2": 0.006896148202940822,
      "cosine": 0.9999011009931564
    },
    "26": {
      "count": 128,
      "l1": 0.004708038875833154,
      "l2": 0.006896925857290626,
      "cosine": 0.9999003261327744
    },
    "27": {
      "count": 128,
      "l1": 0.004823890165425837,
      "l2": 0.00699636188801378,
      "cosine": 0.9998985677957535
    },
    "28": {
      "count": 128,
      "l1": 0.004851199220865965,
      "l2": 0.007042373064905405,
      "cosine": 0.9998974800109863
    },
    "29": {
      "count": 128,
      "l1": 0.004900521016679704,
      "l2": 0.007097603869624436,
      "cosine": 0.9998962879180908
    },
    "30": {
      "count": 128,
      "l1": 0.004957278724759817,
      "l2": 0.00714979984331876,
      "cosine": 0.9998956620693207
    },
    "31": {
      "count": 128,
      "l1": 0.005022372817620635,
      "l2": 0.007206666516140103,
      "cosine": 0.9998937696218491
    },
    "32": {
      "count": 128,
      "l1": 0.005076162633486092,
      "l2": 0.007246584282256663,
      "cosine": 0.9998927563428879
    },
    "33": {
      "count": 128,
      "l1": 0.005174105521291494,
      "l2": 0.007364775752648711,
      "cosine": 0.9998891949653625
    },
    "34": {
      "count": 128,
      "l1": 0.005295971524901688,
      "l2": 0.007498130900785327,
      "cosine": 0.9998857080936432
    },
    "35": {
      "count": 128,
      "l1": 0.005310808657668531,
      "l2": 0.007494575227610767,
      "cosine": 0.9998857080936432
    },
    "36": {
      "count": 128,
      "l1": 0.005381920840591192,
      "l2": 0.007579670171253383,
      "cosine": 0.9998837411403656
    },
    "37": {
      "count": 128,
      "l1": 0.005473514553159475,
      "l2": 0.007687735371291637,
      "cosine": 0.9998792260885239
    },
    "38": {
      "count": 128,
      "l1": 0.0055608764523640275,
      "l2": 0.007756651844829321,
      "cosine": 0.9998779594898224
    },
    "39": {
      "count": 128,
      "l1": 0.0056417270097881556,
      "l2": 0.007867257110774517,
      "cosine": 0.9998756349086761
    },
    "40": {
      "count": 128,
      "l1": 0.0057678623124957085,
      "l2": 0.007987127406522632,
      "cosine": 0.9998715966939926
    },
    "41": {
      "count": 128,
      "l1": 0.005868767853826284,
      "l2": 0.008098783669993281,
      "cosine": 0.999866709113121
    },
    "42": {
      "count": 128,
      "l1": 0.0059635547222569585,
      "l2": 0.008192101144231856,
      "cosine": 0.9998656213283539
    },
    "43": {
      "count": 128,
      "l1": 0.006113406619988382,
      "l2": 0.008352919947355986,
      "cosine": 0.9998600780963898
    },
    "44": {
      "count": 128,
      "l1": 0.006238975329324603,
      "l2": 0.008495810441672802,
      "cosine": 0.9998557865619659
    },
    "45": {
      "count": 128,
      "l1": 0.006372191826812923,
      "l2": 0.008693470852449536,
      "cosine": 0.9998501539230347
    },
    "46": {
      "count": 128,
      "l1": 0.0065225750440731645,
      "l2": 0.008805475197732449,
      "cosine": 0.9998457878828049
    },
    "47": {
      "count": 128,
      "l1": 0.006601358414627612,
      "l2": 0.008917405270040035,
      "cosine": 0.9998411387205124
    },
    "48": {
      "count": 128,
      "l1": 0.006735177361406386,
      "l2": 0.009035686496645212,
      "cosine": 0.9998362809419632
    },
    "49": {
      "count": 128,
      "l1": 0.006870846846140921,
      "l2": 0.009194642072543502,
      "cosine": 0.9998297691345215
    },
    "50": {
      "count": 128,
      "l1": 0.007068283041007817,
      "l2": 0.009414295433089137,
      "cosine": 0.999821349978447
    },
    "51": {
      "count": 128,
      "l1": 0.0072608558693900704,
      "l2": 0.009661720832809806,
      "cosine": 0.9998112171888351
    },
    "52": {
      "count": 128,
      "l1": 0.007465109345503151,
      "l2": 0.009913752553984523,
      "cosine": 0.9997996985912323
    },
    "53": {
      "count": 128,
      "l1": 0.007699773646891117,
      "l2": 0.01016507507301867,
      "cosine": 0.9997915178537369
    },
    "54": {
      "count": 128,
      "l1": 0.007875571609474719,
      "l2": 0.010398823069408536,
      "cosine": 0.9997768402099609
    },
    "55": {
      "count": 128,
      "l1": 0.008109311806038022,
      "l2": 0.010648170253261924,
      "cosine": 0.9997686147689819
    },