{
  "meta": {
    "mode": "TT",
    "T": 100
  },
  "by_t": {
    "0": {
      "count": 128,
      "l1": 0.0,
      "l2": 9.999999974752427e-07,
      "cosine": 1.0
    },
    "1": {
      "count": 128,
      "l1": 0.002338470541872084,
      "l2": 0.0030060725403018296,
      "cosine": 0.9999822378158569
    },
    "2": {
      "count": 128,
      "l1": 0.004603552049957216,
      "l2": 0.006086720968596637,
      "cosine": 0.9999264031648636
    },
    "3": {
      "count": 128,
      "l1": 0.006481511518359184,
      "l2": 0.008708651410415769,
      "cosine": 0.9998485743999481
    },
    "4": {
      "count": 128,
      "l1": 0.008334385231137276,
      "l2": 0.011308880988508463,
      "cosine": 0.9997438788414001
    },
    "5": {
      "count": 128,
      "l1": 0.009955369867384434,
      "l2": 0.013616975862532854,
      "cosine": 0.999628096818924
    },
    "6": {
      "count": 128,
      "l1": 0.011465865885838866,
      "l2": 0.015781277790665627,
      "cosine": 0.9994994550943375
    },
    "7": {
      "count": 128,
      "l1": 0.012851560954004526,
      "l2": 0.017770465929061174,
      "cosine": 0.9993641227483749
    },
    "8": {
      "count": 128,
      "l1": 0.014168234076350927,
      "l2": 0.019641223829239607,
      "cosine": 0.9992228150367737
    },
    "9": {
      "count": 128,
      "l1": 0.015605652006343007,
      "l2": 0.02171944547444582,
      "cosine": 0.9990477561950684
    },
    "10": {
      "count": 128,
      "l1": 0.016943701542913914,
      "l2": 0.02365231979638338,
      "cosine": 0.9988691955804825
    },
    "11": {
      "count": 128,
      "l1": 0.01791054615750909,
      "l2": 0.02504471456632018,
      "cosine": 0.9987314194440842
    },
    "12": {
      "count": 128,
      "l1": 0.019533216021955013,
      "l2": 0.02731559192761779,
      "cosine": 0.9984904080629349
    },
    "13": {
      "count": 128,
      "l1": 0.02053996780887246,
      "l2": 0.028819426894187927,
      "cosine": 0.9983153492212296
    },
    "14": {
      "count": 128,
      "l1": 0.02192140556871891,
      "l2": 0.0307842418551445,
      "cosine": 0.9980766624212265
    },
    "15": {
      "count": 128,
      "l1": 0.022874596994370222,
      "l2": 0.03220857307314873,
      "cosine": 0.9978948682546616
    },
    "16": {
      "count": 128,
      "l1": 0.023757272865623236,
      "l2": 0.03342123795300722,
      "cosine": 0.9977346807718277
    },
    "17": {
      "count": 128,
      "l1": 0.024791606701910496,
      "l2": 0.03499547112733126,
      "cosine": 0.997511550784111
    },
    "18": {
      "count": 128,
      "l1": 0.02584768133237958,
      "l2": 0.036529891192913055,
      "cosine": 0.9972839653491974
    },
    "19": {
      "count": 128,
      "l1": 0.027031947392970324,
      "l2": 0.038302214816212654,
      "cosine": 0.9970124363899231
    },
    "20": {
      "count": 128,
      "l1": 0.027962316758930683,
      "l2": 0.039667731150984764,
      "cosine": 0.9967937618494034
    },
    "21": {
      "count": 128,
      "l1": 0.028783315792679787,
      "l2": 0.040935683995485306,
      "cosine": 0.9965790808200836
    },
    "22": {
      "count": 128,
      "l1": 0.02962501160800457,
      "l2": 0.04218468442559242,
      "cosine": 0.996361717581749
    },
    "23": {
      "count": 128,
      "l1": 0.03065242525190115,
      "l2": 0.04372154548764229,
      "cosine": 0.9960860013961792
    },
    "24": {
      "count": 128,
      "l1": 0.03145108092576265,
      "l2": 0.04494548588991165,
      "cosine": 0.9958592653274536
    },
    "25": {
      "count": 128,
      "l1": 0.03272158093750477,
      "l2": 0.04674097243696451,
      "cosine": 0.9955232739448547
    },
    "26": {
      "count": 128,
      "l1": 0.03373276814818382,
      "l2": 0.04813466873019934,
      "cosine": 0.9952645599842072
    },
    "27": {
      "count": 128,
      "l1": 0.03452283702790737,
      "l2": 0.04947966057807207,
      "cosine": 0.9949697554111481
    },
    "28": {
      "count": 128,
      "l1": 0.035567828454077244,
      "l2": 0.0510166771709919,
      "cosine": 0.9946460276842117
    },
    "29": {
      "count": 128,
      "l1": 0.03621096909046173,
      "l2": 0.05203429330140352,
      "cosine": 0.9944301545619965
    },
    "30": {
      "count": 128,
      "l1": 0.03753581363707781,
      "l2": 0.05394470505416393,
      "cosine": 0.9940062165260315
    },
    "31": {
      "count": 128,
      "l1": 0.038237362168729305,
      "l2": 0.05500115640461445,
      "cosine": 0.9937702864408493
    },
    "32": {
      "count": 128,
      "l1": 0.03894859552383423,
      "l2": 0.05623116251081228,
      "cosine": 0.9934768825769424
    },
    "33": {
      "count": 128,
      "l1": 0.03997063636779785,
      "l2": 0.05767147708684206,
      "cosine": 0.9931408315896988
    },
    "34": {
      "count": 128,
      "l1": 0.040662411600351334,
      "l2": 0.058735309168696404,
      "cosine": 0.9928763657808304
    },
    "35": {
      "count": 128,
      "l1": 0.0420909496024251,
      "l2": 0.060829414054751396,
      "cosine": 0.9923555552959442
    },
    "36": {
      "count": 128,
      "l1": 0.04316261503845453,
      "l2": 0.06237200740724802,
      "cosine": 0.9919504523277283
    },
    "37": {
      "count": 128,
      "l1": 0.043796924874186516,
      "l2": 0.06336729973554611,
      "cosine": 0.9917001873254776
    },
    "38": {
      "count": 128,
      "l1": 0.044632927514612675,
      "l2": 0.0646112747490406,
      "cosine": 0.9913556724786758
    },
    "39": {
      "count": 128,
      "l1": 0.045472223311662674,
      "l2": 0.06598952412605286,
      "cosine": 0.9909573495388031
    },
    "40": {
      "count": 128,
      "l1": 0.04658408649265766,
      "l2": 0.0676349326968193,
      "cosine": 0.9904998987913132
    },
    "41": {
      "count": 128,
      "l1": 0.04762840270996094,
      "l2": 0.0690710823982954,
      "cosine": 0.9901053309440613
    },
    "42": {
      "count": 128,
      "l1": 0.0479507464915514,
      "l2": 0.0697666984051466,
      "cosine": 0.9898665696382523
    },
    "43": {
      "count": 128,
      "l1": 0.0497122947126627,
      "l2": 0.07223306596279144,
      "cosine": 0.9891395419836044
    },
    "44": {
      "count": 128,
      "l1": 0.0500893397256732,
      "l2": 0.07290810346603394,
      "cosine": 0.9889359176158905
    },
    "45": {
      "count": 128,
      "l1": 0.05099277105182409,
      "l2": 0.07440583035349846,
      "cosine": 0.9884330481290817
    },
    "46": {
      "count": 128,
      "l1": 0.052139041014015675,
      "l2": 0.07607279159128666,
      "cosine": 0.9879022091627121
    },
    "47": {
      "count": 128,
      "l1": 0.05266060773283243,
      "l2": 0.07701938599348068,
      "cosine": 0.9875952303409576
    },
    "48": {
      "count": 128,
      "l1": 0.05416394770145416,
      "l2": 0.07903771102428436,
      "cosine": 0.986936941742897
    },
    "49": {
      "count": 128,
      "l1": 0.054741861298680305,
      "l2": 0.07998684607446194,
      "cosine": 0.9865982234477997
    },
    "50": {
      "count": 128,
      "l1": 0.05570055451244116,
      "l2": 0.08123342134058475,
      "cosine": 0.986213356256485
    },
    "51": {
      "count": 128,
      "l1": 0.05697518680244684,
      "l2": 0.08328397572040558,
      "cosine": 0.9854665994644165
    },
    "52": {
      "count": 128,
      "l1": 0.05773677583783865,
      "l2": 0.08425180427730083,
      "cosine": 0.9851478934288025
    },
    "53": {
      "count": 128,
      "l1": 0.05867806449532509,
      "l2": 0.08572014793753624,
      "cosine": 0.9846148043870926
    },
    "54": {
      "count": 128,
      "l1": 0.060384346172213554,
      "l2": 0.08799819275736809,
      "cosine": 0.9837777018547058
    },
    "55": {
      "count": 128,
      "l1": 0.06084927264600992,
      "l2": 0.08867978304624557,
      "cosine": 0.9834696650505066
    },
    "56": {
      "count": 128,
      "l1": 0.06256792973726988,
      "l2": 0.0916388388723135,