{
  "meta": {
    "mode": "TT",
    "T": 100,
    "seed": 0,
    "num_images": 128,
    "hist_bins": 4096,
    "hist_min": -1.0,
    "hist_max": 1.0,
    "boundary_nan_policy": "first_step_or_last_step_has_no_adjacent_comparison",
    "nan_when_adjacent_count_zero": true,
    "note": "Adjacent delta compares pred_xstart at t with previous yielded timestep; the first yielded step per chunk has no neighbor.",
    "nan_explanation": "Timesteps with adjacent_count==0 have no valid adjacent comparison (boundary of the DDIM chain per chunk)."
  },
  "by_t": {
    "0": {
      "l1": 0.002338470541872084,
      "l2": 0.0030060725403018296,
      "cosine": 0.9999822378158569,
      "adjacent_count": 128
    },
    "1": {
      "l1": 0.0028193083708174527,
      "l2": 0.003767788002733141,
      "cosine": 0.9999717473983765,
      "adjacent_count": 128
    },
    "2": {
      "l1": 0.0026041590608656406,
      "l2": 0.003494782780762762,
      "cosine": 0.9999756813049316,
      "adjacent_count": 128
    },
    "3": {
      "l1": 0.0025525951059535146,
      "l2": 0.003432145807892084,
      "cosine": 0.9999764561653137,
      "adjacent_count": 128
    },
    "4": {
      "l1": 0.0024100220762193203,
      "l2": 0.003256145166233182,
      "cosine": 0.9999788999557495,
      "adjacent_count": 128
    },
    "5": {
      "l1": 0.002438095514662564,
      "l2": 0.003286555758677423,
      "cosine": 0.9999784231185913,
      "adjacent_count": 128
    },
    "6": {
      "l1": 0.0023304091300815344,
      "l2": 0.0031403927714563906,
      "cosine": 0.9999802112579346,
      "adjacent_count": 128
    },
    "7": {
      "l1": 0.0024841916747391224,
      "l2": 0.0033072023070417345,
      "cosine": 0.9999784529209137,
      "adjacent_count": 128
    },
    "8": {
      "l1": 0.0025353539385832846,
      "l2": 0.0034286854206584394,
      "cosine": 0.9999763369560242,
      "adjacent_count": 128
    },
    "9": {
      "l1": 0.0025122396764345467,
      "l2": 0.0033402914996258914,
      "cosine": 0.999977707862854,
      "adjacent_count": 128
    },
    "10": {
      "l1": 0.0026967711746692657,
      "l2": 0.0035421947832219303,
      "cosine": 0.9999750852584839,
      "adjacent_count": 128
    },
    "11": {
      "l1": 0.0034456372959539294,
      "l2": 0.004416712559759617,
      "cosine": 0.9999614059925079,
      "adjacent_count": 128
    },
    "12": {
      "l1": 0.002640710154082626,
      "l2": 0.0035266916966065764,
      "cosine": 0.9999749958515167,
      "adjacent_count": 128
    },
    "13": {
      "l1": 0.0027938366984017193,
      "l2": 0.0037170638097450137,
      "cosine": 0.9999724477529526,
      "adjacent_count": 128
    },
    "14": {
      "l1": 0.002914300363045186,
      "l2": 0.0038630293565802276,
      "cosine": 0.9999707490205765,
      "adjacent_count": 128
    },
    "15": {
      "l1": 0.0027346096467226744,
      "l2": 0.0035956540377810597,
      "cosine": 0.9999744892120361,
      "adjacent_count": 128
    },
    "16": {
      "l1": 0.0028568081906996667,
      "l2": 0.003847896121442318,
      "cosine": 0.9999700337648392,
      "adjacent_count": 128
    },
    "17": {
      "l1": 0.0028725346783176064,
      "l2": 0.0038358381134457886,
      "cosine": 0.999970480799675,
      "adjacent_count": 128
    },
    "18": {
      "l1": 0.0030877821845933795,
      "l2": 0.004137073294259608,
      "cosine": 0.9999658465385437,
      "adjacent_count": 128
    },
    "19": {
      "l1": 0.002978723496198654,
      "l2": 0.003991033474449068,
      "cosine": 0.9999680668115616,
      "adjacent_count": 128
    },
    "20": {
      "l1": 0.0029279968584887683,
      "l2": 0.003933374071493745,
      "cosine": 0.9999689310789108,
      "adjacent_count": 128
    },
    "21": {
      "l1": 0.0031766857719048858,
      "l2": 0.004242643481120467,
      "cosine": 0.9999636858701706,
      "adjacent_count": 128
    },
    "22": {
      "l1": 0.0033276635804213583,
      "l2": 0.0044579062378033996,
      "cosine": 0.9999602437019348,
      "adjacent_count": 128
    },
    "23": {
      "l1": 0.0034060985781252384,
      "l2": 0.004570061806589365,
      "cosine": 0.9999582916498184,
      "adjacent_count": 128
    },
    "24": {
      "l1": 0.0037680043024010956,
      "l2": 0.005057846195995808,
      "cosine": 0.9999499619007111,
      "adjacent_count": 128
    },
    "25": {
      "l1": 0.0038054752512834966,
      "l2": 0.005035086767747998,
      "cosine": 0.9999528527259827,
      "adjacent_count": 128
    },
    "26": {
      "l1": 0.004117370815947652,
      "l2": 0.005361456540413201,
      "cosine": 0.9999484717845917,
      "adjacent_count": 128
    },
    "27": {
      "l1": 0.0038280367152765393,
      "l2": 0.005128993885591626,
      "cosine": 0.9999472200870514,
      "adjacent_count": 128
    },
    "28": {
      "l1": 0.0038584554567933083,
      "l2": 0.005153885926119983,
      "cosine": 0.9999473989009857,
      "adjacent_count": 128
    },
    "29": {
      "l1": 0.00491937471088022,
      "l2": 0.0063581145368516445,
      "cosine": 0.9999225586652756,
      "adjacent_count": 128
    },
    "30": {
      "l1": 0.004486195743083954,
      "l2": 0.0058486920315772295,
      "cosine": 0.9999406933784485,
      "adjacent_count": 128
    },
    "31": {
      "l1": 0.004278562031686306,
      "l2": 0.0057583649177104235,
      "cosine": 0.9999330341815948,
      "adjacent_count": 128
    },
    "32": {
      "l1": 0.004279540269635618,
      "l2": 0.005730423494242132,
      "cosine": 0.9999343901872635,
      "adjacent_count": 128
    },
    "33": {
      "l1": 0.0047497350024059415,
      "l2": 0.006343484856188297,
      "cosine": 0.999918133020401,
      "adjacent_count": 128
    },
    "34": {
      "l1": 0.004810797632671893,
      "l2": 0.006441229721531272,
      "cosine": 0.9999163597822189,
      "adjacent_count": 128
    },
    "35": {
      "l1": 0.005375819629989564,
      "l2": 0.0070244253147393465,
      "cosine": 0.9999089390039444,
      "adjacent_count": 128
    },
    "36": {
      "l1": 0.006188315339386463,
      "l2": 0.007964901626110077,
      "cosine": 0.9998937100172043,
      "adjacent_count": 128
    },
    "37": {
      "l1": 0.004756803042255342,
      "l2": 0.006451146211475134,
      "cosine": 0.9999153465032578,
      "adjacent_count": 128
    },
    "38": {
      "l1": 0.004951713257469237,
      "l2": 0.006708042579703033,
      "cosine": 0.9999085813760757,
      "adjacent_count": 128
    },
    "39": {
      "l1": 0.0058465993497520685,
      "l2": 0.007706933538429439,
      "cosine": 0.9998791813850403,
      "adjacent_count": 128
    },
    "40": {
      "l1": 0.005739989806897938,
      "l2": 0.007568190456368029,
      "cosine": 0.99989053606987,
      "adjacent_count": 128
    },
    "41": {
      "l1": 0.005682521499693394,
      "l2": 0.007558755693025887,
      "cosine": 0.9998871088027954,
      "adjacent_count": 128
    },
    "42": {
      "l1": 0.006243615644052625,
      "l2": 0.008278457215055823,
      "cosine": 0.9998606145381927,
      "adjacent_count": 128
    },
    "43": {
      "l1": 0.006945975124835968,
      "l2": 0.009048725245520473,
      "cosine": 0.9998349547386169,
      "adjacent_count": 128
    },
    "44": {
      "l1": 0.006688595865853131,
      "l2": 0.008659121347591281,
      "cosine": 0.9998767673969269,
      "adjacent_count": 128
    },
    "45": {
      "l1": 0.006163207464851439,
      "l2": 0.008167661726474762,
      "cosine": 0.9998634457588196,
      "adjacent_count": 128
    },
    "46": {
      "l1": 0.006747712614014745,
      "l2": 0.008872962556779385,
      "cosine": 0.9998423755168915,
      "adjacent_count": 128
    },
    "47": {
      "l1": 0.006203623954206705,
      "l2": 0.008304004557430744,
      "cosine": 0.9998620450496674,
      "adjacent_count": 128
    },
    "48": {
      "l1": 0.006002626265399158,
      "l2": 0.008068453753367066,
      "cosine": 0.9998674690723419,
      "adjacent_count": 128
    },