{
  "meta": {
    "mode": "FT",
    "T": 100
  },
  "by_t": {
    "0": {
      "count": 128,
      "l1": 0.0,
      "l2": 9.999999974752427e-07,
      "cosine": 1.0
    },
    "1": {
      "count": 128,
      "l1": 0.002358127443585545,
      "l2": 0.0030265473760664463,
      "cosine": 0.9999819546937943
    },
    "2": {
      "count": 128,
      "l1": 0.004645715234801173,
      "l2": 0.006134251016192138,
      "cosine": 0.9999250322580338
    },
    "3": {
      "count": 128,
      "l1": 0.006549165002070367,
      "l2": 0.008787536062300205,
      "cosine": 0.9998453557491302
    },
    "4": {
      "count": 128,
      "l1": 0.008407218148931861,
      "l2": 0.011404510121792555,
      "cosine": 0.9997387528419495
    },
    "5": {
      "count": 128,
      "l1": 0.01002829265780747,
      "l2": 0.013713119784370065,
      "cosine": 0.9996217340230942
    },
    "6": {
      "count": 128,
      "l1": 0.011539499275386333,
      "l2": 0.015879669692367315,
      "cosine": 0.9994916319847107
    },
    "7": {
      "count": 128,
      "l1": 0.012935855891555548,
      "l2": 0.017882711719721556,
      "cosine": 0.999354213476181
    },
    "8": {
      "count": 128,
      "l1": 0.01425794349052012,
      "l2": 0.019757339265197515,
      "cosine": 0.9992110878229141
    },
    "9": {
      "count": 128,
      "l1": 0.015708115184679627,
      "l2": 0.021850077901035547,
      "cosine": 0.9990332424640656
    },
    "10": {
      "count": 128,
      "l1": 0.01701958104968071,
      "l2": 0.02375904656946659,
      "cosine": 0.9988553076982498
    },
    "11": {
      "count": 128,
      "l1": 0.01802023872733116,
      "l2": 0.025178794749081135,
      "cosine": 0.9987142235040665
    },
    "12": {
      "count": 128,
      "l1": 0.01958154747262597,
      "l2": 0.0274026682600379,
      "cosine": 0.9984762221574783
    },
    "13": {
      "count": 128,
      "l1": 0.020595015957951546,
      "l2": 0.028910739812999964,
      "cosine": 0.9982995837926865
    },
    "14": {
      "count": 128,
      "l1": 0.021940221078693867,
      "l2": 0.030839126091450453,
      "cosine": 0.9980633705854416
    },
    "15": {
      "count": 128,
      "l1": 0.022924885619431734,
      "l2": 0.03230268321931362,
      "cosine": 0.997874915599823
    },
    "16": {
      "count": 128,
      "l1": 0.023825341369956732,
      "l2": 0.0335208922624588,
      "cosine": 0.9977143555879593
    },
    "17": {
      "count": 128,
      "l1": 0.024870423134416342,
      "l2": 0.035108755342662334,
      "cosine": 0.9974871724843979
    },
    "18": {
      "count": 128,
      "l1": 0.025923806708306074,
      "l2": 0.03664709161967039,
      "cosine": 0.9972580969333649
    },
    "19": {
      "count": 128,
      "l1": 0.027079781983047724,
      "l2": 0.038383129984140396,
      "cosine": 0.9969911873340607
    },
    "20": {
      "count": 128,
      "l1": 0.02799619035795331,
      "l2": 0.039728010073304176,
      "cosine": 0.9967741072177887
    },
    "21": {
      "count": 128,
      "l1": 0.028836156241595745,
      "l2": 0.04103022161871195,
      "cosine": 0.9965527802705765
    },
    "22": {
      "count": 128,
      "l1": 0.029671859461814165,
      "l2": 0.04224994499236345,
      "cosine": 0.9963412433862686
    },
    "23": {
      "count": 128,
      "l1": 0.030695140827447176,
      "l2": 0.04378632456064224,
      "cosine": 0.9960636347532272
    },
    "24": {
      "count": 128,
      "l1": 0.0314771831035614,
      "l2": 0.044988201931118965,
      "cosine": 0.9958394765853882
    },
    "25": {
      "count": 128,
      "l1": 0.032754769548773766,
      "l2": 0.04678519628942013,
      "cosine": 0.995502382516861
    },
    "26": {
      "count": 128,
      "l1": 0.033788532949984074,
      "l2": 0.0482006911188364,
      "cosine": 0.9952410012483597
    },
    "27": {
      "count": 128,
      "l1": 0.03453572187572718,
      "l2": 0.049487643875181675,
      "cosine": 0.9949562847614288
    },
    "28": {
      "count": 128,
      "l1": 0.03557504713535309,
      "l2": 0.051022459752857685,
      "cosine": 0.9946301281452179
    },
    "29": {
      "count": 128,
      "l1": 0.03624123241752386,
      "l2": 0.052058699540793896,
      "cosine": 0.9944112151861191
    },
    "30": {
      "count": 128,
      "l1": 0.03746719565242529,
      "l2": 0.05390206631273031,
      "cosine": 0.994000256061554
    },
    "31": {
      "count": 128,
      "l1": 0.03820009808987379,
      "l2": 0.05496038403362036,
      "cosine": 0.9937654286623001
    },
    "32": {
      "count": 128,
      "l1": 0.03896794840693474,
      "l2": 0.05624663271009922,
      "cosine": 0.9934591352939606
    },
    "33": {
      "count": 128,
      "l1": 0.039984311908483505,
      "l2": 0.05770056787878275,
      "cosine": 0.9931180477142334
    },
    "34": {
      "count": 128,
      "l1": 0.04067096672952175,
      "l2": 0.058701314963400364,
      "cosine": 0.9928699284791946
    },
    "35": {
      "count": 128,
      "l1": 0.04211642034351826,
      "l2": 0.06084144487977028,
      "cosine": 0.9923402965068817
    },
    "36": {
      "count": 128,
      "l1": 0.043131143786013126,
      "l2": 0.06236518733203411,
      "cosine": 0.9919299185276031
    },
    "37": {
      "count": 128,
      "l1": 0.04388360306620598,
      "l2": 0.06342501100152731,
      "cosine": 0.9916746616363525
    },
    "38": {
      "count": 128,
      "l1": 0.04471532069146633,
      "l2": 0.06468253023922443,
      "cosine": 0.9913241267204285
    },
    "39": {
      "count": 128,
      "l1": 0.04559767059981823,
      "l2": 0.06609882414340973,
      "cosine": 0.9909172207117081
    },
    "40": {
      "count": 128,
      "l1": 0.04659588448703289,
      "l2": 0.06763962842524052,
      "cosine": 0.9904818534851074
    },
    "41": {
      "count": 128,
      "l1": 0.047763388603925705,
      "l2": 0.06918398477137089,
      "cosine": 0.9900605380535126
    },
    "42": {
      "count": 128,
      "l1": 0.04805736057460308,
      "l2": 0.06985451281070709,
      "cosine": 0.9898279458284378
    },
    "43": {
      "count": 128,
      "l1": 0.04972813930362463,
      "l2": 0.07221939042210579,
      "cosine": 0.9891311526298523
    },
    "44": {
      "count": 128,
      "l1": 0.050259548239409924,
      "l2": 0.07303129136562347,
      "cosine": 0.9888953566551208
    },
    "45": {
      "count": 128,
      "l1": 0.05099856201559305,
      "l2": 0.0743952076882124,
      "cosine": 0.9884108901023865
    },
    "46": {
      "count": 128,
      "l1": 0.05223267991095781,
      "l2": 0.07615021243691444,
      "cosine": 0.9878494888544083
    },
    "47": {
      "count": 128,
      "l1": 0.05280064418911934,
      "l2": 0.07712310552597046,
      "cosine": 0.9875452667474747
    },
    "48": {
      "count": 128,
      "l1": 0.054295082576572895,
      "l2": 0.07911933399736881,
      "cosine": 0.9868942350149155
    },
    "49": {
      "count": 128,
      "l1": 0.05485333129763603,
      "l2": 0.08004297316074371,
      "cosine": 0.9865544140338898
    },
    "50": {
      "count": 128,
      "l1": 0.05592404864728451,
      "l2": 0.081368088722229,
      "cosine": 0.9861610978841782
    },
    "51": {
      "count": 128,
      "l1": 0.05716495029628277,
      "l2": 0.08343848958611488,
      "cosine": 0.985399603843689
    },
    "52": {
      "count": 128,
      "l1": 0.05807661172002554,
      "l2": 0.08452660031616688,
      "cosine": 0.9850590229034424
    },
    "53": {
      "count": 128,
      "l1": 0.05897887982428074,
      "l2": 0.08593601919710636,
      "cosine": 0.9845259040594101
    },
    "54": {
      "count": 128,
      "l1": 0.06065275985747576,
      "l2": 0.08817162364721298,
      "cosine": 0.9837037771940231
    },
    "55": {
      "count": 128,
      "l1": 0.06114340387284756,
      "l2": 0.08888699300587177,
      "cosine": 0.9833774864673615
    },
    "56": {
      "count": 128,
      "l1": 0.06270258221775293,
      "l2": 0.09171240590512753,