{
  "meta": {
    "mode": "FT",
    "T": 100,
    "seed": 0,
    "num_images": 128,
    "hist_bins": 4096,
    "hist_min": -1.0,
    "hist_max": 1.0,
    "boundary_nan_policy": "first_step_or_last_step_has_no_adjacent_comparison",
    "nan_when_adjacent_count_zero": true,
    "note": "Adjacent delta compares pred_xstart at t with previous yielded timestep; the first yielded step per chunk has no neighbor.",
    "nan_explanation": "Timesteps with adjacent_count==0 have no valid adjacent comparison (boundary of the DDIM chain per chunk)."
  },
  "by_t": {
    "0": {
      "l1": 0.002358127443585545,
      "l2": 0.0030265473760664463,
      "cosine": 0.9999819546937943,
      "adjacent_count": 128
    },
    "1": {
      "l1": 0.0028438583249226213,
      "l2": 0.0037998087354935706,
      "cosine": 0.9999711513519287,
      "adjacent_count": 128
    },
    "2": {
      "l1": 0.0026281190221197903,
      "l2": 0.0035278074792586267,
      "cosine": 0.9999751597642899,
      "adjacent_count": 128
    },
    "3": {
      "l1": 0.002565234899520874,
      "l2": 0.003455843369010836,
      "cosine": 0.9999760240316391,
      "adjacent_count": 128
    },
    "4": {
      "l1": 0.0024131627869792283,
      "l2": 0.003263039223384112,
      "cosine": 0.9999787211418152,
      "adjacent_count": 128
    },
    "5": {
      "l1": 0.0024485255125910044,
      "l2": 0.003301543474663049,
      "cosine": 0.9999781399965286,
      "adjacent_count": 128
    },
    "6": {
      "l1": 0.002340485341846943,
      "l2": 0.0031563700758852065,
      "cosine": 0.9999799579381943,
      "adjacent_count": 128
    },
    "7": {
      "l1": 0.002488080586772412,
      "l2": 0.003312166780233383,
      "cosine": 0.9999782741069794,
      "adjacent_count": 128
    },
    "8": {
      "l1": 0.0025436244322918355,
      "l2": 0.003438990854192525,
      "cosine": 0.9999761134386063,
      "adjacent_count": 128
    },
    "9": {
      "l1": 0.0024982639588415623,
      "l2": 0.0033257369068451226,
      "cosine": 0.9999778270721436,
      "adjacent_count": 128
    },
    "10": {
      "l1": 0.0027149581001140177,
      "l2": 0.0035631494247354567,
      "cosine": 0.99997478723526,
      "adjacent_count": 128
    },
    "11": {
      "l1": 0.0034377037081867456,
      "l2": 0.004408460110425949,
      "cosine": 0.9999613463878632,
      "adjacent_count": 128
    },
    "12": {
      "l1": 0.002656559692695737,
      "l2": 0.003547248605173081,
      "cosine": 0.9999746084213257,
      "adjacent_count": 128
    },
    "13": {
      "l1": 0.0027703482774086297,
      "l2": 0.0036887614405713975,
      "cosine": 0.9999727606773376,
      "adjacent_count": 128
    },
    "14": {
      "l1": 0.0029124857392162085,
      "l2": 0.0038652601651847363,
      "cosine": 0.9999705851078033,
      "adjacent_count": 128
    },
    "15": {
      "l1": 0.0027500728610903025,
      "l2": 0.003609486564528197,
      "cosine": 0.999974325299263,
      "adjacent_count": 128
    },
    "16": {
      "l1": 0.002865621412638575,
      "l2": 0.00386611744761467,
      "cosine": 0.9999696612358093,
      "adjacent_count": 128
    },
    "17": {
      "l1": 0.0028753128135576844,
      "l2": 0.0038476850604638457,
      "cosine": 0.9999700486660004,
      "adjacent_count": 128
    },
    "18": {
      "l1": 0.0030790504533797503,
      "l2": 0.004123144666664302,
      "cosine": 0.9999660700559616,
      "adjacent_count": 128
    },
    "19": {
      "l1": 0.0029792662244290113,
      "l2": 0.003981435555033386,
      "cosine": 0.9999680519104004,
      "adjacent_count": 128
    },
    "20": {
      "l1": 0.002950405003502965,
      "l2": 0.003958131070248783,
      "cosine": 0.9999684542417526,
      "adjacent_count": 128
    },
    "21": {
      "l1": 0.003212752053514123,
      "l2": 0.004277853877283633,
      "cosine": 0.9999630898237228,
      "adjacent_count": 128
    },
    "22": {
      "l1": 0.0033229757100343704,
      "l2": 0.004447827348485589,
      "cosine": 0.9999602437019348,
      "adjacent_count": 128
    },
    "23": {
      "l1": 0.0034196217893622816,
      "l2": 0.004588166368193924,
      "cosine": 0.9999576956033707,
      "adjacent_count": 128
    },
    "24": {
      "l1": 0.0037587041151709855,
      "l2": 0.005035210866481066,
      "cosine": 0.9999500960111618,
      "adjacent_count": 128
    },
    "25": {
      "l1": 0.0038129935855977237,
      "l2": 0.005035672103986144,
      "cosine": 0.9999527484178543,
      "adjacent_count": 128
    },
    "26": {
      "l1": 0.004054921795614064,
      "l2": 0.005282299593091011,
      "cosine": 0.9999495297670364,
      "adjacent_count": 128
    },
    "27": {
      "l1": 0.0038339406601153314,
      "l2": 0.005129127064719796,
      "cosine": 0.9999468475580215,
      "adjacent_count": 128
    },
    "28": {
      "l1": 0.0038660199497826397,
      "l2": 0.0051612978568300605,
      "cosine": 0.9999469220638275,
      "adjacent_count": 128
    },
    "29": {
      "l1": 0.0049146885285153985,
      "l2": 0.006356366677209735,
      "cosine": 0.9999221712350845,
      "adjacent_count": 128
    },
    "30": {
      "l1": 0.004529200494289398,
      "l2": 0.005899632582440972,
      "cosine": 0.9999395459890366,
      "adjacent_count": 128
    },
    "31": {
      "l1": 0.0042888656025752425,
      "l2": 0.005779616651125252,
      "cosine": 0.999931737780571,
      "adjacent_count": 128
    },
    "32": {
      "l1": 0.0042887741001322865,
      "l2": 0.005744068883359432,
      "cosine": 0.9999339133501053,
      "adjacent_count": 128
    },
    "33": {
      "l1": 0.00483419222291559,
      "l2": 0.006425256724469364,
      "cosine": 0.999915823340416,
      "adjacent_count": 128
    },
    "34": {
      "l1": 0.004914136370643973,
      "l2": 0.006557685788720846,
      "cosine": 0.999913364648819,
      "adjacent_count": 128
    },
    "35": {
      "l1": 0.005389844882301986,
      "l2": 0.007034318638034165,
      "cosine": 0.999907985329628,
      "adjacent_count": 128
    },
    "36": {
      "l1": 0.006242825533263385,
      "l2": 0.00803534290753305,
      "cosine": 0.999891608953476,
      "adjacent_count": 128
    },
    "37": {
      "l1": 0.004751640721224248,
      "l2": 0.006432929541915655,
      "cosine": 0.9999150633811951,
      "adjacent_count": 128
    },
    "38": {
      "l1": 0.004922503139823675,
      "l2": 0.00667117047123611,
      "cosine": 0.9999092221260071,
      "adjacent_count": 128
    },
    "39": {
      "l1": 0.0057082101702690125,
      "l2": 0.0075300728203728795,
      "cosine": 0.9998834282159805,
      "adjacent_count": 128
    },
    "40": {
      "l1": 0.005696911015547812,
      "l2": 0.007514764321967959,
      "cosine": 0.9998914152383804,
      "adjacent_count": 128
    },
    "41": {
      "l1": 0.005628562648780644,
      "l2": 0.00747955939732492,
      "cosine": 0.9998878836631775,
      "adjacent_count": 128
    },
    "42": {
      "l1": 0.006157438736408949,
      "l2": 0.008189753396436572,
      "cosine": 0.9998634904623032,
      "adjacent_count": 128
    },
    "43": {
      "l1": 0.006921269348822534,
      "l2": 0.009020194876939058,
      "cosine": 0.9998367875814438,
      "adjacent_count": 128
    },
    "44": {
      "l1": 0.0066762506030499935,
      "l2": 0.00861181179061532,
      "cosine": 0.9998772740364075,
      "adjacent_count": 128
    },
    "45": {
      "l1": 0.00614190986379981,
      "l2": 0.008151458343490958,
      "cosine": 0.9998631328344345,
      "adjacent_count": 128
    },
    "46": {
      "l1": 0.0067304878029972315,
      "l2": 0.008859724970534444,
      "cosine": 0.9998441338539124,
      "adjacent_count": 128
    },
    "47": {
      "l1": 0.00619680539239198,
      "l2": 0.008284487994387746,
      "cosine": 0.9998621642589569,
      "adjacent_count": 128
    },
    "48": {
      "l1": 0.006029660231433809,
      "l2": 0.00807280302979052,
      "cosine": 0.9998674988746643,
      "adjacent_count": 128
    },