{
  "meta": {
    "mode": "FT",
    "T": 100,
    "seed": 0,
    "num_images": 128,
    "hist_bins": 4096,
    "hist_min": -1.0,
    "hist_max": 1.0
  },
  "by_t": {
    "0": {
      "l1": 0.00235796719789505,
      "l2": 0.003026357851922512,
      "cosine": 0.9999819397926331,
      "count": 128
    },
    "1": {
      "l1": 0.0028458633460104465,
      "l2": 0.003802844090387225,
      "cosine": 0.9999710917472839,
      "count": 128
    },
    "2": {
      "l1": 0.0026289874222129583,
      "l2": 0.00352849205955863,
      "cosine": 0.9999750852584839,
      "count": 128
    },
    "3": {
      "l1": 0.0025610821321606636,
      "l2": 0.003450881689786911,
      "cosine": 0.9999761581420898,
      "count": 128
    },
    "4": {
      "l1": 0.0024116355925798416,
      "l2": 0.0032595789525657892,
      "cosine": 0.9999787211418152,
      "count": 128
    },
    "5": {
      "l1": 0.002452004933729768,
      "l2": 0.0033079800195991993,
      "cosine": 0.9999780654907227,
      "count": 128
    },
    "6": {
      "l1": 0.002341160085052252,
      "l2": 0.003156647551804781,
      "cosine": 0.9999799728393555,
      "count": 128
    },
    "7": {
      "l1": 0.0024902522563934326,
      "l2": 0.003313279477879405,
      "cosine": 0.9999783039093018,
      "count": 128
    },
    "8": {
      "l1": 0.0025432188995182514,
      "l2": 0.003437652485445142,
      "cosine": 0.9999761581420898,
      "count": 128
    },
    "9": {
      "l1": 0.0025030886754393578,
      "l2": 0.003333228873088956,
      "cosine": 0.999977707862854,
      "count": 128
    },
    "10": {
      "l1": 0.002710781991481781,
      "l2": 0.003555371891707182,
      "cosine": 0.9999749660491943,
      "count": 128
    },
    "11": {
      "l1": 0.0034380131401121616,
      "l2": 0.004409513436257839,
      "cosine": 0.9999613761901855,
      "count": 128
    },
    "12": {
      "l1": 0.0026490071322768927,
      "l2": 0.0035342229530215263,
      "cosine": 0.9999748468399048,
      "count": 128
    },
    "13": {
      "l1": 0.0027757911011576653,
      "l2": 0.003694773418828845,
      "cosine": 0.9999726414680481,
      "count": 128
    },
    "14": {
      "l1": 0.002908148104324937,
      "l2": 0.0038591783959418535,
      "cosine": 0.9999706745147705,
      "count": 128
    },
    "15": {
      "l1": 0.0027489648200571537,
      "l2": 0.003608781611546874,
      "cosine": 0.999974250793457,
      "count": 128
    },
    "16": {
      "l1": 0.002858411055058241,
      "l2": 0.003857857082039118,
      "cosine": 0.9999697208404541,
      "count": 128
    },
    "17": {
      "l1": 0.0028840498998761177,
      "l2": 0.003850674955174327,
      "cosine": 0.9999700784683228,
      "count": 128
    },
    "18": {
      "l1": 0.0030911811627447605,
      "l2": 0.004141021519899368,
      "cosine": 0.9999656677246094,
      "count": 128
    },
    "19": {
      "l1": 0.002988209016621113,
      "l2": 0.004003037698566914,
      "cosine": 0.999967634677887,
      "count": 128
    },
    "20": {
      "l1": 0.002947126515209675,
      "l2": 0.003955427557229996,
      "cosine": 0.9999685287475586,
      "count": 128
    },
    "21": {
      "l1": 0.003212105482816696,
      "l2": 0.004273310303688049,
      "cosine": 0.9999631643295288,
      "count": 128
    },
    "22": {
      "l1": 0.0033208485692739487,
      "l2": 0.004452813882380724,
      "cosine": 0.9999603033065796,
      "count": 128
    },
    "23": {
      "l1": 0.003403288312256336,
      "l2": 0.00456357141956687,
      "cosine": 0.9999580383300781,
      "count": 128
    },
    "24": {
      "l1": 0.0037661013193428516,
      "l2": 0.005043459590524435,
      "cosine": 0.9999498128890991,
      "count": 128
    },
    "25": {
      "l1": 0.0038380578625947237,
      "l2": 0.005061304196715355,
      "cosine": 0.9999523162841797,
      "count": 128
    },
    "26": {
      "l1": 0.004063228145241737,
      "l2": 0.005291007459163666,
      "cosine": 0.9999493360519409,
      "count": 128
    },
    "27": {
      "l1": 0.003853410016745329,
      "l2": 0.005164073780179024,
      "cosine": 0.9999462366104126,
      "count": 128
    },
    "28": {
      "l1": 0.003890102729201317,
      "l2": 0.005195026285946369,
      "cosine": 0.9999462366104126,
      "count": 128
    },
    "29": {
      "l1": 0.004953599069267511,
      "l2": 0.006406695116311312,
      "cosine": 0.999920666217804,
      "count": 128
    },
    "30": {
      "l1": 0.004535965155810118,
      "l2": 0.005903130397200584,
      "cosine": 0.9999395608901978,
      "count": 128
    },
    "31": {
      "l1": 0.004272013902664185,
      "l2": 0.005747777409851551,
      "cosine": 0.999932587146759,
      "count": 128
    },
    "32": {
      "l1": 0.004303226247429848,
      "l2": 0.00576841551810503,
      "cosine": 0.9999332427978516,
      "count": 128
    },
    "33": {
      "l1": 0.00484972121194005,
      "l2": 0.006450622342526913,
      "cosine": 0.9999150037765503,
      "count": 128
    },
    "34": {
      "l1": 0.004866602830588818,
      "l2": 0.006496094167232513,
      "cosine": 0.999915361404419,
      "count": 128
    },
    "35": {
      "l1": 0.005388339981436729,
      "l2": 0.007032676599919796,
      "cosine": 0.9999077320098877,
      "count": 128
    },
    "36": {
      "l1": 0.0062592835165560246,
      "l2": 0.008050762116909027,
      "cosine": 0.9998911619186401,
      "count": 128
    },
    "37": {
      "l1": 0.004769445862621069,
      "l2": 0.006478729657828808,
      "cosine": 0.9999135732650757,
      "count": 128
    },
    "38": {
      "l1": 0.004915214609354734,
      "l2": 0.006656883284449577,
      "cosine": 0.9999096989631653,
      "count": 128
    },
    "39": {
      "l1": 0.005734434351325035,
      "l2": 0.007566304411739111,
      "cosine": 0.9998823404312134,
      "count": 128
    },
    "40": {
      "l1": 0.00573499733582139,
      "l2": 0.007563282735645771,
      "cosine": 0.9998895525932312,
      "count": 128
    },
    "41": {
      "l1": 0.005648329854011536,
      "l2": 0.007510206662118435,
      "cosine": 0.9998867511749268,
      "count": 128
    },
    "42": {
      "l1": 0.006194305140525103,
      "l2": 0.008219940587878227,
      "cosine": 0.9998621344566345,
      "count": 128
    },
    "43": {
      "l1": 0.006970701739192009,
      "l2": 0.00908096507191658,
      "cosine": 0.9998338222503662,
      "count": 128
    },
    "44": {
      "l1": 0.006647506728768349,
      "l2": 0.008605195209383965,
      "cosine": 0.9998766183853149,
      "count": 128
    },
    "45": {
      "l1": 0.006152091547846794,
      "l2": 0.008166274055838585,
      "cosine": 0.9998631477355957,
      "count": 128
    },
    "46": {
      "l1": 0.006709718611091375,
      "l2": 0.008836433291435242,
      "cosine": 0.9998435974121094,
      "count": 128
    },
    "47": {
      "l1": 0.0061609805561602116,
      "l2": 0.008238036185503006,
      "cosine": 0.9998636245727539,
      "count": 128
    },
    "48": {
      "l1": 0.006044368259608746,
      "l2": 0.008106681518256664,
      "cosine": 0.9998664855957031,
      "count": 128
    },
    "49": {
      "l1": 0.00786128081381321,
      "l2": 0.010317438282072544,
      "cosine": 0.9997904300689697,
      "count": 128
    },
    "50": {
      "l1": 0.007280612364411354,
      "l2": 0.009638138115406036,
      "cosine": 0.9998090267181396,
      "count": 128
    },
    "51": {
      "l1": 0.008530328050255775,
      "l2": 0.011104971170425415,
      "cosine": 0.9997565746307373,
      "count": 128
    },
    "52": {
      "l1": 0.006989622488617897,
      "l2": 0.009300966747105122,
      "cosine": 0.9998210668563843,
      "count": 128
    },
    "53": {
      "l1": 0.0075849671848118305,
      "l2": 0.010096408426761627,
      "cosine": 0.9997857809066772,
      "count": 128
    },
    "54": {
      "l1": 0.008633727207779884,
      "l2": 0.011269878596067429,
      "cosine": 0.9997467994689941,
      "count": 128
    },